"Labour force characteristics by gender and detailed age group, monthly, unadjusted for seasonality (x 1,000) 1 2"
"Frequency: Monthly"
"Table: 14-10-0017-01 (formerly CANSIM 282-0001)"
"Release date: 2026-04-10"
"Geography: Canada, Province or territory"
""
""

,"Geography 3","Canada",,,,,,,,,,,,,,,,,,,,,,,,,,,,,,,,,,,,,,,,,,,,,,,,,,,,,,,,,,,,,,,,,,,,,,,,,,,,,,,,,,,,,,,,,,,,,,,,,,,,,,,,,,,,,,,,,,,,,,,,,,,,,,,,,,,,,,,,,,,,,,,,,,,,,,,,,,,,,,,,,,,,,,,,,,,,,,,,,,,,,,,,,,,,,,,,,,,,,,,,,,,,,,,,,,,,,,,,,,,,,,,,,,,,,,,,,,,,,,,,,,,,,,,,,,,,,,,,,,,,,,,,,,,,,,,,,,,,,,,,,,,,,,,,,,,,,,,,,,,,,,,,,,,,,,,,,,,,,,,,,,,,,,,,,,,,,,,,,,,,,,,,,,,,,,,,,,,,,,,,,,,,,,,,,,,,,,,,,,,,,,,,,,,,,,,,,,,,,,,,,,,,,,,,,,,,,,,,,,,,,,,,,,,,,,,,,,,,,,,,,,,,,,,,,,,,,,,,,,,,,,,,,,,,,,,,,,,,,,,,,,,,,,,,,,,,,,,,,,,,,,,,,,,,,,,,,,,,,,,,,,,,,,,,,,,,,,,,,,,,,,,,,,,,,,,,,,,,,,,,,,,,,,,,,,,,,,,,,,,,,,,,,,,,,,,,,,,,,,,,,,
,"Labour force characteristics","Employment 4",,,,,,,,,,,,,,,,,,,,,,,,,,,,,,,,,,,,,,,,,,,,,,,,,,,,,,,,,,,,,,,,,,,,,,,,,,,,,,,,,,,,,,,,,,,,,,,,,,,,,,,,,,,,,,,,,,,,,,,,,,,,,,,,,,,,,,,,,,,,,,,,,,,,,,,,,,,,,,,,,,,,,,,,,,,,,,,,,,,,,,,,,,,,,,,,,,,,,,,,,,,,,,,,,,,,,,,,,,,,,,,,,,,,,,,,,,,,,,,,,,,,,,,,,,,,,,,,,,,,,,,,,,,,,,,,,,,,,,,,,,,,,,,,,,,,,,,,,,,,,,,,,,,,,,,,,,,,,,,,,,,,,,,,,,,,,,,,,,,,,,,,,,,,,,,,,,,,,,,,,,,,,,,,,,,,,,,,,,,,,,,,,,,,,,,,,,,,,,,,,,,,,,,,,,,,,,,,,,,,,,,,,,,,,,,,,,,,,,,,,,,,,,,,,,,,,,,,,,,,,,,,,,,,,,,,,,,,,,,,,,,,,,,,,,,,,,,,,,,,,,,,,,,,,,,,,,,,,,,,,,,,,,,,,,,,,,,,,,,,,,,,,,,,,,,,,,,,,,,,,,,,,,,,,,,,,,,,,,,,,,,,,,,,,,,,,,,,,,,,,,
"Gender 5 6","Age group","January 1976","February 1976","March 1976","April 1976","May 1976","June 1976","July 1976","August 1976","September 1976","October 1976","November 1976","December 1976","January 1977","February 1977","March 1977","April 1977","May 1977","June 1977","July 1977","August 1977","September 1977","October 1977","November 1977","December 1977","January 1978","February 1978","March 1978","April 1978","May 1978","June 1978","July 1978","August 1978","September 1978","October 1978","November 1978","December 1978","January 1979","February 1979","March 1979","April 1979","May 1979","June 1979","July 1979","August 1979","September 1979","October 1979","November 1979","December 1979","January 1980","February 1980","March 1980","April 1980","May 1980","June 1980","July 1980","August 1980","September 1980","October 1980","November 1980","December 1980","January 1981","February 1981","March 1981","April 1981","May 1981","June 1981","July 1981","August 1981","September 1981","October 1981","November 1981","December 1981","January 1982","February 1982","March 1982","April 1982","May 1982","June 1982","July 1982","August 1982","September 1982","October 1982","November 1982","December 1982","January 1983","February 1983","March 1983","April 1983","May 1983","June 1983","July 1983","August 1983","September 1983","October 1983","November 1983","December 1983","January 1984","February 1984","March 1984","April 1984","May 1984","June 1984","July 1984","August 1984","September 1984","October 1984","November 1984","December 1984","January 1985","February 1985","March 1985","April 1985","May 1985","June 1985","July 1985","August 1985","September 1985","October 1985","November 1985","December 1985","January 1986","February 1986","March 1986","April 1986","May 1986","June 1986","July 1986","August 1986","September 1986","October 1986","November 1986","December 1986","January 1987","February 1987","March 1987","April 1987","May 1987","June 1987","July 1987","August 1987","September 1987","October 1987","November 1987","December 1987","January 1988","February 1988","March 1988","April 1988","May 1988","June 1988","July 1988","August 1988","September 1988","October 1988","November 1988","December 1988","January 1989","February 1989","March 1989","April 1989","May 1989","June 1989","July 1989","August 1989","September 1989","October 1989","November 1989","December 1989","January 1990","February 1990","March 1990","April 1990","May 1990","June 1990","July 1990","August 1990","September 1990","October 1990","November 1990","December 1990","January 1991","February 1991","March 1991","April 1991","May 1991","June 1991","July 1991","August 1991","September 1991","October 1991","November 1991","December 1991","January 1992","February 1992","March 1992","April 1992","May 1992","June 1992","July 1992","August 1992","September 1992","October 1992","November 1992","December 1992","January 1993","February 1993","March 1993","April 1993","May 1993","June 1993","July 1993","August 1993","September 1993","October 1993","November 1993","December 1993","January 1994","February 1994","March 1994","April 1994","May 1994","June 1994","July 1994","August 1994","September 1994","October 1994","November 1994","December 1994","January 1995","February 1995","March 1995","April 1995","May 1995","June 1995","July 1995","August 1995","September 1995","October 1995","November 1995","December 1995","January 1996","February 1996","March 1996","April 1996","May 1996","June 1996","July 1996","August 1996","September 1996","October 1996","November 1996","December 1996","January 1997","February 1997","March 1997","April 1997","May 1997","June 1997","July 1997","August 1997","September 1997","October 1997","November 1997","December 1997","January 1998","February 1998","March 1998","April 1998","May 1998","June 1998","July 1998","August 1998","September 1998","October 1998","November 1998","December 1998","January 1999","February 1999","March 1999","April 1999","May 1999","June 1999","July 1999","August 1999","September 1999","October 1999","November 1999","December 1999","January 2000","February 2000","March 2000","April 2000","May 2000","June 2000","July 2000","August 2000","September 2000","October 2000","November 2000","December 2000","January 2001","February 2001","March 2001","April 2001","May 2001","June 2001","July 2001","August 2001","September 2001","October 2001","November 2001","December 2001","January 2002","February 2002","March 2002","April 2002","May 2002","June 2002","July 2002","August 2002","September 2002","October 2002","November 2002","December 2002","January 2003","February 2003","March 2003","April 2003","May 2003","June 2003","July 2003","August 2003","September 2003","October 2003","November 2003","December 2003","January 2004","February 2004","March 2004","April 2004","May 2004","June 2004","July 2004","August 2004","September 2004","October 2004","November 2004","December 2004","January 2005","February 2005","March 2005","April 2005","May 2005","June 2005","July 2005","August 2005","September 2005","October 2005","November 2005","December 2005","January 2006","February 2006","March 2006","April 2006","May 2006","June 2006","July 2006","August 2006","September 2006","October 2006","November 2006","December 2006","January 2007","February 2007","March 2007","April 2007","May 2007","June 2007","July 2007","August 2007","September 2007","October 2007","November 2007","December 2007","January 2008","February 2008","March 2008","April 2008","May 2008","June 2008","July 2008","August 2008","September 2008","October 2008","November 2008","December 2008","January 2009","February 2009","March 2009","April 2009","May 2009","June 2009","July 2009","August 2009","September 2009","October 2009","November 2009","December 2009","January 2010","February 2010","March 2010","April 2010","May 2010","June 2010","July 2010","August 2010","September 2010","October 2010","November 2010","December 2010","January 2011","February 2011","March 2011","April 2011","May 2011","June 2011","July 2011","August 2011","September 2011","October 2011","November 2011","December 2011","January 2012","February 2012","March 2012","April 2012","May 2012","June 2012","July 2012","August 2012","September 2012","October 2012","November 2012","December 2012","January 2013","February 2013","March 2013","April 2013","May 2013","June 2013","July 2013","August 2013","September 2013","October 2013","November 2013","December 2013","January 2014","February 2014","March 2014","April 2014","May 2014","June 2014","July 2014","August 2014","September 2014","October 2014","November 2014","December 2014","January 2015","February 2015","March 2015","April 2015","May 2015","June 2015","July 2015","August 2015","September 2015","October 2015","November 2015","December 2015","January 2016","February 2016","March 2016","April 2016","May 2016","June 2016","July 2016","August 2016","September 2016","October 2016","November 2016","December 2016","January 2017","February 2017","March 2017","April 2017","May 2017","June 2017","July 2017","August 2017","September 2017","October 2017","November 2017","December 2017","January 2018","February 2018","March 2018","April 2018","May 2018","June 2018","July 2018","August 2018","September 2018","October 2018","November 2018","December 2018","January 2019","February 2019","March 2019","April 2019","May 2019","June 2019","July 2019","August 2019","September 2019","October 2019","November 2019","December 2019","January 2020","February 2020","March 2020","April 2020","May 2020","June 2020","July 2020","August 2020","September 2020","October 2020","November 2020","December 2020","January 2021","February 2021","March 2021","April 2021","May 2021","June 2021","July 2021","August 2021","September 2021","October 2021","November 2021","December 2021","January 2022","February 2022","March 2022","April 2022","May 2022","June 2022","July 2022","August 2022","September 2022","October 2022","November 2022","December 2022","January 2023","February 2023","March 2023","April 2023","May 2023","June 2023","July 2023","August 2023","September 2023","October 2023","November 2023","December 2023","January 2024","February 2024","March 2024","April 2024","May 2024","June 2024","July 2024","August 2024","September 2024","October 2024","November 2024","December 2024","January 2025","February 2025","March 2025","April 2025","May 2025","June 2025","July 2025","August 2025","September 2025","October 2025","November 2025","December 2025","January 2026","February 2026","March 2026"
,,"Persons in thousands",,,,,,,,,,,,,,,,,,,,,,,,,,,,,,,,,,,,,,,,,,,,,,,,,,,,,,,,,,,,,,,,,,,,,,,,,,,,,,,,,,,,,,,,,,,,,,,,,,,,,,,,,,,,,,,,,,,,,,,,,,,,,,,,,,,,,,,,,,,,,,,,,,,,,,,,,,,,,,,,,,,,,,,,,,,,,,,,,,,,,,,,,,,,,,,,,,,,,,,,,,,,,,,,,,,,,,,,,,,,,,,,,,,,,,,,,,,,,,,,,,,,,,,,,,,,,,,,,,,,,,,,,,,,,,,,,,,,,,,,,,,,,,,,,,,,,,,,,,,,,,,,,,,,,,,,,,,,,,,,,,,,,,,,,,,,,,,,,,,,,,,,,,,,,,,,,,,,,,,,,,,,,,,,,,,,,,,,,,,,,,,,,,,,,,,,,,,,,,,,,,,,,,,,,,,,,,,,,,,,,,,,,,,,,,,,,,,,,,,,,,,,,,,,,,,,,,,,,,,,,,,,,,,,,,,,,,,,,,,,,,,,,,,,,,,,,,,,,,,,,,,,,,,,,,,,,,,,,,,,,,,,,,,,,,,,,,,,,,,,,,,,,,,,,,,,,,,,,,,,,,,,,,,,,,,,,,,,,,,,,,,,,,,,,,,,,,,,,,,,,,
"Total - Gender","15 years and over","9,271.4","9,324.5","9,428.4","9,503.0","9,766.4","10,030.9","10,221.8","10,206.6","9,864.0","9,844.1","9,789.7","9,719.1","9,485.7","9,534.7","9,591.3","9,649.1","9,996.2","10,183.0","10,373.3","10,369.5","10,004.4","10,025.5","9,939.6","9,853.5","9,625.0","9,728.8","9,828.7","9,877.5","10,224.0","10,481.7","10,723.9","10,732.1","10,371.1","10,433.8","10,350.3","10,266.5","10,075.5","10,145.4","10,264.2","10,343.8","10,684.2","10,923.1","11,199.3","11,204.0","10,819.8","10,866.1","10,798.4","10,699.1","10,508.8","10,551.0","10,629.6","10,705.0","10,952.9","11,274.8","11,425.7","11,442.2","11,123.3","11,142.1","11,083.3","10,970.0","10,806.4","10,929.7","10,984.9","11,071.5","11,405.1","11,717.0","11,835.7","11,836.6","11,399.9","11,360.5","11,247.1","11,065.9","10,801.5","10,823.4","10,858.1","10,834.8","11,078.7","11,260.8","11,355.3","11,242.8","10,879.0","10,852.6","10,721.9","10,615.1","10,400.1","10,484.0","10,600.5","10,692.2","11,058.4","11,336.4","11,535.9","11,540.9","11,245.2","11,229.2","11,114.9","11,026.3","10,756.2","10,863.8","10,926.7","10,988.6","11,346.3","11,619.7","11,839.9","11,774.6","11,439.7","11,446.4","11,337.6","11,281.3","11,106.5","11,164.5","11,248.2","11,359.7","11,717.2","11,925.3","12,155.7","12,139.3","11,794.8","11,811.2","11,764.0","11,709.6","11,523.4","11,579.2","11,645.3","11,791.8","12,080.7","12,373.4","12,480.7","12,452.3","12,102.2","12,116.3","12,026.0","11,930.8","11,714.4","11,794.0","11,881.9","12,011.1","12,383.7","12,666.0","12,799.4","12,808.8","12,489.8","12,550.0","12,464.4","12,432.9","12,199.5","12,302.6","12,362.0","12,440.6","12,809.2","13,025.3","13,157.2","13,127.2","12,806.4","12,842.2","12,743.4","12,699.4","12,551.9","12,595.3","12,678.1","12,711.9","13,076.3","13,301.5","13,424.4","13,448.1","13,114.4","13,121.0","13,004.3","12,926.7","12,717.8","12,787.5","12,815.8","12,924.1","13,202.1","13,448.6","13,568.0","13,515.8","13,186.6","13,138.5","12,935.7","12,796.2","12,508.9","12,504.2","12,507.4","12,626.7","12,969.7","13,189.3","13,309.4","13,281.1","12,969.7","12,966.8","12,782.4","12,672.7","12,396.8","12,432.8","12,424.6","12,490.1","12,814.6","13,067.2","13,153.9","13,097.2","12,815.3","12,819.5","12,671.3","12,587.8","12,346.3","12,425.7","12,465.5","12,496.8","12,829.3","13,123.5","13,202.9","13,177.6","12,954.7","12,926.8","12,844.7","12,719.2","12,440.5","12,555.2","12,620.1","12,683.0","13,124.4","13,378.5","13,507.4","13,494.1","13,290.1","13,261.5","13,227.1","13,123.0","12,894.4","12,925.9","12,985.1","13,005.6","13,372.4","13,605.7","13,678.5","13,676.7","13,445.3","13,431.3","13,283.5","13,240.2","12,997.9","13,067.6","13,086.3","13,179.8","13,521.0","13,717.2","13,841.4","13,839.0","13,531.6","13,486.8","13,403.9","13,369.1","13,147.7","13,215.3","13,289.6","13,355.9","13,732.9","14,040.7","14,117.3","14,172.5","13,923.8","13,901.5","13,820.2","13,780.6","13,474.6","13,597.2","13,654.9","13,766.5","14,091.5","14,341.2","14,441.0","14,468.4","14,235.5","14,224.5","14,162.4","14,106.4","13,881.5","13,952.6","13,988.3","14,102.3","14,454.5","14,698.7","14,804.6","14,776.0","14,556.5","14,575.2","14,517.4","14,516.2","14,257.0","14,363.7","14,418.0","14,493.1","14,874.9","15,056.3","15,112.9","15,097.0","14,883.9","14,896.3","14,846.2","14,822.2","14,526.0","14,572.4","14,619.1","14,724.3","15,080.9","15,230.6","15,297.8","15,273.1","15,029.5","15,023.0","14,951.4","14,859.5","14,659.9","14,732.8","14,846.7","14,968.3","15,352.0","15,597.9","15,688.9","15,740.1","15,498.9","15,496.3","15,464.6","15,449.5","15,179.3","15,291.4","15,339.6","15,386.7","15,700.7","15,984.7","16,002.9","15,971.9","15,750.1","15,801.8","15,772.6","15,748.4","15,452.4","15,513.4","15,538.0","15,663.0","16,016.3","16,273.7","16,287.8","16,224.4","16,023.1","16,049.3","15,993.7","15,945.2","15,658.4","15,742.1","15,754.4","15,850.3","16,242.5","16,446.2","16,482.8","16,460.9","16,200.5","16,266.6","16,222.3","16,155.2","15,921.3","15,992.8","16,056.8","16,152.9","16,619.2","16,775.4","16,778.5","16,711.0","16,482.5","16,537.7","16,469.1","16,467.8","16,264.2","16,338.9","16,379.6","16,467.1","16,853.9","17,071.8","17,138.0","17,097.3","16,841.4","16,926.1","16,883.0","16,820.6","16,586.6","16,678.7","16,692.3","16,772.3","17,145.2","17,371.6","17,306.2","17,290.6","17,092.8","17,151.0","16,984.8","16,889.9","16,470.4","16,489.5","16,449.1","16,536.4","16,890.3","17,078.0","16,995.3","16,974.8","16,810.4","16,824.7","16,827.0","16,719.4","16,470.5","16,531.3","16,554.6","16,731.9","17,089.6","17,386.5","17,322.7","17,297.7","17,122.5","17,105.7","17,090.0","17,035.3","16,821.8","16,883.2","16,863.4","17,019.8","17,368.8","17,576.6","17,541.0","17,514.5","17,328.8","17,307.0","17,236.3","17,174.0","16,899.9","16,957.8","17,038.9","17,250.1","17,585.6","17,754.6","17,724.0","17,738.6","17,573.0","17,579.3","17,553.7","17,524.1","17,273.9","17,385.5","17,321.4","17,464.5","17,866.9","18,012.5","17,927.4","17,931.4","17,778.4","17,764.7","17,705.9","17,580.2","17,330.5","17,375.8","17,421.4","17,500.9","17,858.4","18,083.8","18,039.3","17,975.1","17,858.4","17,879.9","17,800.0","17,738.3","17,466.0","17,529.8","17,551.6","17,615.9","18,008.7","18,193.1","18,128.3","18,140.3","17,976.0","17,993.2","17,891.1","17,792.7","17,520.5","17,596.1","17,610.9","17,698.2","18,141.5","18,292.3","18,196.5","18,205.1","18,088.6","18,126.6","18,089.1","18,037.8","17,865.5","17,920.4","17,962.9","18,039.6","18,503.4","18,708.6","18,668.2","18,651.4","18,483.7","18,541.0","18,562.6","18,559.3","18,253.2","18,275.6","18,357.4","18,435.7","18,809.7","19,010.4","19,009.4","18,921.5","18,819.0","18,867.6","18,881.6","18,838.7","18,579.8","18,673.8","18,674.2","18,875.6","19,253.1","19,404.5","19,307.4","19,340.5","19,240.7","19,246.2","19,130.8","19,123.2","18,851.6","18,921.3","17,795.7","15,934.9","16,571.8","17,806.4","18,097.2","18,313.0","18,619.2","18,706.6","18,674.7","18,529.5","18,033.8","18,370.5","18,621.0","18,509.7","18,800.4","19,243.1","19,226.7","19,227.2","19,293.1","19,359.8","19,449.4","19,434.8","18,932.6","19,373.8","19,413.0","19,545.2","19,995.7","20,099.6","19,995.9","19,923.2","19,817.0","19,933.6","19,925.0","19,919.7","19,791.9","19,907.7","19,992.0","20,091.8","20,482.0","20,681.3","20,565.9","20,552.4","20,465.6","20,526.1","20,509.3","20,450.9","20,246.6","20,369.9","20,411.5","20,583.5","20,925.4","21,048.5","20,915.6","20,887.4","20,844.0","20,861.8","20,828.6","20,843.6","20,670.1","20,768.6","20,758.0","20,873.8","21,191.2","21,449.7","21,206.7","21,086.3","21,039.4","21,125.7","21,117.8","21,056.4","20,795.1","20,783.6","20,791.4"
,"15 to 24 years","2,290.2","2,306.7","2,353.8","2,385.8","2,540.6","2,740.6","2,957.8","2,927.3","2,499.3","2,485.1","2,463.2","2,452.6","2,361.7","2,365.0","2,395.9","2,421.6","2,610.1","2,754.4","2,989.1","2,966.4","2,514.1","2,520.4","2,492.0","2,464.7","2,355.6","2,395.3","2,438.9","2,451.6","2,641.4","2,814.4","3,083.3","3,058.1","2,596.7","2,629.7","2,594.2","2,569.9","2,475.6","2,490.8","2,553.0","2,584.8","2,783.8","2,953.8","3,229.4","3,219.9","2,761.8","2,782.2","2,744.1","2,720.1","2,611.9","2,619.6","2,651.0","2,677.7","2,822.0","3,061.7","3,250.7","3,240.5","2,806.5","2,796.1","2,767.8","2,729.2","2,654.8","2,683.8","2,692.1","2,729.2","2,926.6","3,154.9","3,348.2","3,308.6","2,786.9","2,753.2","2,694.3","2,647.4","2,505.9","2,503.9","2,507.5","2,502.9","2,627.1","2,785.4","2,954.1","2,864.8","2,454.2","2,447.6","2,406.2","2,381.9","2,284.0","2,299.3","2,322.4","2,321.6","2,522.5","2,721.3","2,952.8","2,912.5","2,494.9","2,479.4","2,434.1","2,415.7","2,297.6","2,337.5","2,357.1","2,371.1","2,575.4","2,751.7","2,999.3","2,927.7","2,477.6","2,479.3","2,434.0","2,436.4","2,333.0","2,347.3","2,381.4","2,394.7","2,600.1","2,748.8","2,999.5","2,971.8","2,487.1","2,504.5","2,476.7","2,472.5","2,364.1","2,366.2","2,390.9","2,467.4","2,629.4","2,867.2","3,038.8","2,988.0","2,494.2","2,494.1","2,464.0","2,436.9","2,340.4","2,361.2","2,377.8","2,416.5","2,607.4","2,803.5","3,004.2","2,975.2","2,503.1","2,525.4","2,490.4","2,496.1","2,383.7","2,398.2","2,418.1","2,419.4","2,633.4","2,754.5","2,987.1","2,914.1","2,459.1","2,467.0","2,445.3","2,429.8","2,377.7","2,366.8","2,400.3","2,390.7","2,584.9","2,716.4","2,952.0","2,908.9","2,433.1","2,424.1","2,396.5","2,385.3","2,282.6","2,303.2","2,313.5","2,302.7","2,461.0","2,609.1","2,805.6","2,745.1","2,299.5","2,286.9","2,236.4","2,217.8","2,089.8","2,098.6","2,094.3","2,094.0","2,286.8","2,408.7","2,619.8","2,580.9","2,152.7","2,166.9","2,112.6","2,119.6","1,995.7","1,994.5","2,008.8","1,999.0","2,156.6","2,311.7","2,482.4","2,448.6","2,049.8","2,059.8","2,007.1","2,011.0","1,905.4","1,925.9","1,946.9","1,929.2","2,079.9","2,243.6","2,429.9","2,379.1","2,024.1","2,007.0","1,991.7","2,004.8","1,874.9","1,905.4","1,935.3","1,907.8","2,131.5","2,270.5","2,466.3","2,418.2","2,068.9","2,031.4","2,045.9","2,023.4","1,947.6","1,947.8","1,962.5","1,959.8","2,152.4","2,299.1","2,458.9","2,418.4","2,000.7","2,034.9","1,982.6","1,998.0","1,881.9","1,919.7","1,925.9","1,946.3","2,121.3","2,240.6","2,428.9","2,400.8","1,987.2","1,975.7","1,954.3","1,962.7","1,869.1","1,876.0","1,876.3","1,873.5","2,038.7","2,211.6","2,373.7","2,372.9","1,979.6","1,970.6","1,957.9","1,955.2","1,843.2","1,873.7","1,887.9","1,914.9","2,097.8","2,245.9","2,454.2","2,447.7","2,065.6","2,057.6","2,061.3","2,075.3","1,990.1","1,995.5","2,015.3","2,019.2","2,199.9","2,367.3","2,565.4","2,511.2","2,155.3","2,158.5","2,156.1","2,174.1","2,067.5","2,079.6","2,098.3","2,111.0","2,321.1","2,444.2","2,647.9","2,612.0","2,266.0","2,269.7","2,254.0","2,277.6","2,162.8","2,141.3","2,162.8","2,181.4","2,377.4","2,481.9","2,695.2","2,652.6","2,254.5","2,253.7","2,242.1","2,242.9","2,175.8","2,172.2","2,203.5","2,223.3","2,414.9","2,557.1","2,785.0","2,769.2","2,346.3","2,343.4","2,343.3","2,361.0","2,255.6","2,286.9","2,311.5","2,296.3","2,467.6","2,637.6","2,807.3","2,776.4","2,353.5","2,362.9","2,369.7","2,369.5","2,259.1","2,252.2","2,261.5","2,287.0","2,477.4","2,669.8","2,849.8","2,771.3","2,403.1","2,407.9","2,408.6","2,411.8","2,283.6","2,306.5","2,284.1","2,299.1","2,531.3","2,647.1","2,853.2","2,816.4","2,395.2","2,438.1","2,453.5","2,456.8","2,365.7","2,398.9","2,426.9","2,401.6","2,669.7","2,783.5","2,963.4","2,907.0","2,463.7","2,527.3","2,519.6","2,530.2","2,434.1","2,464.1","2,481.7","2,477.7","2,716.1","2,851.6","3,074.2","3,002.9","2,527.7","2,578.0","2,574.2","2,595.2","2,473.0","2,510.6","2,516.2","2,523.0","2,718.4","2,878.6","3,051.3","3,013.0","2,589.9","2,587.8","2,560.9","2,543.0","2,379.7","2,389.3","2,376.1","2,379.4","2,580.0","2,704.2","2,834.9","2,789.4","2,371.1","2,371.1","2,382.9","2,392.0","2,306.8","2,333.5","2,327.9","2,361.6","2,551.4","2,714.6","2,873.6","2,792.1","2,365.6","2,390.3","2,402.4","2,440.5","2,332.6","2,365.2","2,359.1","2,368.2","2,592.4","2,718.0","2,903.9","2,846.0","2,441.1","2,450.6","2,451.4","2,437.6","2,309.4","2,309.8","2,352.0","2,402.2","2,573.8","2,680.2","2,871.2","2,798.3","2,392.5","2,418.4","2,421.0","2,454.2","2,364.0","2,399.6","2,381.9","2,386.2","2,618.7","2,735.0","2,866.2","2,804.0","2,425.8","2,417.8","2,396.8","2,399.4","2,294.4","2,324.7","2,360.2","2,344.2","2,572.5","2,708.0","2,883.0","2,803.7","2,431.4","2,456.9","2,434.8","2,443.8","2,337.8","2,356.0","2,374.1","2,346.4","2,592.1","2,689.5","2,840.8","2,805.3","2,410.7","2,428.2","2,390.0","2,385.6","2,282.7","2,303.6","2,315.9","2,324.7","2,542.3","2,648.5","2,785.5","2,767.0","2,388.5","2,435.4","2,424.7","2,435.1","2,346.1","2,357.6","2,387.7","2,377.1","2,653.1","2,753.0","2,898.2","2,822.5","2,434.6","2,491.3","2,518.6","2,519.9","2,405.5","2,398.5","2,438.0","2,421.6","2,654.2","2,768.8","2,954.0","2,888.4","2,465.0","2,482.4","2,479.5","2,483.9","2,427.6","2,457.0","2,459.1","2,521.9","2,712.0","2,812.2","2,942.5","2,910.3","2,493.8","2,521.4","2,508.8","2,516.9","2,422.4","2,457.0","2,033.9","1,593.8","1,791.0","2,211.5","2,472.7","2,513.9","2,279.9","2,276.2","2,261.0","2,218.7","2,026.2","2,143.9","2,258.6","2,180.8","2,335.8","2,628.7","2,832.0","2,809.3","2,468.8","2,497.0","2,500.2","2,518.3","2,308.3","2,459.3","2,475.4","2,474.0","2,746.8","2,836.7","2,969.2","2,897.0","2,467.9","2,514.8","2,517.1","2,584.3","2,491.4","2,521.9","2,556.0","2,551.2","2,732.4","2,851.9","3,028.5","2,973.5","2,555.4","2,576.7","2,551.8","2,579.4","2,488.1","2,525.4","2,518.7","2,565.6","2,782.3","2,869.3","3,027.4","2,971.5","2,597.2","2,630.2","2,598.2","2,615.8","2,552.3","2,574.4","2,575.3","2,600.9","2,808.0","2,935.3","3,045.1","3,001.4","2,592.4","2,636.6","2,667.0","2,652.2","2,550.9","2,519.3","2,534.8"
,"25 years and over","6,981.2","7,017.8","7,074.6","7,117.2","7,225.8","7,290.3","7,264.0","7,279.3","7,364.7","7,358.9","7,326.5","7,266.5","7,124.0","7,169.7","7,195.4","7,227.5","7,386.1","7,428.5","7,384.3","7,403.1","7,490.3","7,505.1","7,447.6","7,388.8","7,269.4","7,333.5","7,389.8","7,425.9","7,582.6","7,667.3","7,640.6","7,674.0","7,774.4","7,804.1","7,756.1","7,696.5","7,599.9","7,654.6","7,711.2","7,759.0","7,900.4","7,969.3","7,969.9","7,984.1","8,058.0","8,083.9","8,054.4","7,979.0","7,896.9","7,931.4","7,978.6","8,027.3","8,130.8","8,213.1","8,174.9","8,201.7","8,316.8","8,345.9","8,315.5","8,240.8","8,151.6","8,245.9","8,292.9","8,342.3","8,478.4","8,562.1","8,487.5","8,528.1","8,613.0","8,607.3","8,552.8","8,418.5","8,295.7","8,319.5","8,350.6","8,331.9","8,451.6","8,475.4","8,401.3","8,377.9","8,424.9","8,405.0","8,315.8","8,233.2","8,116.1","8,184.7","8,278.2","8,370.6","8,535.9","8,615.1","8,583.1","8,628.4","8,750.2","8,749.8","8,680.8","8,610.6","8,458.6","8,526.4","8,569.5","8,617.5","8,770.9","8,867.9","8,840.6","8,846.9","8,962.1","8,967.2","8,903.6","8,844.9","8,773.5","8,817.2","8,866.8","8,965.0","9,117.1","9,176.5","9,156.2","9,167.5","9,307.7","9,306.7","9,287.3","9,237.1","9,159.3","9,213.1","9,254.5","9,324.4","9,451.3","9,506.2","9,441.9","9,464.3","9,608.0","9,622.1","9,562.1","9,493.9","9,373.9","9,432.9","9,504.1","9,594.6","9,776.3","9,862.5","9,795.2","9,833.7","9,986.7","10,024.6","9,973.9","9,936.7","9,815.8","9,904.5","9,943.8","10,021.3","10,175.8","10,270.8","10,170.1","10,213.1","10,347.3","10,375.2","10,298.1","10,269.5","10,174.2","10,228.5","10,277.8","10,321.2","10,491.4","10,585.1","10,472.4","10,539.2","10,681.2","10,696.8","10,607.9","10,541.4","10,435.2","10,484.2","10,502.3","10,621.4","10,741.1","10,839.5","10,762.4","10,770.7","10,887.2","10,851.6","10,699.3","10,578.3","10,419.2","10,405.6","10,413.1","10,532.7","10,682.9","10,780.6","10,689.6","10,700.2","10,817.0","10,799.9","10,669.8","10,553.1","10,401.1","10,438.2","10,415.8","10,491.2","10,657.9","10,755.5","10,671.5","10,648.6","10,765.5","10,759.7","10,664.2","10,576.8","10,440.8","10,499.7","10,518.6","10,567.6","10,749.4","10,879.9","10,773.0","10,798.5","10,930.6","10,919.8","10,852.9","10,714.4","10,565.6","10,649.8","10,684.8","10,775.2","10,992.9","11,108.1","11,041.1","11,075.9","11,221.2","11,230.1","11,181.2","11,099.6","10,946.8","10,978.0","11,022.6","11,045.7","11,219.9","11,306.6","11,219.6","11,258.3","11,444.6","11,396.4","11,300.9","11,242.2","11,115.9","11,147.8","11,160.4","11,233.5","11,399.6","11,476.6","11,412.4","11,438.2","11,544.4","11,511.1","11,449.6","11,406.4","11,278.5","11,339.3","11,413.3","11,482.4","11,694.1","11,829.1","11,743.6","11,799.6","11,944.3","11,930.9","11,862.3","11,825.4","11,631.4","11,723.5","11,767.0","11,851.6","11,993.7","12,095.3","11,986.8","12,020.7","12,169.8","12,166.9","12,101.1","12,031.1","11,891.4","11,957.1","11,973.0","12,083.2","12,254.6","12,331.4","12,239.1","12,264.9","12,401.2","12,416.7","12,361.3","12,342.0","12,189.5","12,284.1","12,319.7","12,382.1","12,553.8","12,612.0","12,465.0","12,485.0","12,617.9","12,626.6","12,592.2","12,544.6","12,363.2","12,431.1","12,456.2","12,542.9","12,703.5","12,748.7","12,602.5","12,620.5","12,775.0","12,769.4","12,709.3","12,616.6","12,484.2","12,560.6","12,643.2","12,744.9","12,937.1","13,040.8","12,903.9","12,971.0","13,152.6","13,152.8","13,121.3","13,088.5","12,923.8","13,004.5","13,028.1","13,090.4","13,233.0","13,347.2","13,195.6","13,195.5","13,396.6","13,438.9","13,402.9","13,378.9","13,193.3","13,261.3","13,276.4","13,376.0","13,539.0","13,603.9","13,438.0","13,453.1","13,620.0","13,641.4","13,585.1","13,533.4","13,374.8","13,435.6","13,470.3","13,551.1","13,711.2","13,799.1","13,629.6","13,644.5","13,805.4","13,828.6","13,768.9","13,698.4","13,555.6","13,593.9","13,629.9","13,751.3","13,949.5","13,991.8","13,815.2","13,804.0","14,018.8","14,010.4","13,949.5","13,937.6","13,830.1","13,874.8","13,897.9","13,989.4","14,137.8","14,220.2","14,063.8","14,094.5","14,313.7","14,348.1","14,308.8","14,225.4","14,113.6","14,168.0","14,176.1","14,249.3","14,426.8","14,493.1","14,254.9","14,277.6","14,502.9","14,563.2","14,424.0","14,346.9","14,090.7","14,100.2","14,073.0","14,157.0","14,310.3","14,373.7","14,160.4","14,185.4","14,439.4","14,453.6","14,444.2","14,327.4","14,163.8","14,197.8","14,226.7","14,370.3","14,538.2","14,671.9","14,449.1","14,505.6","14,756.9","14,715.4","14,687.6","14,594.9","14,489.1","14,518.0","14,504.3","14,651.6","14,776.4","14,858.6","14,637.2","14,668.5","14,887.8","14,856.4","14,784.9","14,736.4","14,590.5","14,648.0","14,686.9","14,847.9","15,011.7","15,074.4","14,852.8","14,940.3","15,180.5","15,160.9","15,132.7","15,069.9","14,909.9","14,985.9","14,939.5","15,078.3","15,248.2","15,277.5","15,061.3","15,127.4","15,352.6","15,346.9","15,309.1","15,180.9","15,036.1","15,051.1","15,061.2","15,156.6","15,285.9","15,375.8","15,156.3","15,171.3","15,427.1","15,423.0","15,365.1","15,294.4","15,128.2","15,173.8","15,177.5","15,269.5","15,416.5","15,503.6","15,287.5","15,335.0","15,565.3","15,565.0","15,501.1","15,407.2","15,237.9","15,292.5","15,295.0","15,373.4","15,599.1","15,643.7","15,411.1","15,438.0","15,700.1","15,691.2","15,664.4","15,602.7","15,519.4","15,562.8","15,575.2","15,662.4","15,850.3","15,955.5","15,770.0","15,828.8","16,049.1","16,049.7","16,043.9","16,039.5","15,847.7","15,877.1","15,919.4","16,014.1","16,155.5","16,241.6","16,055.4","16,033.0","16,354.1","16,385.2","16,402.2","16,354.8","16,152.2","16,216.8","16,215.1","16,353.7","16,541.0","16,592.4","16,364.9","16,430.3","16,746.9","16,724.8","16,622.1","16,606.3","16,429.2","16,464.4","15,761.8","14,341.1","14,780.9","15,594.9","15,624.5","15,799.1","16,339.3","16,430.4","16,413.8","16,310.7","16,007.5","16,226.6","16,362.4","16,328.9","16,464.7","16,614.4","16,394.8","16,417.9","16,824.3","16,862.8","16,949.2","16,916.5","16,624.3","16,914.5","16,937.6","17,071.2","17,248.9","17,262.9","17,026.6","17,026.2","17,349.0","17,418.8","17,407.9","17,335.4","17,300.5","17,385.8","17,436.0","17,540.6","17,749.6","17,829.4","17,537.4","17,578.9","17,910.2","17,949.4","17,957.5","17,871.5","17,758.5","17,844.5","17,892.8","18,017.9","18,143.0","18,179.2","17,888.2","17,915.9","18,246.9","18,231.7","18,230.5","18,227.8","18,117.8","18,194.2","18,182.7","18,273.0","18,383.2","18,514.4","18,161.6","18,084.9","18,447.0","18,489.2","18,450.7","18,404.2","18,244.2","18,264.3","18,256.6"
,"25 to 44 years","4,257.5","4,286.9","4,326.3","4,353.2","4,443.6","4,467.8","4,452.3","4,459.5","4,508.7","4,516.4","4,509.8","4,476.9","4,382.8","4,445.2","4,464.8","4,487.0","4,593.0","4,625.4","4,594.3","4,594.5","4,653.0","4,668.7","4,654.9","4,638.1","4,562.9","4,601.6","4,638.3","4,664.5","4,751.5","4,813.5","4,800.5","4,816.4","4,888.7","4,912.2","4,888.3","4,860.2","4,793.2","4,831.0","4,873.7","4,891.0","4,991.3","5,031.7","5,040.3","5,056.0","5,115.6","5,153.5","5,135.5","5,093.7","5,033.0","5,058.3","5,098.2","5,129.4","5,197.7","5,272.8","5,238.2","5,258.6","5,327.8","5,372.8","5,355.0","5,320.5","5,264.4","5,322.8","5,360.8","5,400.6","5,492.6","5,549.2","5,494.0","5,524.1","5,575.2","5,581.8","5,548.3","5,451.5","5,378.5","5,404.2","5,426.4","5,401.6","5,485.9","5,526.9","5,483.5","5,447.6","5,481.7","5,487.1","5,423.2","5,369.8","5,291.5","5,338.9","5,401.6","5,459.0","5,586.3","5,652.3","5,643.8","5,669.6","5,746.0","5,744.0","5,707.3","5,671.1","5,559.3","5,617.7","5,646.5","5,698.5","5,819.4","5,893.3","5,893.2","5,894.8","5,956.3","5,958.8","5,925.1","5,887.4","5,829.0","5,870.7","5,914.3","5,988.2","6,105.4","6,140.6","6,130.3","6,144.0","6,243.7","6,222.8","6,212.8","6,197.6","6,170.9","6,207.8","6,251.6","6,297.6","6,392.7","6,449.8","6,414.2","6,449.8","6,530.9","6,530.6","6,483.6","6,450.3","6,342.6","6,389.8","6,452.5","6,509.7","6,645.2","6,714.6","6,675.8","6,686.1","6,779.7","6,808.7","6,778.8","6,759.5","6,678.6","6,745.8","6,772.1","6,819.5","6,939.9","7,008.5","6,934.4","6,953.0","7,014.7","7,040.6","7,003.8","6,981.8","6,884.1","6,924.4","6,967.0","7,009.1","7,129.3","7,197.1","7,148.3","7,203.5","7,274.7","7,296.4","7,247.6","7,185.6","7,096.6","7,135.9","7,145.2","7,224.7","7,318.8","7,395.2","7,347.1","7,335.6","7,397.8","7,351.4","7,240.6","7,149.4","7,046.8","7,042.6","7,049.7","7,127.9","7,245.4","7,301.0","7,225.8","7,225.5","7,264.7","7,242.3","7,148.1","7,063.2","6,942.6","6,978.0","6,960.2","6,996.2","7,100.3","7,174.6","7,110.0","7,084.5","7,134.7","7,123.9","7,060.8","7,007.2","6,903.5","6,942.4","6,921.2","6,954.6","7,104.5","7,216.3","7,135.2","7,146.0","7,215.8","7,200.4","7,154.7","7,058.4","6,930.5","6,974.9","6,981.6","7,022.1","7,179.1","7,241.6","7,225.2","7,233.4","7,314.1","7,313.5","7,281.3","7,229.8","7,119.5","7,132.9","7,150.7","7,180.0","7,296.6","7,348.2","7,278.1","7,284.2","7,403.2","7,348.9","7,310.8","7,268.7","7,181.6","7,189.5","7,190.7","7,247.3","7,330.1","7,379.6","7,349.2","7,353.8","7,420.1","7,386.3","7,354.0","7,308.7","7,207.4","7,221.2","7,276.9","7,318.5","7,434.5","7,510.0","7,485.5","7,498.3","7,578.7","7,563.7","7,518.4","7,472.3","7,328.5","7,370.9","7,404.8","7,468.0","7,553.9","7,604.6","7,545.6","7,570.1","7,596.0","7,604.8","7,570.3","7,537.4","7,413.4","7,439.7","7,446.0","7,490.3","7,582.9","7,621.0","7,548.9","7,572.2","7,639.0","7,636.9","7,607.9","7,581.7","7,456.9","7,498.8","7,524.0","7,540.3","7,639.7","7,682.1","7,595.1","7,605.1","7,670.6","7,689.7","7,660.3","7,590.8","7,491.0","7,518.0","7,506.6","7,549.2","7,640.9","7,651.1","7,573.3","7,580.6","7,615.4","7,588.5","7,551.3","7,450.0","7,354.2","7,384.0","7,425.4","7,476.8","7,596.1","7,651.6","7,575.2","7,618.6","7,705.3","7,675.5","7,635.9","7,583.9","7,449.0","7,470.6","7,466.0","7,494.5","7,590.4","7,635.8","7,557.7","7,530.3","7,604.2","7,633.8","7,586.8","7,579.8","7,433.5","7,461.9","7,477.4","7,529.1","7,625.8","7,673.0","7,591.7","7,565.3","7,623.7","7,594.9","7,546.8","7,518.5","7,432.8","7,440.9","7,448.0","7,487.8","7,583.3","7,617.1","7,541.5","7,541.3","7,601.2","7,582.6","7,555.5","7,514.5","7,405.1","7,388.7","7,393.4","7,487.6","7,576.4","7,593.1","7,511.4","7,482.7","7,580.8","7,556.6","7,512.5","7,509.7","7,440.1","7,438.3","7,430.4","7,475.5","7,559.0","7,607.0","7,524.7","7,490.4","7,583.3","7,566.2","7,555.9","7,520.6","7,423.6","7,441.7","7,408.2","7,468.2","7,551.0","7,575.2","7,446.1","7,487.0","7,548.8","7,561.7","7,518.4","7,456.4","7,282.4","7,266.5","7,241.8","7,264.5","7,326.9","7,365.1","7,259.3","7,257.6","7,364.4","7,347.4","7,356.5","7,273.4","7,187.3","7,201.4","7,234.4","7,284.5","7,372.9","7,459.4","7,334.8","7,343.2","7,423.2","7,372.7","7,388.3","7,344.6","7,274.6","7,282.8","7,284.4","7,348.3","7,423.7","7,474.5","7,371.2","7,425.5","7,492.5","7,454.4","7,401.9","7,387.3","7,317.5","7,336.3","7,326.3","7,419.5","7,541.0","7,577.2","7,483.6","7,524.5","7,621.9","7,604.7","7,590.7","7,587.0","7,481.5","7,515.0","7,471.7","7,554.9","7,625.9","7,656.7","7,575.6","7,575.3","7,668.4","7,655.3","7,638.7","7,575.6","7,507.2","7,488.1","7,506.8","7,520.7","7,607.4","7,633.4","7,578.8","7,587.6","7,694.8","7,683.9","7,692.4","7,682.1","7,552.5","7,542.0","7,519.1","7,581.5","7,668.1","7,710.8","7,610.5","7,645.3","7,710.9","7,694.7","7,685.8","7,690.3","7,582.2","7,549.0","7,583.0","7,625.2","7,754.0","7,777.5","7,698.8","7,718.0","7,803.1","7,809.1","7,830.6","7,810.3","7,791.1","7,817.2","7,830.6","7,876.8","7,962.4","7,994.7","7,903.7","7,887.5","7,966.4","7,967.4","7,976.7","7,978.8","7,919.1","7,938.9","7,985.0","8,050.7","8,133.6","8,203.2","8,126.9","8,114.6","8,251.3","8,271.2","8,294.3","8,261.7","8,152.5","8,185.0","8,149.1","8,219.7","8,316.2","8,348.9","8,238.7","8,261.6","8,415.3","8,433.0","8,413.0","8,420.3","8,335.8","8,361.9","8,002.6","7,217.6","7,425.4","7,935.2","7,985.4","8,049.3","8,364.3","8,371.1","8,361.2","8,321.4","8,149.5","8,290.2","8,349.7","8,356.9","8,424.6","8,495.7","8,427.6","8,432.7","8,649.5","8,710.6","8,769.3","8,777.5","8,601.5","8,777.3","8,805.3","8,867.5","8,965.6","8,984.1","8,904.5","8,882.3","9,016.7","9,057.0","9,065.2","9,041.8","9,034.3","9,066.3","9,087.7","9,158.0","9,293.5","9,357.3","9,223.0","9,277.6","9,436.5","9,443.2","9,454.4","9,448.3","9,380.0","9,435.2","9,470.6","9,572.6","9,622.3","9,649.6","9,609.3","9,622.2","9,758.4","9,736.9","9,765.7","9,768.0","9,699.5","9,764.6","9,760.3","9,795.9","9,867.3","9,955.1","9,829.9","9,739.9","9,946.5","9,961.7","9,929.5","9,885.9","9,782.0","9,765.9","9,781.3"
,"45 to 64 years","2,546.5","2,553.9","2,574.5","2,591.6","2,613.3","2,655.4","2,648.2","2,658.0","2,683.5","2,676.8","2,654.7","2,630.8","2,584.1","2,562.9","2,574.9","2,581.5","2,628.4","2,636.0","2,624.1","2,642.7","2,672.2","2,676.7","2,635.2","2,594.2","2,548.3","2,570.3","2,587.9","2,599.7","2,666.7","2,687.4","2,681.1","2,692.9","2,719.9","2,723.0","2,706.7","2,676.2","2,645.1","2,662.3","2,672.2","2,700.3","2,738.1","2,765.9","2,759.6","2,758.0","2,772.0","2,762.6","2,755.4","2,716.5","2,704.3","2,704.6","2,713.1","2,728.4","2,764.4","2,770.2","2,773.0","2,780.1","2,817.9","2,809.0","2,790.3","2,755.8","2,722.2","2,757.5","2,764.0","2,775.7","2,813.6","2,839.7","2,832.6","2,840.6","2,868.4","2,855.6","2,834.9","2,795.6","2,755.0","2,747.2","2,755.3","2,759.3","2,794.2","2,778.7","2,744.6","2,754.5","2,770.1","2,746.0","2,723.9","2,697.4","2,662.8","2,679.7","2,709.5","2,739.7","2,784.5","2,800.4","2,783.8","2,797.5","2,837.3","2,836.2","2,808.3","2,769.3","2,732.8","2,742.5","2,755.4","2,747.6","2,781.7","2,808.2","2,782.0","2,783.1","2,827.0","2,839.6","2,809.0","2,787.9","2,778.7","2,785.2","2,792.8","2,809.5","2,848.9","2,867.9","2,857.0","2,855.2","2,885.6","2,898.0","2,886.9","2,861.4","2,822.1","2,838.3","2,845.1","2,869.8","2,898.6","2,898.8","2,879.1","2,857.2","2,903.3","2,915.2","2,903.9","2,874.9","2,861.2","2,881.2","2,898.9","2,929.4","2,965.8","2,974.4","2,948.5","2,971.0","3,022.7","3,030.0","3,015.1","3,005.4","2,960.2","2,983.5","2,999.3","3,029.9","3,073.3","3,092.6","3,067.1","3,096.0","3,149.2","3,157.6","3,108.0","3,101.4","3,106.6","3,111.9","3,121.7","3,126.4","3,170.8","3,199.6","3,140.5","3,157.8","3,234.7","3,226.3","3,183.1","3,169.7","3,145.0","3,149.8","3,162.4","3,201.8","3,226.4","3,256.9","3,241.0","3,256.0","3,301.5","3,312.3","3,269.0","3,240.0","3,178.9","3,175.0","3,174.5","3,214.7","3,245.8","3,286.6","3,280.4","3,285.5","3,362.4","3,365.3","3,326.5","3,290.1","3,259.6","3,266.5","3,258.0","3,298.6","3,363.3","3,394.9","3,372.2","3,375.1","3,445.8","3,455.7","3,428.0","3,393.4","3,357.7","3,386.6","3,418.4","3,433.2","3,456.0","3,488.0","3,461.6","3,474.2","3,530.6","3,525.4","3,503.6","3,458.4","3,432.4","3,468.6","3,497.2","3,551.6","3,616.1","3,664.6","3,624.4","3,651.1","3,712.5","3,724.1","3,700.0","3,671.1","3,629.9","3,649.2","3,679.9","3,675.0","3,730.0","3,773.2","3,751.7","3,785.7","3,850.1","3,850.3","3,797.6","3,770.8","3,733.7","3,751.5","3,767.5","3,786.9","3,865.9","3,895.6","3,870.9","3,902.4","3,934.7","3,933.2","3,901.6","3,908.1","3,880.0","3,919.6","3,934.0","3,962.9","4,040.6","4,102.5","4,049.8","4,096.7","4,153.2","4,150.8","4,134.4","4,138.7","4,094.8","4,139.0","4,151.9","4,167.6","4,209.6","4,264.9","4,226.3","4,235.1","4,351.3","4,338.0","4,311.8","4,283.2","4,269.2","4,297.5","4,313.5","4,383.8","4,453.9","4,492.7","4,474.7","4,483.8","4,553.0","4,567.8","4,552.4","4,553.8","4,523.6","4,578.7","4,579.9","4,627.0","4,698.3","4,712.2","4,668.3","4,676.3","4,734.7","4,733.1","4,727.0","4,747.9","4,675.0","4,717.1","4,752.7","4,796.6","4,858.1","4,888.2","4,816.6","4,816.9","4,932.3","4,946.5","4,929.0","4,939.8","4,907.7","4,948.7","4,980.3","5,029.8","5,098.1","5,152.2","5,098.2","5,113.6","5,205.4","5,231.9","5,231.0","5,243.0","5,215.9","5,271.0","5,285.5","5,318.6","5,376.4","5,427.6","5,376.3","5,407.3","5,512.9","5,522.2","5,529.2","5,516.6","5,483.6","5,513.5","5,510.9","5,564.4","5,631.5","5,662.9","5,560.6","5,610.1","5,708.7","5,759.4","5,741.3","5,710.1","5,663.3","5,700.0","5,721.9","5,753.8","5,814.7","5,870.7","5,763.6","5,792.2","5,894.8","5,930.9","5,892.2","5,871.9","5,841.0","5,880.8","5,911.2","5,944.3","6,052.7","6,080.0","5,989.9","6,014.7","6,125.1","6,131.9","6,103.5","6,106.9","6,064.4","6,096.9","6,126.4","6,181.1","6,246.5","6,269.8","6,199.5","6,258.4","6,369.3","6,405.5","6,364.4","6,328.1","6,304.8","6,324.4","6,365.1","6,379.5","6,462.6","6,502.3","6,395.4","6,383.7","6,526.4","6,568.0","6,500.2","6,469.8","6,401.9","6,399.4","6,407.0","6,472.0","6,535.1","6,560.5","6,466.5","6,496.1","6,622.1","6,643.1","6,624.2","6,583.3","6,509.4","6,528.2","6,517.3","6,609.2","6,685.0","6,723.1","6,632.1","6,664.6","6,828.4","6,833.8","6,804.1","6,754.4","6,712.0","6,730.1","6,708.4","6,788.5","6,835.9","6,852.4","6,737.7","6,726.0","6,858.2","6,855.8","6,828.9","6,810.6","6,726.2","6,761.2","6,798.7","6,859.9","6,896.8","6,908.5","6,797.8","6,842.5","6,975.2","6,957.1","6,942.1","6,909.8","6,832.9","6,870.1","6,854.9","6,914.3","6,999.3","6,997.7","6,878.0","6,930.6","7,029.2","7,031.8","7,010.2","6,941.7","6,859.9","6,897.6","6,887.6","6,971.5","7,015.2","7,062.8","6,920.4","6,919.8","7,056.7","7,059.7","7,008.7","6,953.6","6,900.7","6,960.6","6,996.3","7,008.4","7,071.0","7,112.4","7,016.2","7,008.4","7,144.7","7,127.6","7,076.6","7,002.7","6,950.9","7,014.8","7,002.3","7,054.7","7,142.9","7,142.0","6,990.9","7,004.8","7,148.6","7,146.3","7,095.5","7,044.9","7,000.2","7,000.3","7,005.9","7,046.2","7,125.4","7,190.9","7,092.6","7,154.8","7,261.6","7,269.1","7,254.1","7,234.4","7,099.8","7,124.2","7,127.7","7,151.2","7,201.3","7,229.5","7,136.0","7,150.7","7,299.5","7,304.5","7,285.9","7,251.3","7,135.0","7,148.1","7,171.4","7,239.8","7,332.5","7,365.0","7,268.1","7,279.7","7,422.4","7,357.5","7,309.4","7,270.8","7,188.4","7,200.9","6,921.4","6,338.7","6,559.3","6,849.5","6,849.8","6,948.9","7,130.2","7,207.8","7,190.4","7,142.8","6,999.2","7,060.2","7,129.5","7,094.1","7,147.5","7,222.5","7,104.9","7,124.4","7,288.4","7,271.3","7,289.2","7,249.0","7,130.2","7,211.4","7,198.1","7,243.3","7,314.6","7,303.0","7,176.7","7,168.0","7,347.8","7,365.8","7,347.1","7,311.2","7,277.5","7,338.7","7,350.5","7,364.2","7,416.8","7,418.4","7,297.7","7,249.5","7,401.1","7,422.4","7,420.5","7,381.3","7,318.9","7,374.0","7,367.4","7,385.5","7,438.0","7,423.6","7,212.8","7,222.4","7,398.3","7,410.0","7,378.8","7,342.0","7,337.0","7,328.1","7,312.9","7,307.9","7,359.0","7,404.4","7,199.3","7,207.8","7,367.9","7,412.3","7,386.6","7,386.3","7,341.2","7,360.4","7,349.2"
,"45 years and over","2,723.7","2,730.9","2,748.3","2,764.0","2,782.3","2,822.4","2,811.7","2,819.7","2,856.0","2,842.5","2,816.8","2,789.6","2,741.2","2,724.6","2,730.6","2,740.5","2,793.1","2,803.2","2,789.9","2,808.6","2,837.3","2,836.4","2,792.6","2,750.7","2,706.5","2,731.9","2,751.5","2,761.4","2,831.1","2,853.8","2,840.1","2,857.6","2,885.7","2,891.9","2,867.8","2,836.3","2,806.7","2,823.6","2,837.4","2,868.0","2,909.1","2,937.6","2,929.6","2,928.0","2,942.4","2,930.4","2,918.8","2,885.2","2,863.9","2,873.1","2,880.5","2,897.9","2,933.2","2,940.3","2,936.7","2,943.1","2,989.1","2,973.1","2,960.5","2,920.2","2,887.2","2,923.1","2,932.1","2,941.8","2,985.8","3,012.9","2,993.5","3,004.0","3,037.8","3,025.5","3,004.5","2,967.0","2,917.2","2,915.4","2,924.2","2,930.2","2,965.7","2,948.6","2,917.7","2,930.3","2,943.2","2,917.9","2,892.6","2,863.4","2,824.7","2,845.8","2,876.6","2,911.6","2,949.7","2,962.8","2,939.3","2,958.9","3,004.3","3,005.8","2,973.5","2,939.6","2,899.3","2,908.6","2,923.0","2,919.0","2,951.5","2,974.6","2,947.4","2,952.2","3,005.8","3,008.4","2,978.5","2,957.5","2,944.5","2,946.5","2,952.5","2,976.8","3,011.7","3,035.9","3,025.9","3,023.5","3,064.0","3,083.9","3,074.5","3,039.6","2,988.4","3,005.2","3,002.8","3,026.9","3,058.6","3,056.4","3,027.7","3,014.5","3,077.1","3,091.6","3,078.4","3,043.6","3,031.3","3,043.1","3,051.6","3,085.0","3,131.1","3,147.9","3,119.4","3,147.5","3,206.9","3,216.0","3,195.2","3,177.2","3,137.3","3,158.6","3,171.7","3,201.8","3,235.9","3,262.3","3,235.7","3,260.1","3,332.6","3,334.6","3,294.3","3,287.8","3,290.1","3,304.1","3,310.8","3,312.1","3,362.1","3,388.0","3,324.1","3,335.7","3,406.6","3,400.4","3,360.2","3,355.8","3,338.6","3,348.3","3,357.1","3,396.7","3,422.3","3,444.3","3,415.3","3,435.1","3,489.3","3,500.2","3,458.7","3,428.9","3,372.4","3,363.0","3,363.4","3,404.8","3,437.5","3,479.7","3,463.8","3,474.7","3,552.3","3,557.6","3,521.6","3,489.9","3,458.5","3,460.2","3,455.6","3,495.0","3,557.6","3,580.9","3,561.5","3,564.0","3,630.7","3,635.8","3,603.4","3,569.6","3,537.3","3,557.3","3,597.4","3,613.0","3,645.0","3,663.7","3,637.8","3,652.6","3,714.8","3,719.4","3,698.3","3,656.0","3,635.1","3,675.0","3,703.2","3,753.1","3,813.8","3,866.5","3,815.9","3,842.5","3,907.1","3,916.6","3,899.9","3,869.8","3,827.3","3,845.2","3,871.9","3,865.8","3,923.3","3,958.4","3,941.4","3,974.0","4,041.4","4,047.5","3,990.1","3,973.5","3,934.3","3,958.4","3,969.7","3,986.2","4,069.5","4,097.0","4,063.3","4,084.5","4,124.3","4,124.7","4,095.6","4,097.7","4,071.1","4,118.1","4,136.4","4,163.9","4,259.6","4,319.1","4,258.1","4,301.3","4,365.5","4,367.2","4,343.9","4,353.1","4,302.9","4,352.6","4,362.2","4,383.7","4,439.8","4,490.7","4,441.2","4,450.6","4,573.8","4,562.1","4,530.9","4,493.6","4,478.0","4,517.4","4,527.0","4,592.9","4,671.6","4,710.5","4,690.2","4,692.6","4,762.2","4,779.8","4,753.4","4,760.3","4,732.6","4,785.3","4,795.8","4,841.9","4,914.1","4,929.9","4,869.9","4,879.9","4,947.3","4,936.9","4,931.9","4,953.8","4,872.2","4,913.1","4,949.7","4,993.7","5,062.6","5,097.5","5,029.2","5,039.9","5,159.5","5,180.9","5,158.0","5,166.6","5,130.0","5,176.6","5,217.9","5,268.1","5,341.0","5,389.2","5,328.7","5,352.4","5,447.3","5,477.4","5,485.4","5,504.6","5,474.8","5,533.9","5,562.1","5,595.9","5,642.7","5,711.4","5,637.9","5,665.2","5,792.4","5,805.2","5,816.1","5,799.2","5,759.7","5,799.4","5,799.1","5,846.9","5,913.2","5,930.9","5,846.3","5,887.8","5,996.3","6,046.5","6,038.3","6,014.8","5,942.0","5,994.7","6,022.2","6,063.3","6,127.8","6,182.0","6,088.1","6,103.2","6,204.1","6,246.0","6,213.4","6,183.9","6,150.5","6,205.2","6,236.6","6,263.7","6,373.1","6,398.7","6,303.7","6,321.3","6,438.0","6,453.9","6,437.0","6,428.0","6,390.0","6,436.5","6,467.5","6,513.8","6,578.8","6,613.2","6,539.1","6,604.0","6,730.4","6,782.0","6,752.9","6,704.8","6,690.1","6,726.4","6,767.9","6,781.1","6,875.9","6,917.9","6,808.8","6,790.5","6,954.1","7,001.4","6,905.5","6,890.4","6,808.4","6,833.7","6,831.1","6,892.6","6,983.4","7,008.7","6,901.1","6,927.8","7,074.9","7,106.3","7,087.7","7,054.0","6,976.5","6,996.4","6,992.2","7,085.8","7,165.3","7,212.5","7,114.3","7,162.4","7,333.7","7,342.7","7,299.2","7,250.3","7,214.5","7,235.3","7,219.9","7,303.3","7,352.7","7,384.0","7,265.9","7,243.0","7,395.3","7,402.0","7,382.9","7,349.1","7,273.0","7,311.7","7,360.6","7,428.4","7,470.8","7,497.2","7,369.2","7,415.7","7,558.6","7,556.2","7,541.9","7,482.9","7,428.4","7,470.9","7,467.8","7,523.4","7,622.2","7,620.8","7,485.7","7,552.1","7,684.2","7,691.6","7,670.4","7,605.3","7,528.9","7,563.0","7,554.4","7,636.0","7,678.4","7,742.4","7,577.6","7,583.8","7,732.2","7,739.1","7,672.7","7,612.3","7,575.8","7,631.8","7,658.4","7,687.9","7,748.4","7,792.8","7,677.0","7,689.6","7,854.4","7,870.3","7,815.3","7,716.9","7,655.6","7,743.5","7,712.0","7,748.2","7,845.1","7,866.2","7,712.3","7,720.0","7,896.9","7,882.2","7,833.8","7,792.3","7,728.3","7,745.7","7,744.6","7,785.6","7,887.9","7,960.9","7,866.3","7,941.3","8,082.7","8,082.3","8,067.2","8,060.7","7,928.6","7,938.2","7,934.4","7,963.4","8,021.9","8,038.5","7,928.5","7,918.4","8,102.8","8,114.0","8,107.9","8,093.1","7,999.7","8,031.7","8,066.0","8,134.0","8,224.8","8,243.5","8,126.2","8,168.7","8,331.6","8,291.8","8,209.0","8,185.9","8,093.4","8,102.5","7,759.2","7,123.5","7,355.5","7,659.7","7,639.1","7,749.8","7,975.0","8,059.4","8,052.6","7,989.3","7,858.1","7,936.4","8,012.7","7,972.0","8,040.0","8,118.7","7,967.1","7,985.2","8,174.8","8,152.2","8,180.0","8,139.0","8,022.8","8,137.2","8,132.3","8,203.8","8,283.3","8,278.8","8,122.2","8,144.0","8,332.3","8,361.8","8,342.7","8,293.6","8,266.2","8,319.5","8,348.3","8,382.5","8,456.1","8,472.1","8,314.4","8,301.3","8,473.7","8,506.2","8,503.1","8,423.3","8,378.6","8,409.3","8,422.2","8,445.3","8,520.7","8,529.7","8,278.9","8,293.7","8,488.5","8,494.8","8,464.7","8,459.9","8,418.3","8,429.6","8,422.5","8,477.0","8,515.9","8,559.4","8,331.7","8,345.0","8,500.5","8,527.5","8,521.2","8,518.3","8,462.2","8,498.4","8,475.3"
,"25 to 54 years","5,870.5","5,905.5","5,955.1","5,981.8","6,087.0","6,140.2","6,115.3","6,119.9","6,188.0","6,194.1","6,177.7","6,126.3","6,004.0","6,056.1","6,079.0","6,109.3","6,239.4","6,283.1","6,233.6","6,247.0","6,327.3","6,342.3","6,303.0","6,261.6","6,158.7","6,212.3","6,263.6","6,295.6","6,424.3","6,499.4","6,479.0","6,495.4","6,586.8","6,616.9","6,581.1","6,534.1","6,433.9","6,476.1","6,522.5","6,554.8","6,678.4","6,737.2","6,750.2","6,769.8","6,837.7","6,868.8","6,845.6","6,781.3","6,703.7","6,729.0","6,776.0","6,823.5","6,900.3","6,982.7","6,947.7","6,982.9","7,081.9","7,111.7","7,085.7","7,029.5","6,958.0","7,033.4","7,076.2","7,130.3","7,232.5","7,316.6","7,255.7","7,279.7","7,340.5","7,340.9","7,294.9","7,177.6","7,082.1","7,101.7","7,136.0","7,109.4","7,211.4","7,241.3","7,176.1","7,146.3","7,192.8","7,179.1","7,102.0","7,030.2","6,932.6","6,993.0","7,082.7","7,152.7","7,310.6","7,394.4","7,381.2","7,410.3","7,509.4","7,501.1","7,456.9","7,389.9","7,245.0","7,305.2","7,332.4","7,387.1","7,530.7","7,619.0","7,613.6","7,623.4","7,719.6","7,725.6","7,678.5","7,632.1","7,562.7","7,602.4","7,652.2","7,740.3","7,884.8","7,926.9","7,909.5","7,930.9","8,053.2","8,039.9","8,010.5","7,985.5","7,934.1","7,984.2","8,028.2","8,094.6","8,202.6","8,259.8","8,209.0","8,249.0","8,362.9","8,372.8","8,321.7","8,274.0","8,160.7","8,206.9","8,288.4","8,365.5","8,526.1","8,619.1","8,549.5","8,583.9","8,700.7","8,741.4","8,706.6","8,675.2","8,569.5","8,655.9","8,697.5","8,762.3","8,906.7","8,993.9","8,903.0","8,944.6","9,035.2","9,076.0","9,019.6","8,994.8","8,903.7","8,947.4","9,001.4","9,047.3","9,205.8","9,288.8","9,217.5","9,287.2","9,400.8","9,416.3","9,334.4","9,263.7","9,151.6","9,203.7","9,225.7","9,328.8","9,446.8","9,541.1","9,486.1","9,483.7","9,568.2","9,547.7","9,419.4","9,314.0","9,176.1","9,172.4","9,171.9","9,283.5","9,428.0","9,510.3","9,438.4","9,441.6","9,539.5","9,521.0","9,411.3","9,314.3","9,175.1","9,218.1","9,202.7","9,268.4","9,412.2","9,509.9","9,435.7","9,405.5","9,504.5","9,496.5","9,422.7","9,350.4","9,223.4","9,286.4","9,291.9","9,336.1","9,526.6","9,658.3","9,553.3","9,586.9","9,705.7","9,690.7","9,621.4","9,509.2","9,360.3","9,423.4","9,439.5","9,513.5","9,720.7","9,812.4","9,785.0","9,806.0","9,930.9","9,944.4","9,899.6","9,831.6","9,696.3","9,720.3","9,765.4","9,807.6","9,966.7","10,051.9","9,974.3","10,004.0","10,170.5","10,114.7","10,041.1","9,983.4","9,867.7","9,877.0","9,886.0","9,964.5","10,101.9","10,160.7","10,119.9","10,153.4","10,257.7","10,222.6","10,163.7","10,137.9","10,020.5","10,042.1","10,099.7","10,164.4","10,342.3","10,458.9","10,406.3","10,449.5","10,582.5","10,554.7","10,499.5","10,458.5","10,292.9","10,352.9","10,403.8","10,493.2","10,600.6","10,679.0","10,589.9","10,616.2","10,719.6","10,721.2","10,666.4","10,622.1","10,482.8","10,538.5","10,555.3","10,633.7","10,788.8","10,851.0","10,774.6","10,793.1","10,897.7","10,906.3","10,865.2","10,829.8","10,680.1","10,774.1","10,805.1","10,852.4","11,005.2","11,061.8","10,947.0","10,941.6","11,063.9","11,070.3","11,026.7","10,969.4","10,842.7","10,899.8","10,890.0","10,973.8","11,117.9","11,142.2","11,013.6","11,008.4","11,130.0","11,115.9","11,071.1","10,953.1","10,825.7","10,888.5","10,950.6","11,028.7","11,197.6","11,286.1","11,174.0","11,199.8","11,340.5","11,312.9","11,256.9","11,207.8","11,042.6","11,107.7","11,106.8","11,154.3","11,284.0","11,364.4","11,258.1","11,240.4","11,368.6","11,398.6","11,351.3","11,324.2","11,170.4","11,209.6","11,246.3","11,318.1","11,451.2","11,537.2","11,380.9","11,385.1","11,480.2","11,484.5","11,410.4","11,374.2","11,248.0","11,277.4","11,299.5","11,348.1","11,471.1","11,558.4","11,404.1","11,415.2","11,544.4","11,547.1","11,499.1","11,441.9","11,321.3","11,323.0","11,349.5","11,464.3","11,619.7","11,658.7","11,506.4","11,503.9","11,653.7","11,632.4","11,562.3","11,564.9","11,480.6","11,476.1","11,483.4","11,541.8","11,682.2","11,759.7","11,633.8","11,629.9","11,781.4","11,775.4","11,744.4","11,677.6","11,565.8","11,599.8","11,579.5","11,652.2","11,799.4","11,851.4","11,662.1","11,698.3","11,831.0","11,857.7","11,771.3","11,689.0","11,445.7","11,434.4","11,397.5","11,448.7","11,550.8","11,589.8","11,426.3","11,455.3","11,631.7","11,633.4","11,630.7","11,530.3","11,396.3","11,396.3","11,420.5","11,527.6","11,653.4","11,746.4","11,561.1","11,605.9","11,750.0","11,692.9","11,671.0","11,602.2","11,513.9","11,531.7","11,530.6","11,633.3","11,728.7","11,788.1","11,623.8","11,674.0","11,812.3","11,776.9","11,712.1","11,659.0","11,537.9","11,564.5","11,553.5","11,679.9","11,814.9","11,870.8","11,717.4","11,754.8","11,929.0","11,900.8","11,886.6","11,843.2","11,673.4","11,715.6","11,651.7","11,766.4","11,877.7","11,923.0","11,774.5","11,796.9","11,938.4","11,922.1","11,899.5","11,784.4","11,657.2","11,649.1","11,653.2","11,705.7","11,810.1","11,832.9","11,706.6","11,744.7","11,917.3","11,913.5","11,896.4","11,852.2","11,683.0","11,681.8","11,665.8","11,736.5","11,851.7","11,904.8","11,766.8","11,789.1","11,925.2","11,883.8","11,852.6","11,778.4","11,656.8","11,650.9","11,669.9","11,738.0","11,884.1","11,912.2","11,742.4","11,747.9","11,883.7","11,885.6","11,904.3","11,853.3","11,806.1","11,810.9","11,840.4","11,904.2","12,038.2","12,096.1","11,954.5","11,957.8","12,083.7","12,079.7","12,069.0","12,045.3","11,927.1","11,952.7","11,985.6","12,074.2","12,150.1","12,218.7","12,090.8","12,085.7","12,285.0","12,308.7","12,319.5","12,278.1","12,134.3","12,176.7","12,144.5","12,238.0","12,385.3","12,407.1","12,251.0","12,275.7","12,498.3","12,444.4","12,400.9","12,401.2","12,263.1","12,292.1","11,790.8","10,732.9","11,042.1","11,712.0","11,743.5","11,855.9","12,257.7","12,300.7","12,291.0","12,215.3","11,964.2","12,131.5","12,200.6","12,213.0","12,310.8","12,410.4","12,287.8","12,294.2","12,606.0","12,668.2","12,749.7","12,759.9","12,528.7","12,744.9","12,748.2","12,847.2","12,980.6","13,019.9","12,848.9","12,837.0","13,043.1","13,099.2","13,109.6","13,064.1","13,050.0","13,081.3","13,119.4","13,183.3","13,360.7","13,438.8","13,228.7","13,282.3","13,516.7","13,527.0","13,534.3","13,508.6","13,414.4","13,511.1","13,539.1","13,658.2","13,726.6","13,756.7","13,620.3","13,643.8","13,872.0","13,847.0","13,882.7","13,858.0","13,807.9","13,892.6","13,867.0","13,897.8","13,976.4","14,098.5","13,882.6","13,785.3","14,090.9","14,106.0","14,089.2","14,029.8","13,893.2","13,888.4","13,908.5"
,"55 years and over","1,110.8","1,112.3","1,119.5","1,135.4","1,138.9","1,150.0","1,148.7","1,159.4","1,176.7","1,164.9","1,148.8","1,140.3","1,120.0","1,113.6","1,116.4","1,118.3","1,146.8","1,145.4","1,150.6","1,156.2","1,163.0","1,162.8","1,144.6","1,127.2","1,110.7","1,121.2","1,126.1","1,130.4","1,158.3","1,168.0","1,161.6","1,178.6","1,187.6","1,187.1","1,175.0","1,162.4","1,166.0","1,178.5","1,188.7","1,204.2","1,221.9","1,232.1","1,219.6","1,214.2","1,220.3","1,215.1","1,208.8","1,197.7","1,193.2","1,202.4","1,202.6","1,203.8","1,230.5","1,230.4","1,227.2","1,218.8","1,235.0","1,234.2","1,229.8","1,211.3","1,193.6","1,212.5","1,216.7","1,212.0","1,245.9","1,245.4","1,231.8","1,248.3","1,272.5","1,266.4","1,257.9","1,241.0","1,213.6","1,217.8","1,214.6","1,222.5","1,240.2","1,234.1","1,225.1","1,231.6","1,232.1","1,225.9","1,213.8","1,203.0","1,183.6","1,191.7","1,195.5","1,217.9","1,225.4","1,220.7","1,201.9","1,218.1","1,240.8","1,248.7","1,223.9","1,220.7","1,213.6","1,221.2","1,237.1","1,230.4","1,240.2","1,248.9","1,227.0","1,223.5","1,242.4","1,241.6","1,225.1","1,212.8","1,210.8","1,214.8","1,214.6","1,224.6","1,232.4","1,249.6","1,246.7","1,236.6","1,254.4","1,266.7","1,276.8","1,251.7","1,225.2","1,228.8","1,226.3","1,229.8","1,248.8","1,246.4","1,232.9","1,215.3","1,245.1","1,249.3","1,240.3","1,219.9","1,213.2","1,226.0","1,215.7","1,229.1","1,250.3","1,243.4","1,245.7","1,249.7","1,285.9","1,283.2","1,267.3","1,261.5","1,246.3","1,248.6","1,246.3","1,259.0","1,269.0","1,276.9","1,267.1","1,268.5","1,312.1","1,299.2","1,278.5","1,274.8","1,270.5","1,281.1","1,276.4","1,273.9","1,285.7","1,296.3","1,255.0","1,252.0","1,280.5","1,280.5","1,273.4","1,277.7","1,283.5","1,280.6","1,276.5","1,292.6","1,294.3","1,298.3","1,276.3","1,287.0","1,318.9","1,303.9","1,279.9","1,264.3","1,243.1","1,233.2","1,241.2","1,249.2","1,254.9","1,270.3","1,251.2","1,258.6","1,277.5","1,278.9","1,258.5","1,238.8","1,226.0","1,220.2","1,213.1","1,222.8","1,245.7","1,245.6","1,235.8","1,243.1","1,260.9","1,263.3","1,241.5","1,226.4","1,217.4","1,213.3","1,226.8","1,231.5","1,222.8","1,221.6","1,219.7","1,211.6","1,225.0","1,229.1","1,231.5","1,205.2","1,205.2","1,226.4","1,245.3","1,261.7","1,272.2","1,295.6","1,256.1","1,269.9","1,290.3","1,285.7","1,281.7","1,268.1","1,250.6","1,257.7","1,257.2","1,238.2","1,253.2","1,254.8","1,245.2","1,254.2","1,274.2","1,281.7","1,259.8","1,258.8","1,248.2","1,270.8","1,274.4","1,269.0","1,297.7","1,315.9","1,292.5","1,284.8","1,286.6","1,288.5","1,285.9","1,268.5","1,258.0","1,297.2","1,313.6","1,317.9","1,351.8","1,370.2","1,337.3","1,350.1","1,361.7","1,376.2","1,362.8","1,367.0","1,338.5","1,370.7","1,363.2","1,358.4","1,393.1","1,416.3","1,396.9","1,404.5","1,450.3","1,445.7","1,434.7","1,408.9","1,408.6","1,418.6","1,417.7","1,449.5","1,465.8","1,480.4","1,464.5","1,471.8","1,503.6","1,510.5","1,496.2","1,512.2","1,509.4","1,510.0","1,514.7","1,529.8","1,548.6","1,550.2","1,518.0","1,543.4","1,554.0","1,556.3","1,565.5","1,575.2","1,520.5","1,531.3","1,566.3","1,569.2","1,585.6","1,606.5","1,588.9","1,612.1","1,645.0","1,653.5","1,638.2","1,663.5","1,658.5","1,672.1","1,692.7","1,716.3","1,739.5","1,754.7","1,729.9","1,771.2","1,812.2","1,840.0","1,864.4","1,880.7","1,881.1","1,896.8","1,921.3","1,936.1","1,949.0","1,982.7","1,937.5","1,955.1","2,028.0","2,040.3","2,051.6","2,054.8","2,022.9","2,051.7","2,030.2","2,057.9","2,087.7","2,066.7","2,057.1","2,068.0","2,139.8","2,156.9","2,174.6","2,159.2","2,126.8","2,158.2","2,170.7","2,203.0","2,240.1","2,240.6","2,225.4","2,229.3","2,261.0","2,281.4","2,269.7","2,256.4","2,234.4","2,270.9","2,280.5","2,287.0","2,329.8","2,333.2","2,308.8","2,300.1","2,365.1","2,378.0","2,387.2","2,372.7","2,349.5","2,398.7","2,414.5","2,447.6","2,455.6","2,460.5","2,430.0","2,464.5","2,532.3","2,572.8","2,564.4","2,547.8","2,547.8","2,568.3","2,596.6","2,597.1","2,627.5","2,641.7","2,592.8","2,579.3","2,671.9","2,705.5","2,652.6","2,657.8","2,645.1","2,665.8","2,675.4","2,708.4","2,759.5","2,783.9","2,734.0","2,730.1","2,807.7","2,820.3","2,813.4","2,797.1","2,767.5","2,801.5","2,806.2","2,842.7","2,884.8","2,925.5","2,888.0","2,899.7","3,006.8","3,022.5","3,016.6","2,992.7","2,975.2","2,986.3","2,973.7","3,018.3","3,047.7","3,070.4","3,013.3","2,994.5","3,075.5","3,079.5","3,072.8","3,077.4","3,052.5","3,083.5","3,133.4","3,167.9","3,196.8","3,203.6","3,135.4","3,185.5","3,251.5","3,260.1","3,246.1","3,226.8","3,236.6","3,270.3","3,287.7","3,311.9","3,370.4","3,354.5","3,286.8","3,330.5","3,414.3","3,424.9","3,409.6","3,396.4","3,378.9","3,402.0","3,408.0","3,451.0","3,475.8","3,542.9","3,449.8","3,426.6","3,509.8","3,509.5","3,468.8","3,442.2","3,445.3","3,492.1","3,511.7","3,533.0","3,564.9","3,598.7","3,520.7","3,545.9","3,640.1","3,681.2","3,648.5","3,628.7","3,581.0","3,641.7","3,625.1","3,635.4","3,715.0","3,731.6","3,668.6","3,690.1","3,816.4","3,805.7","3,760.1","3,749.3","3,713.3","3,751.9","3,734.7","3,758.2","3,812.1","3,859.4","3,815.5","3,871.0","3,965.5","3,970.0","3,974.9","3,994.2","3,920.5","3,924.4","3,933.8","3,939.8","4,005.4","4,022.9","3,964.6","3,947.3","4,069.1","4,076.5","4,082.7","4,076.7","4,017.9","4,040.1","4,070.6","4,115.7","4,155.8","4,185.3","4,113.9","4,154.5","4,248.6","4,280.4","4,221.2","4,205.1","4,166.1","4,172.2","3,971.0","3,608.2","3,738.8","3,882.8","3,881.0","3,943.2","4,081.6","4,129.7","4,122.8","4,095.5","4,043.4","4,095.1","4,161.8","4,115.8","4,153.8","4,204.0","4,107.0","4,123.7","4,218.4","4,194.7","4,199.5","4,156.6","4,095.6","4,169.6","4,189.4","4,224.0","4,268.3","4,243.0","4,177.8","4,189.3","4,305.9","4,319.7","4,298.4","4,271.3","4,250.5","4,304.5","4,316.6","4,357.2","4,388.9","4,390.6","4,308.7","4,296.6","4,393.5","4,422.4","4,423.2","4,362.9","4,344.1","4,333.4","4,353.8","4,359.7","4,416.4","4,422.5","4,267.9","4,272.0","4,374.9","4,384.7","4,347.8","4,369.8","4,309.9","4,301.7","4,315.7","4,375.1","4,406.8","4,415.9","4,278.9","4,299.6","4,356.1","4,383.2","4,361.5","4,374.3","4,351.0","4,375.9","4,348.1"
,"15 to 64 years","9,094.2","9,147.5","9,254.6","9,330.7","9,597.4","9,863.8","10,058.3","10,044.9","9,691.5","9,678.4","9,627.6","9,560.4","9,328.6","9,373.0","9,435.6","9,490.1","9,831.6","10,015.9","10,207.6","10,203.6","9,839.2","9,865.7","9,782.1","9,697.0","9,466.8","9,567.2","9,665.1","9,715.8","10,059.6","10,315.3","10,564.9","10,567.4","10,205.3","10,264.9","10,189.2","10,106.4","9,913.9","9,984.2","10,098.9","10,176.0","10,513.2","10,751.4","11,029.3","11,033.9","10,649.4","10,698.3","10,635.0","10,530.4","10,349.2","10,382.5","10,462.2","10,535.5","10,784.1","11,104.7","11,262.0","11,279.2","10,952.1","10,977.9","10,913.1","10,805.5","10,641.4","10,764.1","10,816.9","10,905.5","11,232.8","11,543.8","11,674.8","11,673.3","11,230.5","11,190.6","11,077.5","10,894.6","10,639.4","10,655.2","10,689.1","10,663.9","10,907.1","11,090.9","11,182.2","11,066.9","10,706.0","10,680.7","10,553.3","10,449.1","10,238.2","10,317.9","10,433.4","10,520.3","10,893.2","11,174.0","11,380.4","11,379.5","11,078.2","11,059.6","10,949.7","10,856.0","10,589.7","10,697.7","10,759.1","10,817.2","11,176.5","11,453.3","11,674.5","11,605.6","11,260.9","11,277.7","11,168.1","11,111.7","10,940.7","11,003.2","11,088.5","11,192.5","11,554.3","11,757.4","11,986.7","11,970.9","11,616.5","11,625.3","11,576.4","11,531.4","11,357.1","11,412.3","11,487.6","11,634.7","11,920.7","12,215.8","12,332.1","12,295.0","11,928.4","11,939.9","11,851.5","11,762.1","11,544.2","11,632.2","11,729.1","11,855.6","12,218.3","12,492.5","12,628.5","12,632.3","12,305.5","12,364.0","12,284.3","12,261.1","12,022.4","12,127.5","12,189.6","12,268.7","12,646.6","12,855.7","12,988.7","12,963.0","12,623.1","12,665.2","12,557.1","12,513.0","12,368.4","12,403.1","12,489.0","12,526.2","12,885.1","13,113.2","13,240.8","13,270.2","12,942.6","12,946.9","12,827.2","12,740.6","12,524.3","12,588.9","12,621.1","12,729.2","13,006.2","13,261.2","13,393.7","13,336.8","12,998.8","12,950.6","12,746.0","12,607.2","12,315.4","12,316.2","12,318.6","12,436.7","12,777.9","12,996.3","13,125.9","13,091.8","12,779.8","12,774.5","12,587.3","12,472.9","12,197.9","12,239.1","12,227.1","12,293.7","12,620.2","12,881.2","12,964.6","12,908.2","12,630.4","12,639.4","12,495.8","12,411.6","12,166.6","12,255.0","12,286.6","12,317.0","12,640.4","12,947.8","13,026.7","12,999.2","12,770.5","12,732.9","12,650.0","12,521.6","12,237.8","12,348.8","12,414.2","12,481.5","12,926.8","13,176.7","13,315.9","13,302.7","13,095.5","13,069.0","13,027.2","12,924.3","12,697.0","12,729.9","12,793.2","12,814.7","13,179.1","13,420.5","13,488.7","13,488.3","13,254.0","13,234.1","13,091.0","13,037.5","12,797.2","12,860.7","12,884.1","12,980.6","13,317.4","13,515.8","13,649.0","13,656.9","13,342.0","13,295.2","13,210.0","13,179.5","12,956.6","13,016.7","13,087.1","13,154.9","13,513.8","13,824.1","13,909.0","13,968.0","13,711.5","13,685.1","13,610.7","13,566.2","13,266.5","13,383.6","13,444.6","13,550.4","13,861.3","14,115.3","14,226.1","14,252.9","14,013.0","14,000.5","13,943.4","13,895.9","13,672.7","13,732.7","13,774.8","13,893.2","14,236.7","14,480.9","14,589.0","14,567.1","14,347.4","14,363.2","14,316.4","14,309.7","14,047.9","14,157.1","14,202.1","14,278.3","14,659.1","14,838.5","14,911.3","14,893.4","14,671.3","14,692.6","14,641.3","14,616.4","14,328.8","14,376.4","14,422.1","14,527.2","14,876.5","15,021.2","15,085.2","15,050.2","14,802.2","14,788.7","14,722.4","14,632.7","14,437.7","14,504.8","14,609.1","14,730.0","15,109.2","15,360.9","15,458.4","15,501.3","15,257.0","15,250.8","15,210.2","15,188.0","14,920.5","15,028.4","15,063.0","15,109.4","15,434.4","15,701.0","15,741.2","15,714.0","15,470.7","15,518.9","15,485.6","15,465.9","15,176.2","15,227.5","15,249.8","15,380.5","15,734.6","16,005.7","16,002.1","15,946.8","15,735.6","15,762.2","15,696.7","15,640.5","15,379.7","15,447.4","15,454.0","15,540.7","15,929.3","16,135.0","16,158.3","16,149.8","15,891.1","15,951.5","15,901.1","15,843.2","15,611.8","15,668.4","15,731.5","15,833.5","16,298.8","16,456.7","16,464.6","16,404.4","16,169.6","16,215.7","16,135.6","16,146.8","15,938.6","15,999.3","16,038.4","16,134.4","16,521.6","16,728.4","16,798.4","16,751.7","16,480.3","16,549.7","16,494.5","16,443.8","16,201.3","16,276.8","16,289.5","16,370.8","16,732.0","16,956.1","16,892.8","16,883.7","16,665.1","16,717.6","16,579.5","16,469.2","16,064.0","16,055.2","16,025.0","16,115.9","16,442.0","16,629.8","16,560.6","16,543.2","16,357.6","16,361.6","16,363.6","16,248.7","16,003.4","16,063.1","16,079.6","16,255.3","16,609.3","16,897.1","16,840.6","16,799.9","16,617.3","16,596.9","16,594.9","16,539.5","16,319.3","16,378.0","16,352.0","16,505.0","16,852.0","17,045.0","17,012.8","16,997.5","16,791.8","16,760.7","16,682.3","16,635.5","16,353.1","16,407.3","16,477.0","16,681.6","17,011.6","17,165.9","17,152.7","17,165.3","16,989.5","16,980.2","16,953.9","16,951.0","16,678.3","16,784.7","16,708.4","16,855.5","17,243.9","17,389.4","17,319.7","17,309.9","17,123.4","17,104.9","17,045.8","16,916.7","16,661.4","16,710.5","16,754.7","16,836.4","17,195.2","17,404.2","17,382.1","17,311.1","17,182.9","17,200.5","17,136.0","17,079.6","16,790.9","16,858.6","16,889.5","16,936.3","17,331.3","17,512.7","17,467.5","17,459.0","17,266.3","17,250.6","17,152.4","17,078.6","16,815.8","16,867.4","16,901.1","17,004.6","17,439.3","17,568.0","17,475.1","17,489.9","17,340.3","17,390.7","17,350.8","17,290.4","17,137.4","17,175.1","17,224.2","17,300.2","17,741.0","17,938.5","17,894.5","17,864.8","17,662.6","17,727.8","17,749.4","17,733.1","17,424.4","17,461.7","17,550.7","17,623.4","17,989.0","18,201.4","18,216.9","18,153.8","18,015.8","18,058.1","18,059.7","17,996.9","17,715.2","17,790.2","17,779.6","17,981.4","18,360.7","18,526.1","18,449.3","18,451.5","18,331.5","18,311.9","18,231.2","18,208.0","17,946.6","18,019.8","16,957.8","15,150.1","15,775.6","16,996.2","17,307.9","17,512.1","17,774.5","17,855.0","17,812.5","17,682.9","17,174.9","17,494.2","17,737.7","17,631.8","17,907.9","18,346.9","18,364.5","18,366.4","18,406.7","18,478.9","18,558.6","18,544.8","18,039.9","18,448.0","18,478.7","18,584.7","19,027.0","19,123.8","19,050.5","18,947.3","18,832.5","18,937.5","18,929.3","18,937.3","18,803.2","18,926.9","18,994.2","19,073.4","19,442.6","19,627.7","19,549.2","19,500.6","19,393.0","19,442.4","19,426.7","19,409.0","19,186.9","19,334.6","19,356.7","19,523.7","19,842.6","19,942.4","19,849.5","19,816.1","19,753.9","19,777.1","19,742.7","19,725.7","19,588.8","19,667.1","19,648.4","19,704.7","20,034.3","20,294.8","20,074.3","19,949.2","19,906.8","20,010.5","19,983.2","19,924.5","19,674.1","19,645.6","19,665.3"
,"15 to 19 years","872.2","871.9","904.7","920.0","979.1","1,097.1","1,301.9","1,272.1","960.6","942.5","931.0","930.9","869.2","870.9","892.4","920.1","1,001.1","1,078.4","1,298.2","1,294.1","970.5","977.0","952.1","928.1","863.5","883.6","907.6","919.4","1,004.6","1,099.8","1,341.5","1,322.8","981.5","1,001.6","984.0","971.4","928.3","929.0","961.5","985.0","1,077.2","1,172.8","1,427.4","1,417.6","1,078.2","1,083.0","1,075.3","1,061.8","998.0","989.2","1,004.1","1,024.8","1,085.8","1,231.4","1,407.4","1,398.7","1,077.2","1,062.3","1,042.8","1,031.3","979.5","993.6","1,013.6","1,028.7","1,106.8","1,250.7","1,435.9","1,401.1","1,038.5","1,025.1","998.5","970.6","886.9","873.8","890.4","896.4","939.0","1,029.7","1,211.6","1,149.0","856.5","850.4","837.0","823.1","779.0","786.7","796.1","790.5","855.2","958.0","1,155.7","1,139.4","849.4","839.1","831.8","824.2","754.2","782.9","780.8","786.9","864.0","956.4","1,162.5","1,118.6","824.5","830.7","803.7","810.9","747.8","765.4","780.2","787.3","869.1","940.2","1,148.5","1,125.6","802.2","821.7","815.7","837.8","777.0","779.0","794.1","837.8","895.0","1,030.9","1,176.3","1,143.0","825.0","832.5","827.4","830.8","792.7","804.8","817.5","836.5","917.8","1,025.7","1,205.7","1,183.9","869.6","892.7","885.2","897.4","839.7","845.5","877.2","868.9","963.9","1,037.7","1,246.9","1,213.0","904.1","911.1","899.9","905.3","872.7","870.2","894.2","897.8","977.4","1,037.0","1,248.2","1,217.5","918.3","914.7","918.6","936.1","871.6","881.2","880.3","877.2","938.1","1,018.3","1,202.2","1,163.4","882.1","879.5","867.7","885.3","823.3","821.3","819.5","809.0","890.8","944.8","1,113.3","1,089.1","816.8","818.1","789.4","791.7","726.0","735.0","757.3","744.2","806.1","877.7","1,023.5","1,007.3","737.4","740.2","728.7","749.4","684.5","698.2","721.8","708.9","773.8","848.5","992.3","964.0","729.1","722.9","718.3","738.2","690.6","704.2","715.3","701.9","791.3","837.1","1,006.9","974.2","775.8","750.3","750.7","739.4","708.3","695.1","715.9","717.1","801.8","873.8","1,014.4","1,005.1","747.5","752.8","739.5","749.5","697.7","713.8","709.3","707.9","759.7","819.2","965.4","951.9","716.7","708.8","696.4","702.0","662.5","662.8","661.3","661.7","710.8","791.0","929.5","920.3","696.5","706.5","696.0","712.4","657.0","666.8","659.5","681.7","752.4","820.3","994.5","989.5","745.4","757.6","752.1","772.3","722.5","725.2","741.9","746.3","823.9","899.2","1,063.7","1,012.6","806.1","811.7","801.1","817.9","757.1","772.8","788.3","797.1","881.9","952.5","1,105.1","1,080.6","868.7","874.2","865.1","886.3","821.2","805.3","818.7","833.2","911.0","947.0","1,132.6","1,097.3","842.3","847.7","855.1","856.8","821.2","814.0","833.5","852.1","933.4","967.5","1,170.7","1,168.0","899.1","904.6","911.7","905.3","847.2","859.8","869.9","863.2","936.8","1,018.1","1,146.7","1,137.1","886.4","901.1","882.9","891.0","834.3","818.7","828.7","849.5","938.3","1,000.4","1,150.2","1,128.9","899.6","907.0","908.9","919.0","862.5","860.8","863.8","857.8","949.4","982.9","1,161.4","1,134.7","890.8","917.1","924.8","937.8","880.9","904.0","898.5","898.7","1,012.4","1,062.8","1,219.3","1,193.9","926.0","957.5","966.9","970.1","944.5","949.4","946.8","948.6","1,051.3","1,118.4","1,307.7","1,254.2","981.6","1,005.1","1,005.8","1,010.9","957.3","976.4","974.3","984.8","1,052.3","1,146.0","1,294.6","1,276.6","1,026.3","1,024.1","1,000.5","1,004.6","916.1","914.3","897.3","901.6","987.3","1,040.0","1,154.2","1,123.5","869.2","880.0","868.2","890.2","848.3","841.6","842.8","872.5","952.1","1,014.4","1,146.2","1,100.8","841.8","860.3","868.2","909.6","859.0","859.9","853.8","856.0","946.0","984.7","1,139.0","1,105.8","865.8","857.5","867.3","870.4","800.3","792.0","814.6","849.6","896.0","942.2","1,078.1","1,044.0","841.4","839.8","822.3","828.1","799.8","821.5","812.3","820.2","885.3","934.5","1,057.6","1,027.7","820.4","815.4","813.0","823.6","780.4","781.2","795.8","771.9","869.6","921.1","1,057.0","1,015.1","824.5","840.0","816.9","830.2","795.6","808.8","798.1","772.4","877.3","925.3","1,045.5","1,020.8","820.8","831.3","813.1","815.3","779.0","783.0","785.5","772.3","879.7","918.2","1,028.4","1,006.2","779.2","797.5","806.8","802.6","784.3","790.4","804.3","804.3","916.5","952.2","1,080.7","1,039.9","814.7","842.5","856.0","874.3","822.1","820.0","825.8","821.9","927.6","961.1","1,095.6","1,048.6","831.4","835.0","839.7","859.5","841.1","849.2","829.6","853.8","909.7","963.0","1,092.7","1,064.7","829.3","836.7","818.7","833.8","798.2","807.4","621.9","484.8","569.0","766.0","922.3","928.8","780.9","767.4","756.3","747.6","646.9","697.8","724.8","714.3","786.4","929.6","1,088.6","1,074.9","873.2","890.3","890.7","898.2","796.0","855.5","856.2","875.1","974.5","1,010.6","1,149.4","1,116.5","881.4","904.0","900.9","931.5","879.9","880.5","898.1","890.1","958.0","1,006.8","1,161.0","1,118.4","856.2","866.8","860.2","879.8","823.8","815.7","824.5","829.0","918.0","959.0","1,048.3","1,033.0","789.5","789.5","799.5","819.2","799.2","784.4","788.9","802.4","895.5","936.8","1,053.3","1,051.0","813.9","819.4","823.9","802.8","777.1","764.3","768.7"
,"20 to 24 years","1,418.0","1,434.9","1,449.1","1,465.8","1,561.5","1,643.5","1,655.9","1,655.3","1,538.6","1,542.7","1,532.2","1,521.7","1,492.5","1,494.1","1,503.5","1,501.4","1,609.0","1,676.1","1,690.9","1,672.3","1,543.6","1,543.4","1,539.9","1,536.5","1,492.2","1,511.7","1,531.3","1,532.3","1,636.8","1,714.6","1,741.9","1,735.3","1,615.2","1,628.1","1,610.3","1,598.5","1,547.3","1,561.9","1,591.5","1,599.8","1,706.6","1,781.0","1,802.0","1,802.3","1,683.6","1,699.2","1,668.8","1,658.3","1,613.9","1,630.5","1,646.9","1,652.9","1,736.2","1,830.2","1,843.4","1,841.8","1,729.3","1,733.8","1,725.0","1,697.9","1,675.3","1,690.2","1,678.5","1,700.5","1,819.8","1,904.2","1,912.2","1,907.4","1,748.4","1,728.1","1,695.8","1,676.8","1,619.0","1,630.1","1,617.0","1,606.5","1,688.0","1,755.7","1,742.5","1,715.8","1,597.7","1,597.3","1,569.1","1,558.8","1,504.9","1,512.6","1,526.2","1,531.1","1,667.2","1,763.3","1,797.1","1,773.1","1,645.6","1,640.2","1,602.3","1,591.5","1,543.4","1,554.6","1,576.3","1,584.1","1,711.4","1,795.4","1,836.8","1,809.1","1,653.1","1,648.6","1,630.3","1,625.5","1,585.2","1,581.9","1,601.3","1,607.4","1,731.0","1,808.6","1,850.9","1,846.2","1,685.0","1,682.9","1,660.9","1,634.7","1,587.1","1,587.2","1,596.8","1,629.6","1,734.4","1,836.2","1,862.5","1,845.0","1,669.2","1,661.7","1,636.5","1,606.1","1,547.7","1,556.3","1,560.2","1,580.0","1,689.6","1,777.8","1,798.4","1,791.2","1,633.5","1,632.6","1,605.2","1,598.8","1,544.0","1,552.6","1,540.9","1,550.5","1,669.5","1,716.8","1,740.2","1,701.0","1,555.0","1,555.9","1,545.4","1,524.5","1,505.0","1,496.7","1,506.1","1,492.9","1,607.5","1,679.4","1,703.8","1,691.4","1,514.8","1,509.4","1,477.9","1,449.2","1,411.1","1,422.0","1,433.2","1,425.6","1,522.9","1,590.8","1,603.4","1,581.7","1,417.4","1,407.4","1,368.7","1,332.6","1,266.5","1,277.3","1,274.8","1,285.1","1,395.9","1,463.8","1,506.5","1,491.8","1,335.9","1,348.8","1,323.2","1,327.9","1,269.7","1,259.6","1,251.6","1,254.7","1,350.5","1,434.0","1,458.9","1,441.3","1,312.4","1,319.5","1,278.4","1,261.6","1,221.0","1,227.7","1,225.2","1,220.3","1,306.1","1,395.0","1,437.6","1,415.0","1,295.0","1,284.2","1,273.4","1,266.5","1,184.3","1,201.2","1,220.1","1,205.9","1,340.2","1,433.4","1,459.4","1,444.0","1,293.1","1,281.1","1,295.2","1,283.9","1,239.3","1,252.7","1,246.6","1,242.7","1,350.6","1,425.3","1,444.5","1,413.3","1,253.2","1,282.1","1,243.1","1,248.5","1,184.2","1,206.0","1,216.6","1,238.4","1,361.7","1,421.4","1,463.5","1,448.8","1,270.6","1,266.9","1,257.9","1,260.6","1,206.6","1,213.2","1,214.9","1,211.8","1,327.9","1,420.6","1,444.2","1,452.7","1,283.1","1,264.2","1,261.9","1,242.8","1,186.2","1,207.0","1,228.4","1,233.2","1,345.4","1,425.5","1,459.8","1,458.2","1,320.3","1,300.0","1,309.2","1,303.0","1,267.6","1,270.3","1,273.4","1,272.8","1,376.0","1,468.1","1,501.7","1,498.6","1,349.2","1,346.7","1,355.0","1,356.2","1,310.3","1,306.9","1,310.0","1,313.9","1,439.2","1,491.7","1,542.8","1,531.4","1,397.3","1,395.5","1,388.9","1,391.3","1,341.6","1,336.0","1,344.1","1,348.2","1,466.5","1,534.9","1,562.6","1,555.3","1,412.2","1,406.0","1,387.0","1,386.1","1,354.6","1,358.1","1,370.0","1,371.3","1,481.5","1,589.6","1,614.3","1,601.2","1,447.1","1,438.8","1,431.5","1,455.7","1,408.4","1,427.0","1,441.6","1,433.1","1,530.8","1,619.4","1,660.6","1,639.2","1,467.1","1,461.7","1,486.8","1,478.4","1,424.8","1,433.5","1,432.9","1,437.5","1,539.1","1,669.4","1,699.6","1,642.4","1,503.5","1,500.8","1,499.7","1,492.9","1,421.2","1,445.7","1,420.3","1,441.3","1,581.9","1,664.2","1,691.8","1,681.7","1,504.4","1,520.9","1,528.7","1,519.0","1,484.7","1,494.9","1,528.4","1,502.9","1,657.3","1,720.8","1,744.0","1,713.1","1,537.8","1,569.7","1,552.7","1,560.1","1,489.6","1,514.7","1,534.9","1,529.2","1,664.8","1,733.2","1,766.5","1,748.6","1,546.2","1,572.9","1,568.4","1,584.4","1,515.7","1,534.2","1,541.9","1,538.2","1,666.1","1,732.6","1,756.7","1,736.4","1,563.6","1,563.8","1,560.3","1,538.4","1,463.6","1,475.0","1,478.9","1,477.8","1,592.7","1,664.3","1,680.6","1,666.0","1,501.9","1,491.1","1,514.7","1,501.8","1,458.4","1,491.9","1,485.1","1,489.1","1,599.4","1,700.2","1,727.4","1,691.3","1,523.9","1,530.0","1,534.2","1,530.9","1,473.6","1,505.2","1,505.3","1,512.1","1,646.5","1,733.3","1,764.8","1,740.2","1,575.3","1,593.0","1,584.2","1,567.2","1,509.1","1,517.8","1,537.4","1,552.6","1,677.8","1,738.0","1,793.1","1,754.3","1,551.1","1,578.6","1,598.7","1,626.1","1,564.2","1,578.2","1,569.6","1,566.0","1,733.3","1,800.4","1,808.5","1,776.3","1,605.4","1,602.4","1,583.8","1,575.7","1,513.9","1,543.6","1,564.4","1,572.3","1,702.9","1,786.8","1,826.0","1,788.7","1,606.9","1,617.0","1,617.9","1,613.6","1,542.1","1,547.2","1,576.0","1,574.0","1,714.8","1,764.2","1,795.2","1,784.6","1,589.9","1,596.9","1,576.9","1,570.3","1,503.6","1,520.6","1,530.4","1,552.5","1,662.6","1,730.3","1,757.1","1,760.8","1,609.4","1,637.9","1,618.0","1,632.6","1,561.8","1,567.2","1,583.4","1,572.9","1,736.7","1,800.8","1,817.5","1,782.6","1,619.9","1,648.9","1,662.6","1,645.6","1,583.5","1,578.5","1,612.2","1,599.7","1,726.6","1,807.6","1,858.4","1,839.8","1,633.6","1,647.4","1,639.7","1,624.3","1,586.6","1,607.8","1,629.5","1,668.2","1,802.3","1,849.2","1,849.8","1,845.6","1,664.5","1,684.7","1,690.1","1,683.1","1,624.2","1,649.6","1,412.0","1,108.9","1,222.0","1,445.6","1,550.4","1,585.1","1,499.0","1,508.8","1,504.7","1,471.1","1,379.3","1,446.1","1,533.8","1,466.5","1,549.3","1,699.1","1,743.3","1,734.4","1,595.6","1,606.6","1,609.5","1,620.0","1,512.3","1,603.8","1,619.2","1,598.9","1,772.3","1,826.1","1,819.8","1,780.5","1,586.5","1,610.8","1,616.2","1,652.8","1,611.5","1,641.4","1,657.9","1,661.1","1,774.3","1,845.1","1,867.5","1,855.2","1,699.2","1,710.0","1,691.6","1,699.6","1,664.3","1,709.6","1,694.2","1,736.6","1,864.4","1,910.3","1,979.1","1,938.5","1,807.6","1,840.7","1,798.7","1,796.6","1,753.1","1,790.0","1,786.4","1,798.5","1,912.5","1,998.5","1,991.8","1,950.4","1,778.5","1,817.2","1,843.1","1,849.4","1,773.8","1,755.0","1,766.1"
,"25 to 29 years","1,377.5","1,377.5","1,401.7","1,413.8","1,445.4","1,457.8","1,451.1","1,445.2","1,449.8","1,445.1","1,438.5","1,425.2","1,384.1","1,408.6","1,408.3","1,404.2","1,448.3","1,460.1","1,452.2","1,455.3","1,469.9","1,466.2","1,458.9","1,456.8","1,427.8","1,425.7","1,448.9","1,472.3","1,496.3","1,520.1","1,519.1","1,502.9","1,513.6","1,524.0","1,517.4","1,505.3","1,471.9","1,491.2","1,505.6","1,503.1","1,549.8","1,562.1","1,572.5","1,579.1","1,572.0","1,588.9","1,589.5","1,575.5","1,548.4","1,554.3","1,557.2","1,564.0","1,595.1","1,630.4","1,624.7","1,632.7","1,637.2","1,650.7","1,636.9","1,617.3","1,598.3","1,620.3","1,632.2","1,650.0","1,675.9","1,686.5","1,674.5","1,673.5","1,675.2","1,657.1","1,650.0","1,639.1","1,607.3","1,614.2","1,617.8","1,613.1","1,643.8","1,648.9","1,638.4","1,637.8","1,639.7","1,638.4","1,609.7","1,586.9","1,565.8","1,572.8","1,588.0","1,609.1","1,672.6","1,702.4","1,699.8","1,713.7","1,701.0","1,695.0","1,676.7","1,663.3","1,611.6","1,625.3","1,629.8","1,644.6","1,696.9","1,731.2","1,748.6","1,736.9","1,736.5","1,737.8","1,737.9","1,711.6","1,692.3","1,696.7","1,710.5","1,728.1","1,774.7","1,791.9","1,805.9","1,802.0","1,800.6","1,793.1","1,778.2","1,762.6","1,741.9","1,754.0","1,775.9","1,782.3","1,836.2","1,854.9","1,850.0","1,879.7","1,877.6","1,865.1","1,841.7","1,823.4","1,771.7","1,802.2","1,813.8","1,826.3","1,885.8","1,918.1","1,913.5","1,915.7","1,924.3","1,916.7","1,904.3","1,882.4","1,858.6","1,877.8","1,883.5","1,899.0","1,951.7","1,975.6","1,948.6","1,954.9","1,931.0","1,936.5","1,910.5","1,910.0","1,873.4","1,898.1","1,916.4","1,926.5","1,969.6","1,985.3","1,976.7","1,974.2","1,976.8","1,982.0","1,948.4","1,935.6","1,898.5","1,901.4","1,893.8","1,924.7","1,959.5","1,975.4","1,978.5","1,971.2","1,958.1","1,925.3","1,881.2","1,848.5","1,790.5","1,789.8","1,792.8","1,812.2","1,845.2","1,850.6","1,843.4","1,838.0","1,807.2","1,797.7","1,763.9","1,735.3","1,695.4","1,686.0","1,675.5","1,699.4","1,732.9","1,778.9","1,773.0","1,763.4","1,737.5","1,716.6","1,706.3","1,691.6","1,640.1","1,640.5","1,625.3","1,634.4","1,666.5","1,698.4","1,678.3","1,667.5","1,642.2","1,638.4","1,627.3","1,606.9","1,568.6","1,579.2","1,578.1","1,587.8","1,635.7","1,654.6","1,650.3","1,626.1","1,622.1","1,629.5","1,629.3","1,604.9","1,569.3","1,565.4","1,561.7","1,560.9","1,588.7","1,606.2","1,603.9","1,588.8","1,601.4","1,570.3","1,566.0","1,551.8","1,530.8","1,542.6","1,548.3","1,554.3","1,572.3","1,601.4","1,594.8","1,598.3","1,588.4","1,580.5","1,556.7","1,550.3","1,506.9","1,520.6","1,533.7","1,543.5","1,580.6","1,613.4","1,614.8","1,604.1","1,618.8","1,618.9","1,599.7","1,604.9","1,561.4","1,573.6","1,582.1","1,593.3","1,609.1","1,634.7","1,625.0","1,628.7","1,597.9","1,611.0","1,606.3","1,586.9","1,561.0","1,554.6","1,557.6","1,580.6","1,621.0","1,642.6","1,632.5","1,633.8","1,636.3","1,622.9","1,599.3","1,602.5","1,568.2","1,572.0","1,583.7","1,592.6","1,618.5","1,627.8","1,621.3","1,626.0","1,626.7","1,622.9","1,625.1","1,604.9","1,575.9","1,585.1","1,592.9","1,592.5","1,620.5","1,637.8","1,620.7","1,609.9","1,613.3","1,612.9","1,604.0","1,576.7","1,549.9","1,551.3","1,574.4","1,547.6","1,599.5","1,627.6","1,630.2","1,635.0","1,636.6","1,646.2","1,649.1","1,620.8","1,588.9","1,595.6","1,597.0","1,608.6","1,630.5","1,662.9","1,637.7","1,634.0","1,636.3","1,662.9","1,647.7","1,656.4","1,607.8","1,622.9","1,617.7","1,625.1","1,646.9","1,676.2","1,662.6","1,645.9","1,655.7","1,653.8","1,653.7","1,634.8","1,629.1","1,634.0","1,645.4","1,649.8","1,682.8","1,695.3","1,685.4","1,670.1","1,681.6","1,687.6","1,702.8","1,682.6","1,652.0","1,670.8","1,673.9","1,694.1","1,745.7","1,752.3","1,735.4","1,720.3","1,737.2","1,733.7","1,726.6","1,726.5","1,694.8","1,706.7","1,697.3","1,706.9","1,747.2","1,768.1","1,762.0","1,748.5","1,756.8","1,768.1","1,760.5","1,757.0","1,742.0","1,741.6","1,741.4","1,766.4","1,791.0","1,813.9","1,798.3","1,805.5","1,809.7","1,818.1","1,807.9","1,799.5","1,768.4","1,763.7","1,751.6","1,745.1","1,772.7","1,806.7","1,799.8","1,785.2","1,800.0","1,782.3","1,794.8","1,788.6","1,754.7","1,760.1","1,775.5","1,785.5","1,818.5","1,871.1","1,835.5","1,836.1","1,845.4","1,827.1","1,824.0","1,804.3","1,789.6","1,785.6","1,793.6","1,791.9","1,833.0","1,840.8","1,807.0","1,831.2","1,816.2","1,795.6","1,791.3","1,791.8","1,764.4","1,772.5","1,767.3","1,788.3","1,846.0","1,878.3","1,871.5","1,866.7","1,898.6","1,889.3","1,897.4","1,875.6","1,823.4","1,809.1","1,795.8","1,810.3","1,834.7","1,852.7","1,862.2","1,853.1","1,848.7","1,834.4","1,849.2","1,816.8","1,801.2","1,790.2","1,791.4","1,824.8","1,854.6","1,891.1","1,861.0","1,857.8","1,879.1","1,870.2","1,871.3","1,864.9","1,817.3","1,817.0","1,798.7","1,838.1","1,886.3","1,914.5","1,899.1","1,914.8","1,913.8","1,881.8","1,863.3","1,853.3","1,832.8","1,833.2","1,868.1","1,876.8","1,932.1","1,953.3","1,928.0","1,925.4","1,941.7","1,916.7","1,918.7","1,914.1","1,897.9","1,895.1","1,911.8","1,933.1","1,977.7","1,990.7","1,981.7","1,991.1","1,987.5","1,984.2","1,988.1","1,971.6","1,975.1","1,984.4","1,991.3","2,028.6","2,055.0","2,091.9","2,101.2","2,078.9","2,075.7","2,085.6","2,099.7","2,084.7","2,060.5","2,056.2","2,047.7","2,066.4","2,105.3","2,103.6","2,090.3","2,112.4","2,122.8","2,115.3","2,100.8","2,133.7","2,069.1","2,076.2","1,965.4","1,706.9","1,746.7","1,935.1","1,973.9","2,000.5","2,075.5","2,084.8","2,065.6","2,035.6","1,979.4","2,008.7","2,035.9","2,045.0","2,063.9","2,119.1","2,095.6","2,109.3","2,150.4","2,128.8","2,166.8","2,158.8","2,110.1","2,155.9","2,167.0","2,180.8","2,206.6","2,220.5","2,206.9","2,201.1","2,204.3","2,219.3","2,235.7","2,223.1","2,204.1","2,211.1","2,191.2","2,205.9","2,248.9","2,273.0","2,245.9","2,285.3","2,305.0","2,314.4","2,309.7","2,294.8","2,288.1","2,310.1","2,312.3","2,340.5","2,376.6","2,406.0","2,419.1","2,400.3","2,405.3","2,407.1","2,395.4","2,403.6","2,350.2","2,368.0","2,360.6","2,373.9","2,411.6","2,429.5","2,406.5","2,369.1","2,401.3","2,389.8","2,405.9","2,381.8","2,334.9","2,337.0","2,333.9"
,"30 to 34 years","1,097.9","1,104.5","1,118.6","1,124.3","1,154.9","1,161.3","1,164.2","1,168.0","1,182.7","1,186.1","1,185.4","1,183.7","1,169.7","1,186.4","1,198.2","1,216.5","1,247.8","1,253.0","1,241.1","1,240.6","1,269.7","1,280.4","1,276.0","1,267.9","1,252.3","1,268.8","1,272.0","1,272.5","1,303.3","1,333.1","1,325.0","1,332.0","1,360.6","1,372.9","1,359.1","1,347.6","1,338.6","1,346.4","1,360.7","1,360.6","1,384.8","1,405.4","1,402.1","1,402.7","1,429.3","1,442.1","1,439.2","1,416.0","1,407.6","1,420.3","1,431.7","1,446.3","1,454.3","1,474.9","1,460.8","1,462.3","1,506.8","1,513.3","1,520.5","1,510.3","1,494.9","1,512.6","1,517.0","1,531.2","1,547.5","1,561.1","1,540.7","1,551.7","1,568.9","1,569.4","1,549.1","1,509.8","1,491.4","1,492.9","1,498.9","1,483.9","1,500.9","1,516.2","1,490.4","1,478.4","1,499.0","1,493.9","1,467.1","1,445.6","1,420.0","1,435.2","1,454.2","1,466.6","1,488.2","1,504.5","1,502.4","1,514.3","1,535.2","1,535.3","1,521.5","1,514.2","1,483.6","1,502.4","1,507.9","1,523.7","1,550.8","1,568.8","1,568.2","1,570.1","1,592.6","1,590.1","1,578.9","1,566.0","1,532.4","1,553.6","1,570.3","1,595.5","1,628.6","1,635.4","1,628.6","1,631.0","1,668.9","1,662.1","1,660.2","1,662.3","1,664.7","1,682.2","1,677.7","1,680.2","1,697.3","1,727.7","1,716.2","1,727.8","1,756.0","1,750.6","1,748.7","1,738.6","1,709.2","1,698.9","1,726.7","1,749.8","1,770.1","1,784.8","1,778.9","1,793.2","1,810.8","1,817.7","1,809.6","1,811.7","1,790.4","1,797.7","1,806.1","1,813.8","1,838.2","1,848.8","1,846.5","1,847.4","1,883.8","1,881.4","1,872.9","1,862.3","1,830.7","1,833.2","1,847.9","1,855.3","1,886.3","1,906.3","1,888.3","1,913.8","1,926.6","1,933.1","1,931.4","1,907.9","1,902.6","1,910.6","1,912.3","1,918.4","1,927.2","1,945.5","1,920.7","1,919.5","1,944.9","1,938.3","1,918.9","1,882.2","1,864.2","1,860.8","1,858.3","1,891.4","1,919.7","1,953.7","1,940.2","1,953.4","1,957.1","1,947.8","1,909.5","1,886.3","1,854.3","1,859.1","1,875.4","1,886.9","1,919.5","1,930.8","1,912.3","1,888.9","1,909.6","1,892.8","1,869.5","1,865.0","1,843.0","1,861.4","1,852.0","1,861.2","1,897.8","1,930.3","1,905.2","1,925.8","1,946.5","1,941.0","1,929.2","1,914.5","1,867.9","1,860.7","1,866.4","1,878.2","1,906.6","1,920.9","1,935.0","1,942.1","1,968.5","1,959.2","1,937.7","1,927.4","1,890.7","1,913.4","1,918.4","1,927.9","1,971.8","1,977.7","1,957.3","1,962.7","1,984.7","1,981.2","1,945.1","1,932.0","1,906.9","1,901.5","1,908.0","1,939.3","1,945.1","1,946.3","1,934.2","1,930.4","1,940.1","1,935.6","1,929.6","1,896.0","1,864.3","1,845.3","1,853.9","1,866.9","1,901.8","1,914.5","1,914.7","1,914.4","1,924.2","1,915.5","1,892.8","1,869.1","1,820.5","1,831.4","1,834.9","1,860.6","1,882.3","1,877.9","1,857.6","1,848.3","1,853.2","1,850.4","1,836.7","1,831.6","1,787.4","1,784.9","1,783.0","1,779.3","1,805.7","1,802.4","1,781.1","1,782.6","1,786.7","1,803.1","1,800.1","1,792.0","1,754.8","1,756.3","1,756.3","1,768.5","1,788.7","1,797.0","1,781.9","1,770.7","1,797.9","1,798.6","1,792.8","1,764.5","1,744.6","1,758.4","1,762.8","1,772.9","1,781.1","1,784.9","1,760.9","1,768.3","1,761.6","1,754.3","1,745.0","1,720.2","1,703.2","1,713.9","1,716.5","1,728.1","1,745.5","1,766.8","1,753.6","1,755.6","1,778.0","1,760.6","1,760.6","1,772.6","1,729.9","1,741.6","1,744.8","1,739.6","1,759.4","1,760.1","1,766.5","1,749.7","1,762.7","1,762.8","1,744.0","1,743.6","1,720.5","1,720.5","1,733.5","1,749.0","1,781.9","1,799.9","1,784.8","1,784.9","1,784.6","1,764.6","1,769.8","1,757.3","1,729.8","1,731.7","1,731.3","1,732.6","1,755.3","1,775.1","1,743.1","1,751.3","1,755.6","1,750.0","1,742.5","1,738.8","1,723.6","1,708.4","1,698.6","1,730.4","1,739.8","1,746.1","1,731.6","1,720.4","1,751.3","1,731.7","1,730.2","1,740.6","1,747.4","1,745.1","1,751.4","1,758.5","1,776.9","1,795.6","1,758.7","1,759.6","1,787.1","1,792.0","1,781.1","1,769.2","1,736.8","1,737.6","1,730.2","1,744.6","1,771.9","1,780.9","1,766.6","1,780.5","1,805.1","1,807.9","1,791.1","1,779.2","1,748.8","1,733.3","1,731.0","1,737.4","1,754.4","1,772.0","1,735.7","1,751.9","1,767.8","1,788.8","1,785.8","1,746.0","1,729.4","1,723.8","1,751.5","1,757.4","1,791.2","1,814.7","1,806.3","1,808.2","1,827.6","1,830.5","1,823.2","1,810.2","1,783.0","1,805.5","1,810.8","1,836.1","1,853.0","1,863.9","1,863.5","1,867.2","1,887.9","1,871.3","1,865.7","1,854.5","1,830.7","1,835.4","1,836.5","1,859.9","1,890.5","1,899.5","1,877.9","1,896.9","1,907.4","1,904.3","1,902.2","1,909.3","1,876.4","1,899.2","1,886.0","1,922.1","1,939.7","1,938.5","1,924.2","1,933.5","1,963.2","1,950.8","1,946.2","1,936.7","1,922.0","1,901.1","1,910.7","1,913.7","1,934.1","1,929.5","1,930.9","1,946.3","1,957.6","1,955.1","1,974.6","1,967.1","1,950.7","1,933.2","1,936.4","1,944.9","1,968.0","1,959.2","1,932.0","1,933.9","1,963.4","1,972.2","1,974.7","1,973.7","1,949.7","1,940.6","1,931.5","1,947.2","1,995.7","1,988.7","1,978.6","1,981.8","1,993.4","1,992.1","2,005.6","2,018.5","2,005.5","2,016.6","2,020.7","2,018.8","2,033.0","2,052.5","2,027.2","2,000.5","2,047.0","2,046.3","2,046.1","2,051.2","2,018.6","2,005.4","2,009.5","2,016.0","2,049.0","2,063.7","2,037.9","2,033.2","2,091.8","2,099.0","2,092.4","2,095.8","2,046.3","2,047.2","2,037.2","2,069.1","2,095.2","2,103.2","2,078.9","2,087.1","2,128.3","2,135.4","2,132.1","2,130.3","2,110.6","2,133.1","2,039.5","1,859.2","1,926.4","2,020.9","2,045.2","2,059.2","2,131.2","2,124.9","2,143.2","2,154.4","2,118.5","2,144.7","2,145.2","2,162.8","2,181.9","2,172.9","2,170.9","2,162.0","2,219.8","2,268.4","2,279.5","2,272.9","2,223.0","2,257.4","2,263.3","2,267.7","2,321.8","2,319.1","2,304.0","2,318.3","2,367.5","2,367.2","2,353.6","2,347.6","2,353.5","2,346.3","2,371.4","2,406.3","2,450.9","2,479.6","2,448.9","2,473.2","2,488.4","2,481.4","2,483.4","2,480.3","2,454.1","2,481.4","2,495.8","2,534.7","2,547.3","2,534.6","2,525.9","2,536.5","2,565.8","2,557.0","2,589.4","2,569.6","2,564.3","2,597.4","2,600.0","2,598.3","2,596.6","2,627.7","2,593.6","2,572.3","2,636.5","2,644.9","2,606.5","2,591.7","2,583.9","2,558.3","2,587.3"
,"35 to 39 years","923.7","931.9","926.2","933.9","944.9","945.7","941.4","944.5","965.5","977.2","976.8","961.8","934.8","948.0","954.5","957.4","974.3","992.7","991.5","991.1","988.6","1,000.0","1,004.7","1,001.5","975.4","987.6","1,007.1","1,008.8","1,029.7","1,039.6","1,044.6","1,067.5","1,087.1","1,089.7","1,080.4","1,090.7","1,069.6","1,086.3","1,082.7","1,088.0","1,108.7","1,111.6","1,117.8","1,112.8","1,138.0","1,149.5","1,152.1","1,146.6","1,135.4","1,129.3","1,142.7","1,152.4","1,156.6","1,175.5","1,161.1","1,165.9","1,188.1","1,206.2","1,191.7","1,176.4","1,177.9","1,186.1","1,189.4","1,191.6","1,229.3","1,277.3","1,247.2","1,267.3","1,277.3","1,296.3","1,294.0","1,253.9","1,240.5","1,248.2","1,272.8","1,268.2","1,294.1","1,308.9","1,307.6","1,290.0","1,299.2","1,305.4","1,298.9","1,293.5","1,278.6","1,291.2","1,300.2","1,307.7","1,336.6","1,344.7","1,329.2","1,334.9","1,377.2","1,389.7","1,387.1","1,378.7","1,358.1","1,368.0","1,378.2","1,399.9","1,406.5","1,416.2","1,404.3","1,403.0","1,429.0","1,437.7","1,440.8","1,446.1","1,462.7","1,470.7","1,479.0","1,484.8","1,485.6","1,492.6","1,497.2","1,501.1","1,540.6","1,538.9","1,541.9","1,537.6","1,519.9","1,521.6","1,533.7","1,553.8","1,573.9","1,561.0","1,558.1","1,544.1","1,572.4","1,590.9","1,589.1","1,585.6","1,571.2","1,595.7","1,602.1","1,591.3","1,604.1","1,595.8","1,573.1","1,575.6","1,618.9","1,624.7","1,638.6","1,643.3","1,621.6","1,617.3","1,610.5","1,631.3","1,643.3","1,674.4","1,634.1","1,637.2","1,663.5","1,662.9","1,671.6","1,687.9","1,666.5","1,661.9","1,673.6","1,705.7","1,706.5","1,715.8","1,707.3","1,739.6","1,751.9","1,738.9","1,735.7","1,725.4","1,687.5","1,702.9","1,716.2","1,748.4","1,782.8","1,805.5","1,791.5","1,783.6","1,797.4","1,781.6","1,770.2","1,742.9","1,729.9","1,738.1","1,734.0","1,749.7","1,768.5","1,777.5","1,748.8","1,733.4","1,790.2","1,787.8","1,763.5","1,753.0","1,734.1","1,754.5","1,744.8","1,754.4","1,786.3","1,789.3","1,723.6","1,725.4","1,754.9","1,788.8","1,783.7","1,800.0","1,800.0","1,796.2","1,774.0","1,779.3","1,820.9","1,827.5","1,806.3","1,829.1","1,879.1","1,862.5","1,844.9","1,804.3","1,783.5","1,827.4","1,807.8","1,811.6","1,851.7","1,902.7","1,868.1","1,866.4","1,911.2","1,905.1","1,918.8","1,888.5","1,879.2","1,873.1","1,883.9","1,886.5","1,915.2","1,934.4","1,920.2","1,955.2","1,995.1","1,980.7","1,979.3","1,941.9","1,929.2","1,922.5","1,921.7","1,920.7","1,949.6","1,962.1","1,929.4","1,936.0","1,973.3","1,967.2","1,991.7","2,007.7","1,967.6","1,950.8","1,994.7","1,998.3","2,033.0","2,006.1","2,018.6","2,037.7","2,065.3","2,041.6","2,040.0","2,007.3","1,962.9","1,969.9","1,995.3","2,012.0","2,053.5","2,069.2","2,070.2","2,087.1","2,116.0","2,112.3","2,103.6","2,087.7","2,057.7","2,073.4","2,072.4","2,074.8","2,072.3","2,065.1","2,047.5","2,067.7","2,091.5","2,075.3","2,075.6","2,086.1","2,042.6","2,044.7","2,043.7","2,046.5","2,099.7","2,099.8","2,096.4","2,106.6","2,127.0","2,108.5","2,070.4","2,068.2","2,016.6","2,012.4","2,012.4","2,037.0","2,101.1","2,087.3","2,055.4","2,043.4","2,045.0","2,011.4","1,991.9","1,993.9","1,971.6","1,971.4","1,980.8","2,003.2","2,039.5","2,032.8","1,951.8","1,980.1","1,999.1","1,988.6","1,948.1","1,941.2","1,941.7","1,946.9","1,962.9","1,964.6","1,990.3","1,981.5","1,939.1","1,899.6","1,937.1","1,955.9","1,951.7","1,922.4","1,886.4","1,888.6","1,894.7","1,932.6","1,955.0","1,967.4","1,930.7","1,923.0","1,901.5","1,904.0","1,881.8","1,868.7","1,846.7","1,868.2","1,846.2","1,880.0","1,892.3","1,884.4","1,851.4","1,875.2","1,901.5","1,881.9","1,892.5","1,884.7","1,853.2","1,844.1","1,853.1","1,886.2","1,913.1","1,901.1","1,870.6","1,885.5","1,910.4","1,898.3","1,897.6","1,891.2","1,866.0","1,848.2","1,853.0","1,855.8","1,866.2","1,840.7","1,837.2","1,802.3","1,848.1","1,827.1","1,825.6","1,836.1","1,805.6","1,814.7","1,813.1","1,812.2","1,848.1","1,859.3","1,819.5","1,846.7","1,870.1","1,897.1","1,867.1","1,831.9","1,768.2","1,757.9","1,749.0","1,758.6","1,752.6","1,757.0","1,748.6","1,758.8","1,797.8","1,792.9","1,812.4","1,820.7","1,810.9","1,811.4","1,814.4","1,822.4","1,796.7","1,784.7","1,732.7","1,741.4","1,743.8","1,722.1","1,774.1","1,776.7","1,743.2","1,747.2","1,761.1","1,753.8","1,726.2","1,774.0","1,760.9","1,795.1","1,849.6","1,855.8","1,829.4","1,815.5","1,807.4","1,795.6","1,788.2","1,802.7","1,823.2","1,841.6","1,826.6","1,827.5","1,864.0","1,859.0","1,857.9","1,872.3","1,834.7","1,861.6","1,831.5","1,871.8","1,889.0","1,869.7","1,833.8","1,826.2","1,897.2","1,875.9","1,834.3","1,847.9","1,870.7","1,887.4","1,862.4","1,888.8","1,906.0","1,888.0","1,866.8","1,853.4","1,868.1","1,864.3","1,869.7","1,878.9","1,871.0","1,884.9","1,868.8","1,875.5","1,910.2","1,932.1","1,892.8","1,892.7","1,929.7","1,926.7","1,898.7","1,888.9","1,872.6","1,857.6","1,839.6","1,880.0","1,883.8","1,915.0","1,893.2","1,929.8","1,984.3","1,993.2","1,995.5","1,971.4","1,979.0","1,956.4","1,944.3","1,945.6","1,981.2","1,995.7","1,960.5","1,955.7","1,972.0","1,984.6","2,000.6","1,981.5","1,977.9","2,008.6","2,029.8","2,041.9","2,033.3","2,040.5","2,013.8","2,022.7","2,048.8","2,043.6","2,069.4","2,069.6","2,065.9","2,094.8","2,053.6","2,044.3","2,080.5","2,085.1","2,060.3","2,051.3","2,103.4","2,108.2","2,118.7","2,123.3","2,105.6","2,122.3","2,063.6","1,837.1","1,886.7","1,994.5","1,966.2","1,968.0","2,046.4","2,061.4","2,037.4","2,028.4","2,017.0","2,060.8","2,090.9","2,097.5","2,122.3","2,133.2","2,068.9","2,091.7","2,130.2","2,146.1","2,132.8","2,139.7","2,126.2","2,181.3","2,199.1","2,241.0","2,265.7","2,249.2","2,229.1","2,188.7","2,249.3","2,243.6","2,214.2","2,230.0","2,218.2","2,260.8","2,276.1","2,282.0","2,313.8","2,287.5","2,282.4","2,243.9","2,293.5","2,293.6","2,322.3","2,352.3","2,288.0","2,287.7","2,326.1","2,336.2","2,366.7","2,359.0","2,350.7","2,384.1","2,406.8","2,421.8","2,430.2","2,458.3","2,428.2","2,436.7","2,453.3","2,434.8","2,469.4","2,488.3","2,493.1","2,471.7","2,496.8","2,507.2","2,511.1","2,509.0","2,489.8","2,498.5","2,517.4"
,"40 to 44 years","858.4","872.9","879.8","881.3","898.3","902.9","895.6","901.8","910.7","908.0","909.1","906.2","894.2","902.2","903.7","908.9","922.6","919.6","909.5","907.5","924.7","922.1","915.3","911.9","907.4","919.5","910.3","910.9","922.2","920.7","911.8","914.1","927.4","925.6","931.5","916.6","913.2","907.1","924.8","939.2","948.0","952.7","948.0","961.4","976.3","972.9","954.7","955.6","941.6","954.5","966.6","966.6","991.7","992.0","991.6","997.6","995.7","1,002.6","1,005.9","1,016.5","993.4","1,003.9","1,022.2","1,027.7","1,039.8","1,024.2","1,031.6","1,031.6","1,053.8","1,059.0","1,055.2","1,048.7","1,039.2","1,048.9","1,036.9","1,036.5","1,047.1","1,052.9","1,047.2","1,041.4","1,043.7","1,049.4","1,047.4","1,043.8","1,027.0","1,039.8","1,059.2","1,075.7","1,088.8","1,100.7","1,112.5","1,106.7","1,132.5","1,124.0","1,122.0","1,114.9","1,106.0","1,122.0","1,130.5","1,130.3","1,165.2","1,177.1","1,172.0","1,184.8","1,198.2","1,193.2","1,167.4","1,163.7","1,141.6","1,149.7","1,154.5","1,179.8","1,216.5","1,220.8","1,198.5","1,209.9","1,233.6","1,228.6","1,232.6","1,235.0","1,244.5","1,250.0","1,264.4","1,281.2","1,285.3","1,306.3","1,289.9","1,298.2","1,325.0","1,324.0","1,304.2","1,302.7","1,290.5","1,293.0","1,309.9","1,342.3","1,385.2","1,415.9","1,410.3","1,401.6","1,425.6","1,449.6","1,426.3","1,422.1","1,407.9","1,453.0","1,472.1","1,475.4","1,506.6","1,509.7","1,505.2","1,513.6","1,536.4","1,559.8","1,548.9","1,521.6","1,513.5","1,531.1","1,529.0","1,521.7","1,566.9","1,589.7","1,576.0","1,575.9","1,619.3","1,642.4","1,632.2","1,616.8","1,608.0","1,621.1","1,622.9","1,633.1","1,649.3","1,668.8","1,656.5","1,661.3","1,697.5","1,706.2","1,670.3","1,675.8","1,662.3","1,653.8","1,664.6","1,674.5","1,711.9","1,719.3","1,693.4","1,700.7","1,710.2","1,709.1","1,711.3","1,688.6","1,658.8","1,678.5","1,664.5","1,655.5","1,661.6","1,675.5","1,701.1","1,706.9","1,732.8","1,725.7","1,701.3","1,650.7","1,620.4","1,644.3","1,669.9","1,679.6","1,719.3","1,760.1","1,745.4","1,723.5","1,748.0","1,758.5","1,753.2","1,732.7","1,710.4","1,707.5","1,729.3","1,744.6","1,785.2","1,763.4","1,771.7","1,798.8","1,812.4","1,819.7","1,795.5","1,809.0","1,780.4","1,781.0","1,786.7","1,804.7","1,820.9","1,829.8","1,796.7","1,777.6","1,821.9","1,816.7","1,820.4","1,842.9","1,814.7","1,822.9","1,812.8","1,833.1","1,863.2","1,869.8","1,890.8","1,889.0","1,918.3","1,902.9","1,876.1","1,854.6","1,868.7","1,904.5","1,894.5","1,909.7","1,919.1","1,976.0","1,937.3","1,942.2","1,970.4","1,987.6","1,985.9","1,990.9","1,983.8","1,996.0","1,992.5","2,002.0","2,009.0","2,022.8","1,992.8","2,005.9","2,028.9","2,031.1","2,023.7","2,031.3","2,007.3","2,026.8","2,033.1","2,055.6","2,084.0","2,110.9","2,087.8","2,088.1","2,124.5","2,135.7","2,133.0","2,101.2","2,091.4","2,125.9","2,140.3","2,132.7","2,132.8","2,157.5","2,095.5","2,101.8","2,119.0","2,159.7","2,172.0","2,153.2","2,153.8","2,162.2","2,138.5","2,146.9","2,138.2","2,141.2","2,136.3","2,158.9","2,195.5","2,209.9","2,210.4","2,159.3","2,129.5","2,147.4","2,153.7","2,197.9","2,211.6","2,224.4","2,239.6","2,247.9","2,291.7","2,280.2","2,278.1","2,249.4","2,188.6","2,186.4","2,161.2","2,181.8","2,210.2","2,231.2","2,214.4","2,247.0","2,268.0","2,252.2","2,243.4","2,257.3","2,218.9","2,229.9","2,231.4","2,222.4","2,242.0","2,229.5","2,213.6","2,211.5","2,281.9","2,272.5","2,241.5","2,257.8","2,227.1","2,207.1","2,225.2","2,225.4","2,252.9","2,262.3","2,261.6","2,244.7","2,262.6","2,263.2","2,217.7","2,208.3","2,176.3","2,165.4","2,167.7","2,176.9","2,177.9","2,193.6","2,173.8","2,156.4","2,182.0","2,193.0","2,158.2","2,151.3","2,131.8","2,138.3","2,128.8","2,154.4","2,168.6","2,202.6","2,166.8","2,180.1","2,191.3","2,178.9","2,188.8","2,158.3","2,139.1","2,147.8","2,123.5","2,145.0","2,139.9","2,121.1","2,061.7","2,054.3","2,064.1","2,038.7","2,052.4","2,045.8","1,996.9","2,011.7","2,010.3","2,023.3","2,047.2","2,029.3","1,975.2","1,961.6","1,998.9","1,983.4","1,963.5","1,918.1","1,892.2","1,906.0","1,893.1","1,919.1","1,966.5","1,988.9","1,960.4","1,957.5","2,006.4","1,992.9","1,967.1","1,953.4","1,958.8","1,944.5","1,918.9","1,966.4","2,011.6","1,995.8","1,939.8","1,932.0","1,938.8","1,931.6","1,915.7","1,925.6","1,915.0","1,932.8","1,934.2","1,968.6","1,981.3","1,957.8","1,907.6","1,933.4","1,951.9","1,952.1","1,933.2","1,929.8","1,947.0","1,945.0","1,958.4","1,950.8","1,962.5","1,995.8","1,955.4","1,962.5","1,959.2","1,994.3","2,009.0","1,974.3","1,913.3","1,909.4","1,942.2","1,893.4","1,912.8","1,924.8","1,920.1","1,930.0","1,990.1","1,994.4","1,976.8","1,971.2","1,913.4","1,906.9","1,915.2","1,923.0","1,903.7","1,905.1","1,886.7","1,903.9","1,904.0","1,914.0","1,949.0","1,974.4","1,927.2","1,917.6","1,943.7","1,921.2","1,942.5","1,920.5","1,899.1","1,881.0","1,883.8","1,907.1","1,910.7","1,906.4","1,908.7","1,949.1","1,953.8","1,979.3","1,970.6","1,955.7","1,934.3","1,940.1","1,959.9","1,952.3","1,941.9","1,974.4","1,947.5","1,940.5","1,954.4","1,964.1","1,996.2","2,007.0","1,973.9","1,979.8","2,035.1","2,043.0","2,032.8","2,011.7","1,979.7","1,986.9","2,010.7","2,039.9","2,035.2","2,056.9","2,009.2","2,010.8","2,060.8","2,074.0","2,061.4","2,033.0","2,050.5","2,030.3","1,934.0","1,814.4","1,865.6","1,984.6","2,000.1","2,021.6","2,111.3","2,099.9","2,115.0","2,103.0","2,034.5","2,076.0","2,077.7","2,051.6","2,056.6","2,070.4","2,092.2","2,069.7","2,149.1","2,167.3","2,190.2","2,206.1","2,142.1","2,182.7","2,175.9","2,177.9","2,171.6","2,195.3","2,164.5","2,174.1","2,195.5","2,226.8","2,261.7","2,241.1","2,258.5","2,248.2","2,249.0","2,263.8","2,279.8","2,317.2","2,245.8","2,275.2","2,349.6","2,353.8","2,339.1","2,320.9","2,349.7","2,356.1","2,336.4","2,361.2","2,331.8","2,349.9","2,313.6","2,301.4","2,380.5","2,351.1","2,350.8","2,336.5","2,356.8","2,362.5","2,346.5","2,388.9","2,389.7","2,409.6","2,336.6","2,326.8","2,411.9","2,419.8","2,406.0","2,403.3","2,373.4","2,372.1","2,342.7"
,"45 to 49 years","850.7","854.8","856.7","848.6","862.0","878.2","861.7","859.9","876.6","876.9","859.1","855.3","845.6","851.6","846.6","855.6","866.2","871.1","848.0","848.6","868.6","867.3","869.4","859.4","839.6","851.2","853.4","859.7","889.0","890.7","899.1","889.8","899.1","887.3","874.0","861.2","836.1","857.7","854.6","871.8","869.0","880.8","879.1","875.6","893.3","896.0","901.1","885.3","878.6","883.4","892.3","901.6","896.6","898.8","913.2","900.7","922.8","911.8","905.2","886.4","876.5","888.0","890.4","889.2","887.7","899.6","903.8","901.3","903.3","917.4","909.2","901.4","888.5","886.6","890.4","889.0","895.4","896.6","881.8","882.1","872.8","865.4","855.1","848.2","841.4","845.5","866.0","865.7","890.9","899.1","900.0","901.4","920.3","927.6","920.3","900.9","885.1","882.1","877.0","876.4","885.2","895.7","895.2","906.8","919.6","917.0","913.9","899.1","894.1","897.1","911.1","943.3","961.9","976.2","984.6","978.9","975.0","967.3","965.9","949.0","926.3","943.1","935.4","953.1","959.3","961.9","942.9","953.8","975.5","973.6","984.5","993.9","1,000.3","998.3","1,020.5","1,034.1","1,034.6","1,053.6","1,025.1","1,039.7","1,057.0","1,053.7","1,055.7","1,034.3","1,031.7","1,048.7","1,047.0","1,052.4","1,067.6","1,093.2","1,088.8","1,096.6","1,110.9","1,133.3","1,120.8","1,111.3","1,122.9","1,121.2","1,143.7","1,143.5","1,184.7","1,191.9","1,165.2","1,179.6","1,197.1","1,184.7","1,160.1","1,159.2","1,156.6","1,163.4","1,165.1","1,205.7","1,221.5","1,246.0","1,248.2","1,256.9","1,282.3","1,277.4","1,270.4","1,250.6","1,213.3","1,217.0","1,213.7","1,230.4","1,247.4","1,274.4","1,277.8","1,271.2","1,312.5","1,318.2","1,311.7","1,291.8","1,288.3","1,305.3","1,306.1","1,332.5","1,351.0","1,375.6","1,348.7","1,321.2","1,356.3","1,370.8","1,347.3","1,316.4","1,312.2","1,328.7","1,365.5","1,361.3","1,395.7","1,406.4","1,384.5","1,393.2","1,412.4","1,418.3","1,401.6","1,395.5","1,395.4","1,434.4","1,434.3","1,454.6","1,499.9","1,531.4","1,525.2","1,522.5","1,552.8","1,547.0","1,534.4","1,529.5","1,505.8","1,506.1","1,534.3","1,543.1","1,565.8","1,578.0","1,573.7","1,592.0","1,622.1","1,615.3","1,611.6","1,600.2","1,594.9","1,582.8","1,568.1","1,592.2","1,614.7","1,631.0","1,614.7","1,634.5","1,645.0","1,626.7","1,631.7","1,616.7","1,603.5","1,598.4","1,599.1","1,611.5","1,646.5","1,677.2","1,661.3","1,695.7","1,715.3","1,690.4","1,671.7","1,653.1","1,628.4","1,654.9","1,677.9","1,705.3","1,716.5","1,736.4","1,720.7","1,718.3","1,766.8","1,765.7","1,742.9","1,711.1","1,704.8","1,730.8","1,742.7","1,747.6","1,759.6","1,778.3","1,776.6","1,765.6","1,793.4","1,797.6","1,793.3","1,804.8","1,780.1","1,795.0","1,760.9","1,800.5","1,827.4","1,838.4","1,828.1","1,829.6","1,856.8","1,841.2","1,834.5","1,838.9","1,798.4","1,814.4","1,819.4","1,839.2","1,868.2","1,884.9","1,868.2","1,864.9","1,900.5","1,895.1","1,896.0","1,893.7","1,882.1","1,920.2","1,918.6","1,945.0","1,960.4","1,989.8","1,965.3","1,959.6","1,993.9","1,998.3","1,994.8","2,012.0","1,986.7","1,985.0","1,995.8","2,002.3","2,029.8","2,007.8","2,022.2","2,022.8","2,041.5","2,069.0","2,077.2","2,091.6","2,065.1","2,062.9","2,068.9","2,085.8","2,123.5","2,118.1","2,074.3","2,096.0","2,110.1","2,121.8","2,079.1","2,096.4","2,079.2","2,100.7","2,105.2","2,135.4","2,131.7","2,147.1","2,111.9","2,117.7","2,130.7","2,138.8","2,114.8","2,079.4","2,082.1","2,115.3","2,107.6","2,144.2","2,191.2","2,219.9","2,177.3","2,163.0","2,179.0","2,153.5","2,125.9","2,136.0","2,114.7","2,122.1","2,109.9","2,128.8","2,164.2","2,164.7","2,152.3","2,171.1","2,205.7","2,201.3","2,192.9","2,194.9","2,175.7","2,205.0","2,217.4","2,226.6","2,257.5","2,263.4","2,226.4","2,196.1","2,235.5","2,249.1","2,225.6","2,182.8","2,153.2","2,159.5","2,179.9","2,165.1","2,210.3","2,191.8","2,159.0","2,167.0","2,189.5","2,222.3","2,197.7","2,207.9","2,183.0","2,178.4","2,188.4","2,210.2","2,242.5","2,246.9","2,190.0","2,193.2","2,219.5","2,213.6","2,170.8","2,170.9","2,186.0","2,151.4","2,142.7","2,158.5","2,164.8","2,171.0","2,135.6","2,167.4","2,198.2","2,184.4","2,179.0","2,148.5","2,101.2","2,120.2","2,103.7","2,080.2","2,071.9","2,058.8","2,015.1","2,010.5","2,061.1","2,086.9","2,078.4","2,062.9","2,012.6","2,016.5","1,992.8","2,006.6","2,008.9","2,008.2","1,972.7","1,998.5","2,027.8","1,995.2","2,031.3","1,990.4","1,966.3","1,956.2","1,946.0","1,958.1","1,965.0","1,965.3","1,934.8","1,945.7","1,950.5","1,967.7","1,976.7","1,972.0","1,953.5","1,972.2","1,954.0","1,955.9","1,980.3","1,969.1","1,941.1","1,900.2","1,970.2","1,974.7","1,977.9","1,945.4","1,957.9","1,971.1","1,945.6","1,941.0","1,954.0","1,957.7","1,913.3","1,889.8","1,925.5","1,924.3","1,889.8","1,883.0","1,889.2","1,906.5","1,923.8","1,922.3","1,941.5","1,935.0","1,910.0","1,903.4","1,902.9","1,935.8","1,944.8","1,929.8","1,895.2","1,894.6","1,894.7","1,897.9","1,914.3","1,913.4","1,906.5","1,887.5","1,930.9","1,906.4","1,934.6","1,934.3","1,927.7","1,932.8","1,956.3","1,984.7","1,991.6","2,000.4","1,988.9","1,970.7","2,002.2","1,958.0","1,952.3","1,961.4","1,930.0","1,917.7","1,850.2","1,701.7","1,740.2","1,791.9","1,791.1","1,812.4","1,867.9","1,937.9","1,875.0","1,866.6","1,847.7","1,853.6","1,890.2","1,862.4","1,880.5","1,909.6","1,884.5","1,871.0","1,915.6","1,896.0","1,924.3","1,941.8","1,894.7","1,928.7","1,913.4","1,950.1","1,977.4","1,999.6","1,976.5","1,966.3","2,021.9","2,020.6","2,016.2","1,998.5","2,007.8","1,978.4","1,950.5","1,938.3","1,965.2","1,973.9","1,965.4","1,993.2","2,049.9","2,048.7","2,060.9","2,030.4","1,987.8","2,007.5","1,999.2","2,013.3","2,010.2","2,042.7","1,996.9","2,018.9","2,062.2","2,057.3","2,072.1","2,068.8","2,095.0","2,109.5","2,115.5","2,088.9","2,097.7","2,129.1","2,047.1","2,052.7","2,121.5","2,131.1","2,168.4","2,120.5","2,103.7","2,129.3","2,126.3"
,"50 to 54 years","762.3","763.8","772.1","780.0","781.4","794.2","801.2","800.4","802.6","800.7","808.8","794.0","775.6","759.4","767.6","766.7","780.2","786.6","791.4","803.9","805.8","806.3","778.7","764.1","756.3","759.4","771.9","771.4","783.8","795.2","779.4","789.2","799.0","817.5","818.9","812.7","804.6","787.4","794.2","792.0","818.1","824.7","830.8","838.3","828.8","819.3","808.9","802.3","792.1","787.2","785.6","792.6","806.1","811.0","796.3","823.5","831.3","827.1","825.5","822.6","817.1","822.7","825.0","840.6","852.3","867.9","857.8","854.3","862.0","841.7","837.4","824.6","815.1","811.0","819.2","818.8","830.1","817.9","810.8","816.6","838.3","826.6","823.7","812.2","799.7","808.6","815.2","827.9","833.4","843.0","837.4","839.3","843.1","829.4","829.3","817.9","800.7","805.3","808.9","812.2","826.1","830.0","825.2","821.8","843.8","849.9","839.5","845.6","839.6","834.6","826.8","808.9","817.4","810.1","794.6","808.0","834.6","849.8","831.8","838.8","836.9","833.4","841.2","843.9","850.5","848.0","851.8","845.4","856.5","868.7","853.6","829.8","817.8","818.8","815.4","821.8","846.2","850.9","848.6","858.1","864.0","879.1","872.1","881.4","859.3","861.4","878.4","890.4","899.3","892.2","879.7","895.0","909.6","902.1","895.0","901.7","896.7","901.8","890.8","894.7","891.7","899.8","904.0","904.1","929.0","935.2","926.7","918.9","898.5","904.3","915.5","898.5","906.6","899.9","890.8","891.2","888.2","918.8","908.4","914.0","915.9","912.9","908.5","925.2","935.3","935.0","934.8","944.9","962.4","960.5","951.5","959.3","944.2","934.7","936.4","939.7","961.0","959.6","977.0","999.7","1,013.5","1,001.7","1,014.6","1,026.8","1,007.7","1,015.3","1,005.1","1,020.2","1,026.4","1,035.6","1,033.6","1,047.7","1,077.5","1,072.1","1,065.2","1,055.3","1,034.5","1,014.2","1,023.5","1,036.8","1,041.7","1,039.5","1,034.7","1,050.1","1,064.1","1,083.9","1,083.8","1,072.2","1,071.0","1,081.3","1,080.3","1,084.5","1,104.3","1,125.7","1,122.5","1,127.8","1,145.2","1,150.5","1,118.7","1,114.5","1,091.2","1,104.8","1,127.2","1,125.0","1,157.2","1,150.2","1,156.1","1,165.2","1,192.6","1,209.5","1,178.0","1,212.6","1,209.6","1,222.5","1,223.8","1,234.5","1,261.3","1,271.7","1,259.5","1,255.5","1,288.5","1,300.6","1,309.4","1,333.1","1,336.0","1,327.1","1,321.0","1,319.9","1,330.2","1,338.0","1,323.7","1,327.8","1,356.7","1,350.6","1,353.3","1,373.6","1,364.6","1,368.0","1,366.6","1,395.8","1,446.2","1,451.8","1,449.1","1,455.2","1,465.2","1,471.8","1,464.0","1,443.3","1,443.0","1,480.2","1,520.2","1,511.6","1,538.1","1,541.2","1,523.8","1,506.9","1,536.4","1,539.3","1,531.9","1,539.8","1,553.3","1,567.4","1,564.0","1,585.3","1,608.8","1,606.1","1,572.1","1,563.0","1,614.1","1,632.2","1,623.8","1,609.4","1,589.4","1,584.3","1,606.6","1,606.9","1,641.1","1,644.7","1,633.5","1,621.6","1,641.3","1,639.1","1,626.3","1,611.8","1,606.9","1,652.2","1,645.0","1,657.5","1,663.9","1,720.8","1,678.2","1,687.3","1,722.9","1,695.8","1,687.3","1,652.8","1,671.8","1,684.9","1,700.0","1,703.2","1,702.0","1,746.1","1,714.9","1,723.8","1,746.3","1,767.7","1,784.5","1,759.2","1,736.1","1,735.8","1,746.3","1,724.9","1,756.0","1,794.2","1,750.7","1,756.2","1,812.5","1,825.7","1,828.9","1,848.1","1,834.0","1,819.0","1,848.5","1,832.5","1,852.1","1,845.6","1,817.7","1,858.2","1,893.9","1,922.3","1,923.9","1,919.3","1,925.8","1,915.7","1,943.1","1,937.5","1,959.0","1,988.0","1,956.8","1,968.4","1,992.4","2,007.9","1,995.6","1,962.1","1,966.5","1,953.0","1,953.9","1,957.4","1,990.9","2,012.7","1,989.6","2,015.1","2,046.7","2,046.8","2,027.3","2,049.8","2,010.1","2,008.4","1,975.8","2,019.1","2,013.6","2,032.9","2,008.1","2,030.7","2,077.7","2,063.7","2,076.6","2,049.0","2,026.0","2,016.6","1,997.6","2,032.9","2,038.0","2,040.1","2,036.2","2,069.5","2,107.3","2,106.5","2,111.8","2,086.7","2,053.3","2,097.6","2,103.4","2,126.4","2,140.2","2,142.6","2,117.0","2,081.1","2,121.6","2,138.1","2,131.1","2,123.3","2,119.2","2,108.0","2,123.5","2,180.2","2,202.1","2,234.8","2,218.7","2,219.7","2,246.1","2,209.2","2,217.5","2,193.3","2,179.3","2,184.2","2,187.3","2,204.8","2,242.9","2,258.0","2,226.2","2,223.1","2,242.1","2,271.5","2,229.5","2,218.4","2,183.8","2,204.8","2,200.4","2,226.9","2,237.6","2,234.2","2,193.1","2,211.5","2,272.0","2,261.9","2,227.2","2,198.1","2,177.0","2,167.5","2,192.7","2,199.0","2,203.3","2,224.9","2,215.1","2,243.5","2,244.2","2,214.4","2,189.0","2,142.8","2,116.7","2,130.8","2,141.2","2,171.8","2,176.1","2,177.0","2,130.4","2,140.2","2,155.0","2,152.2","2,184.0","2,160.0","2,125.8","2,087.2","2,086.1","2,105.1","2,134.3","2,166.5","2,140.8","2,166.9","2,214.3","2,176.5","2,147.5","2,136.7","2,112.8","2,119.1","2,105.9","2,125.6","2,102.2","2,102.1","2,057.4","2,083.6","2,102.7","2,131.1","2,090.7","2,082.1","2,054.0","2,058.9","2,039.1","2,033.5","2,077.5","2,057.8","2,023.5","2,043.5","2,080.8","2,053.4","2,035.6","2,019.5","1,997.3","2,012.6","1,938.0","1,813.6","1,876.6","1,984.9","1,967.0","1,994.2","2,025.5","1,991.8","2,054.8","2,027.2","1,967.0","1,987.8","1,960.7","1,993.7","2,005.7","2,005.1","1,975.6","1,990.5","2,040.9","2,061.5","2,056.2","2,040.6","2,032.5","2,038.9","2,029.5","2,029.7","2,037.6","2,036.2","1,967.9","1,988.4","2,004.5","2,021.6","2,028.2","2,023.8","2,007.9","2,036.6","2,081.1","2,087.0","2,102.0","2,107.5","2,040.3","2,011.4","2,030.3","2,035.2","2,018.9","2,030.0","2,046.6","2,068.3","2,069.2","2,072.4","2,094.1","2,064.4","2,014.1","2,002.8","2,051.4","2,052.8","2,044.9","2,021.3","2,013.3","2,018.5","1,991.2","2,013.0","2,011.4","2,014.3","2,005.6","1,992.7","2,022.9","2,013.2","1,991.3","2,023.4","2,007.5","1,993.2","2,000.8"
,"55 to 59 years","559.0","569.0","570.7","578.0","582.7","592.3","600.7","608.9","612.9","606.6","599.4","598.2","582.6","578.6","590.6","588.0","605.5","605.6","616.9","614.9","622.9","626.4","616.4","609.0","592.8","598.2","600.7","606.7","622.6","626.6","627.4","634.1","637.0","634.3","632.9","623.5","621.7","628.7","634.1","647.8","653.2","661.5","654.9","658.1","659.9","659.8","664.8","653.0","651.7","652.1","651.2","646.6","667.7","670.7","678.3","672.7","678.1","679.0","671.1","662.2","647.3","659.8","655.4","660.0","678.6","679.2","672.9","678.1","686.0","674.5","673.4","667.7","661.4","656.0","656.0","660.4","668.1","667.2","660.5","659.3","656.0","654.7","648.1","638.4","632.6","637.7","637.1","650.2","658.6","657.4","645.7","652.4","661.8","655.4","648.5","644.2","641.1","643.2","650.0","647.6","655.5","664.3","654.3","650.2","651.7","654.7","648.7","643.9","641.8","651.9","653.5","658.5","673.1","684.7","685.6","683.2","688.8","687.9","692.8","679.0","668.5","657.2","660.6","661.1","667.8","672.7","673.8","668.5","681.1","685.3","682.9","669.8","661.2","677.4","673.4","678.9","687.9","693.5","697.5","693.9","702.3","698.6","698.4","687.3","678.9","677.6","679.1","687.2","701.6","697.8","700.0","710.1","727.0","723.8","699.2","699.9","703.9","705.5","702.8","704.9","710.0","711.9","691.2","688.3","706.5","704.4","698.7","692.2","687.6","685.2","685.2","696.4","693.8","703.0","699.6","698.8","711.6","702.5","688.4","671.4","659.8","647.1","665.4","676.5","688.0","696.7","693.0","698.2","704.5","697.2","677.2","664.9","662.1","658.0","649.7","654.4","670.7","680.5","676.8","674.5","686.2","689.7","674.6","669.7","652.4","660.7","658.6","658.0","651.4","665.1","666.6","659.1","666.9","662.9","663.7","641.1","637.4","651.9","658.9","676.5","689.8","696.9","679.2","685.9","699.3","702.6","696.8","687.9","677.0","686.3","693.3","684.5","695.8","704.6","696.1","711.0","713.8","713.8","708.5","698.3","699.3","701.5","707.7","713.2","725.0","737.5","724.9","734.3","732.2","733.8","729.9","720.7","708.5","720.2","725.0","742.3","747.2","757.4","742.2","758.0","766.1","780.0","771.1","778.3","768.1","778.7","777.8","770.3","781.0","797.9","789.9","795.1","819.9","828.7","824.1","800.4","813.0","805.3","806.6","824.1","830.9","845.4","834.3","852.1","874.9","883.4","888.9","881.8","885.1","891.2","887.7","902.2","905.9","912.6","904.1","918.3","923.5","920.7","920.7","929.4","896.2","911.1","929.2","939.8","952.3","972.3","948.0","950.5","967.4","964.5","959.6","976.2","982.3","989.6","994.5","1,013.0","1,021.1","1,029.3","1,009.5","1,020.8","1,047.3","1,064.4","1,075.2","1,087.5","1,097.0","1,106.9","1,128.3","1,135.3","1,166.0","1,171.8","1,156.7","1,150.2","1,185.7","1,186.3","1,180.5","1,195.2","1,177.4","1,192.8","1,179.2","1,202.4","1,217.5","1,218.2","1,198.6","1,210.6","1,237.0","1,236.3","1,239.1","1,227.0","1,228.0","1,246.9","1,250.5","1,263.8","1,288.9","1,299.8","1,286.9","1,292.8","1,305.6","1,325.0","1,312.1","1,315.1","1,300.8","1,305.8","1,318.9","1,324.0","1,342.4","1,341.7","1,322.8","1,335.5","1,363.9","1,363.5","1,363.4","1,358.8","1,342.7","1,368.1","1,358.4","1,390.4","1,383.9","1,373.4","1,362.3","1,372.0","1,405.9","1,425.0","1,407.2","1,402.3","1,395.8","1,398.0","1,400.3","1,409.9","1,431.0","1,438.7","1,407.5","1,404.2","1,437.8","1,454.5","1,435.2","1,437.0","1,437.0","1,421.8","1,420.0","1,437.4","1,444.3","1,462.2","1,419.8","1,438.4","1,486.7","1,474.9","1,468.9","1,449.4","1,439.1","1,448.8","1,450.0","1,492.0","1,515.5","1,529.4","1,517.5","1,514.7","1,575.2","1,570.0","1,566.0","1,558.3","1,544.7","1,544.4","1,538.4","1,570.2","1,585.9","1,597.6","1,569.7","1,568.4","1,585.8","1,580.1","1,576.7","1,582.9","1,556.5","1,583.1","1,601.1","1,640.3","1,653.7","1,661.1","1,641.7","1,668.7","1,700.7","1,683.8","1,677.8","1,667.9","1,664.0","1,672.7","1,677.0","1,693.0","1,703.6","1,704.1","1,675.1","1,692.1","1,714.2","1,726.9","1,719.2","1,706.2","1,687.4","1,698.7","1,695.5","1,730.9","1,728.3","1,774.9","1,733.7","1,712.6","1,784.5","1,779.4","1,767.8","1,745.2","1,735.4","1,765.3","1,775.0","1,775.6","1,789.7","1,806.2","1,767.7","1,766.3","1,797.8","1,803.4","1,789.1","1,798.9","1,776.8","1,804.0","1,806.9","1,829.3","1,867.9","1,858.9","1,830.2","1,842.0","1,884.2","1,884.4","1,870.4","1,849.8","1,850.7","1,861.1","1,854.4","1,852.2","1,870.2","1,889.2","1,867.6","1,885.3","1,917.3","1,941.9","1,938.0","1,932.0","1,886.1","1,894.3","1,881.6","1,889.6","1,923.5","1,934.0","1,905.8","1,918.8","1,962.5","1,962.7","1,960.9","1,936.1","1,905.9","1,914.6","1,904.5","1,941.5","1,962.5","1,976.5","1,942.0","1,937.7","1,964.6","1,977.3","1,955.5","1,929.7","1,915.9","1,927.5","1,858.6","1,701.1","1,768.1","1,849.4","1,851.5","1,882.2","1,935.8","1,946.8","1,954.2","1,934.7","1,889.4","1,894.4","1,922.0","1,891.8","1,890.2","1,901.7","1,877.1","1,891.8","1,922.3","1,908.3","1,928.2","1,901.0","1,883.4","1,890.1","1,895.2","1,894.1","1,902.9","1,871.3","1,852.8","1,830.4","1,891.4","1,897.2","1,888.9","1,888.7","1,838.7","1,859.6","1,861.3","1,881.4","1,873.9","1,871.6","1,844.8","1,839.5","1,886.1","1,875.1","1,866.9","1,854.6","1,846.9","1,835.1","1,821.0","1,832.2","1,850.4","1,849.5","1,787.8","1,787.9","1,817.3","1,812.3","1,787.1","1,794.7","1,773.3","1,761.7","1,751.6","1,759.9","1,775.9","1,796.9","1,735.2","1,747.5","1,786.0","1,801.5","1,791.2","1,779.4","1,776.3","1,777.2","1,771.0"
,"60 to 64 years","374.6","366.3","375.0","385.1","387.2","390.6","384.6","388.7","391.3","392.6","387.3","383.3","380.3","373.3","370.2","371.2","376.6","372.7","368.0","375.3","374.9","376.6","370.7","361.8","359.7","361.4","361.8","361.9","371.4","375.0","375.2","379.8","384.8","383.9","381.0","378.8","382.7","388.6","389.4","388.7","397.7","399.0","394.7","386.0","390.0","387.5","380.5","376.0","381.9","381.8","384.0","387.6","394.0","389.6","385.3","383.1","385.8","391.1","388.5","384.6","381.3","387.0","393.1","386.0","395.0","393.0","398.0","406.9","417.1","422.0","414.9","401.9","390.1","393.6","389.7","391.2","400.6","397.1","391.5","396.4","403.0","399.3","397.0","398.5","389.1","388.0","391.2","395.8","401.6","401.0","400.7","404.4","412.0","423.8","410.2","406.2","406.0","411.8","419.6","411.5","414.9","418.2","407.4","404.3","411.9","418.1","406.9","399.3","403.2","401.6","401.4","398.9","396.4","396.9","392.1","385.0","387.3","392.9","396.5","394.5","390.4","404.7","408.0","411.7","420.9","416.2","410.5","389.6","390.1","387.6","382.9","381.4","381.9","386.7","389.6","394.6","397.0","376.5","377.3","379.3","399.4","398.6","388.8","402.4","390.2","395.9","394.8","399.9","404.8","409.4","398.5","394.3","401.7","398.4","393.0","388.5","383.1","383.5","384.5","383.3","384.5","396.0","380.1","385.8","402.2","402.0","397.6","399.5","402.4","396.8","396.7","401.3","404.6","407.9","402.4","409.2","419.5","413.6","401.8","404.0","389.8","398.1","386.9","382.7","375.1","380.6","374.7","371.1","383.1","389.4","386.1","374.2","365.1","368.4","365.8","372.0","380.7","379.1","369.8","379.6","389.9","393.4","391.4","380.5","385.3","381.9","389.2","393.6","382.5","380.8","377.0","374.1","373.8","372.2","373.1","366.5","365.2","368.1","380.5","383.6","384.7","396.9","385.4","392.5","396.4","390.6","384.9","381.4","376.1","375.4","372.1","362.8","364.1","364.9","359.3","354.9","369.0","370.7","358.8","357.8","348.2","362.4","364.5","356.6","369.1","377.0","375.2","368.4","364.8","363.1","362.0","358.1","358.4","378.4","386.1","374.7","385.6","396.2","386.8","387.5","383.3","379.8","382.2","374.2","362.3","378.2","375.1","372.0","381.9","392.6","392.0","393.9","407.9","393.0","391.6","398.1","386.8","393.4","397.6","416.3","417.2","417.3","414.7","410.8","419.5","415.0","406.2","424.0","415.3","412.2","411.1","412.8","426.9","419.9","412.3","421.5","418.0","431.9","439.9","439.9","427.1","424.3","440.1","432.3","428.8","424.8","428.3","438.7","450.3","454.7","449.5","460.4","453.9","454.5","460.6","465.0","475.5","488.5","489.9","511.6","523.0","530.2","534.7","531.6","525.3","526.9","516.4","523.5","516.8","527.2","519.2","547.0","562.8","571.1","584.1","577.0","569.4","572.9","562.8","573.1","588.5","580.5","572.8","579.7","615.3","633.6","638.5","627.4","620.0","616.6","619.9","629.7","638.0","629.6","614.2","625.5","646.0","641.3","636.4","629.3","624.1","640.7","636.2","643.6","667.0","672.7","672.0","658.0","688.3","692.5","690.3","692.9","681.2","691.0","714.9","724.4","739.4","743.7","728.1","746.9","765.3","771.3","768.7","768.7","766.7","768.4","793.5","785.6","783.2","787.5","771.8","768.2","806.5","817.6","812.0","800.2","801.7","809.7","831.4","850.4","866.9","873.6","879.6","860.0","868.1","882.3","881.1","877.0","861.2","884.5","881.3","874.1","889.0","906.7","888.4","887.2","926.5","943.7","955.5","938.5","928.1","936.8","923.9","933.3","945.0","941.2","915.4","909.2","952.6","953.2","942.1","956.0","949.2","949.9","970.4","959.2","969.2","953.8","922.3","943.6","967.3","977.1","968.5","985.7","977.0","996.7","997.8","1,009.9","1,043.9","1,027.3","1,004.0","1,017.0","1,045.1","1,038.2","1,030.2","1,026.7","1,022.4","1,038.0","1,045.8","1,055.6","1,084.2","1,088.4","1,058.9","1,050.0","1,049.7","1,050.6","1,037.0","1,038.3","1,034.8","1,055.5","1,074.6","1,077.8","1,097.7","1,112.2","1,092.2","1,098.3","1,132.6","1,135.1","1,120.7","1,115.6","1,099.5","1,109.0","1,108.5","1,112.6","1,144.9","1,148.4","1,117.1","1,132.9","1,183.9","1,185.4","1,151.3","1,152.2","1,134.5","1,145.5","1,141.6","1,166.6","1,179.4","1,200.1","1,174.3","1,199.2","1,227.1","1,214.9","1,223.7","1,235.9","1,205.7","1,216.3","1,245.5","1,238.0","1,261.3","1,280.0","1,266.3","1,260.9","1,303.3","1,304.3","1,299.7","1,298.8","1,247.4","1,241.8","1,271.5","1,280.1","1,300.9","1,330.3","1,313.8","1,327.7","1,374.8","1,368.8","1,365.9","1,360.2","1,345.2","1,343.2","1,274.5","1,122.4","1,174.5","1,223.3","1,240.2","1,260.1","1,301.1","1,331.3","1,306.4","1,314.2","1,295.1","1,324.5","1,356.5","1,346.2","1,371.1","1,406.1","1,367.7","1,371.1","1,409.7","1,405.5","1,380.6","1,365.6","1,319.6","1,353.7","1,360.0","1,369.4","1,396.7","1,395.9","1,379.6","1,382.9","1,430.0","1,426.4","1,413.8","1,400.2","1,423.1","1,464.1","1,457.5","1,457.5","1,475.6","1,465.4","1,447.2","1,405.3","1,434.8","1,463.5","1,473.7","1,466.3","1,437.6","1,463.0","1,478.0","1,467.7","1,483.2","1,466.9","1,414.0","1,412.8","1,467.5","1,487.7","1,474.8","1,457.2","1,455.4","1,438.5","1,454.5","1,446.1","1,473.9","1,464.1","1,411.3","1,414.9","1,437.5","1,466.5","1,435.7","1,463.0","1,453.7","1,460.7","1,451.1"
,"65 years and over","177.2","177.0","173.8","172.3","169.0","167.0","163.5","161.7","172.4","165.7","162.1","158.8","157.1","161.7","155.7","159.0","164.7","167.1","165.8","165.9","165.1","159.8","157.4","156.5","158.2","161.6","163.6","161.7","164.4","166.4","159.0","164.7","165.8","168.9","161.1","160.1","161.6","161.2","165.2","167.8","171.0","171.6","170.0","170.1","170.4","167.9","163.4","168.7","159.6","168.5","167.4","169.5","168.8","170.1","163.7","163.0","171.1","164.1","170.2","164.4","165.0","165.6","168.1","166.1","172.3","173.2","160.9","163.3","169.4","169.9","169.6","171.4","162.2","168.2","168.9","170.9","171.5","169.9","173.1","175.8","173.1","171.9","168.7","166.0","161.9","166.1","167.2","171.9","165.2","162.4","155.4","161.4","167.0","169.6","165.2","170.3","166.5","166.2","167.6","171.4","169.8","166.4","165.4","169.0","178.8","168.8","169.5","169.6","165.8","161.2","159.7","167.2","162.9","168.0","168.9","168.4","178.4","185.9","187.5","178.2","166.3","166.9","157.7","157.1","160.0","157.6","148.6","157.3","173.8","176.4","174.5","168.7","170.1","161.8","152.8","155.6","165.4","173.4","170.9","176.5","184.2","186.0","180.1","171.8","177.1","175.1","172.4","171.9","162.6","169.6","168.5","164.1","183.4","177.0","186.3","186.4","183.5","192.2","189.1","185.8","191.2","188.3","183.6","177.9","171.8","174.1","177.1","186.0","193.5","198.5","194.7","194.9","195.9","187.4","174.3","179.1","187.8","187.8","189.7","188.9","193.5","188.0","188.9","190.0","191.7","193.1","183.4","189.2","189.9","192.3","195.1","199.8","198.9","193.7","197.6","196.4","194.4","186.0","189.2","189.0","184.9","180.1","175.5","176.2","179.7","170.7","179.0","179.8","188.9","175.7","176.1","178.4","184.3","194.0","194.7","197.6","202.7","206.4","205.9","201.5","197.6","201.9","191.5","191.4","194.6","192.5","199.9","198.7","197.4","196.0","191.9","190.8","193.3","185.3","189.8","188.3","191.4","197.2","192.5","202.7","200.7","206.9","202.2","199.2","203.6","201.4","192.4","182.1","189.6","191.6","193.9","189.6","191.1","198.6","202.5","201.0","219.1","216.6","208.3","204.6","212.4","216.4","209.5","214.4","208.1","213.7","210.3","216.1","230.2","225.8","214.9","215.5","222.5","224.0","219.0","210.4","208.8","219.9","213.5","209.1","217.8","217.8","215.5","208.9","209.2","212.0","201.0","206.5","209.0","206.6","215.9","214.8","215.8","217.7","201.6","203.6","212.6","203.8","204.9","205.8","197.3","196.0","197.0","197.1","204.4","209.3","212.6","223.0","227.3","234.3","229.0","226.8","222.3","228.0","237.6","238.3","242.8","237.0","230.5","238.8","241.9","245.4","254.4","261.6","258.9","263.0","276.6","277.3","266.3","283.7","261.6","257.9","279.4","282.9","287.0","282.5","276.2","285.9","288.2","282.5","281.7","268.0","285.7","277.6","287.5","287.1","297.0","304.7","278.7","294.6","300.3","309.5","313.1","311.2","324.4","311.0","309.4","315.1","321.2","312.0","309.5","324.4","325.4","319.4","320.4","318.7","313.9","306.6","312.9","322.0","333.5","321.0","325.6","339.6","341.1","332.7","332.2","343.4","339.6","345.6","361.1","376.4","388.5","376.8","385.3","401.9","402.8","401.5","413.3","415.5","413.4","406.8","427.7","433.4","405.4","420.7","406.4","434.3","424.1","420.6","448.3","448.2","434.7","431.7","452.8","463.2","463.4","470.7","467.2","468.2","475.0","476.7","480.3","489.4","482.2","497.8","505.2","508.8","495.1","495.9","502.5","505.2","511.5","514.8","516.8","531.6","528.3","517.0","537.1","546.3","554.0","538.5","546.8","550.5","561.9","568.5","573.9","588.7","571.3","573.2","583.4","599.1","599.8","573.1","595.6","600.9","612.9","609.0","623.0","623.1","607.7","621.5","654.9","659.7","660.2","663.6","669.0","665.4","666.8","664.5","663.2","679.6","657.2","663.9","675.5","679.4","664.0","658.7","675.1","671.2","662.1","679.5","677.4","680.4","660.8","681.3","709.7","742.6","738.7","714.2","704.7","728.7","709.7","693.5","702.2","724.2","721.4","715.2","748.3","735.9","738.4","747.4","728.1","745.3","738.7","739.4","762.5","770.0","773.6","786.5","821.1","813.3","813.1","826.2","828.8","813.9","806.7","812.2","820.7","809.0","792.5","767.7","803.3","809.5","822.0","841.8","864.7","883.6","894.6","894.2","892.3","878.5","858.2","889.1","909.2","934.3","899.7","915.2","905.0","901.5","837.8","784.8","796.2","810.2","789.4","800.9","844.7","851.6","862.2","846.5","858.8","876.2","883.3","877.9","892.6","896.2","862.2","860.8","886.4","881.0","890.7","890.0","892.6","925.8","934.3","960.5","968.7","975.8","945.4","976.0","984.5","996.1","995.7","982.4","988.6","980.7","997.8","1,018.4","1,039.4","1,053.6","1,016.8","1,051.8","1,072.6","1,083.8","1,082.6","1,041.9","1,059.7","1,035.3","1,054.8","1,059.8","1,082.8","1,106.1","1,066.1","1,071.3","1,090.2","1,084.8","1,085.9","1,117.9","1,081.3","1,101.5","1,109.6","1,169.1","1,156.9","1,154.9","1,132.4","1,137.2","1,132.6","1,115.2","1,134.6","1,131.9","1,120.9","1,138.0","1,126.1"
,"65 to 69 years","113.0","113.5","108.2","112.9","108.1","107.6","107.0","104.0","112.0","107.9","105.6","106.1","105.4","111.6","105.9","105.8","109.8","113.0","108.9","110.5","112.3","109.1","105.8","102.6","103.5","104.4","103.9","101.9","102.0","104.4","100.4","101.3","102.6","106.1","101.9","100.8","99.0","105.8","109.4","113.4","115.8","118.4","118.5","117.6","118.1","115.2","108.3","112.0","104.9","112.9","112.8","115.5","115.4","114.6","111.2","110.5","115.7","108.7","108.6","104.0","105.8","106.4","110.0","107.5","110.9","109.8","98.5","100.5","102.4","103.2","103.2","107.8","104.9","111.5","112.5","115.9","116.5","114.7","114.2","112.7","112.3","111.6","111.2","105.2","102.4","106.5","107.6","107.2","103.6","102.8","95.6","99.1","102.6","103.8","99.3","106.4","102.3","102.8","103.8","106.1","104.5","103.6","104.0","104.2","109.6","100.3","98.5","97.3","95.1","94.9","93.6","99.5","99.6","105.1","102.8","105.6","112.4","118.1","120.3","116.0","105.5","105.2","103.2","103.3","105.1","101.7","95.0","98.0","101.8","104.5","104.5","101.5","102.4","103.3","97.8","99.0","105.6","113.2","114.5","115.4","115.5","115.8","110.0","102.8","107.3","108.6","109.9","110.4","106.4","109.6","108.6","103.0","116.6","110.1","113.8","113.3","106.2","112.8","108.4","110.6","120.8","118.2","116.4","117.9","113.0","111.0","108.8","118.5","123.3","122.2","123.6","120.7","118.7","115.2","107.2","114.3","121.9","119.3","116.4","115.2","114.9","109.4","111.7","116.0","117.6","120.1","112.0","119.7","117.2","116.5","120.5","123.6","125.6","128.5","129.0","127.7","127.6","119.8","121.8","119.9","122.0","117.7","115.3","116.6","112.6","104.7","110.5","108.6","117.0","112.1","111.6","110.7","117.3","120.6","118.0","114.8","108.7","117.7","120.3","124.5","124.3","128.5","120.6","121.3","125.6","123.0","127.6","128.1","125.9","122.4","118.9","116.8","117.6","112.2","114.6","116.0","122.8","125.1","123.2","129.7","127.2","129.4","122.4","121.3","126.2","124.3","118.3","111.4","119.3","120.4","122.1","118.2","119.7","127.9","131.1","127.0","135.6","132.3","128.9","123.6","130.3","136.7","128.5","132.9","126.9","131.0","130.6","132.3","142.8","141.0","131.9","134.2","138.1","137.0","135.7","124.9","125.1","131.6","134.9","136.4","138.7","136.7","133.1","124.5","126.3","125.5","114.9","119.0","120.6","119.1","126.3","123.2","124.9","125.3","116.1","120.6","128.6","129.1","122.6","122.0","118.3","118.6","116.9","116.4","115.5","121.2","122.3","130.0","137.2","142.0","140.0","135.6","129.8","136.0","138.0","141.5","145.4","143.5","138.7","144.3","146.6","149.2","152.9","159.0","158.5","159.9","168.1","172.3","168.3","173.2","158.6","153.5","171.7","171.3","177.4","176.3","167.5","177.7","177.8","176.7","177.5","168.2","181.5","177.7","180.7","179.4","179.3","185.7","166.3","176.0","186.9","195.0","199.2","197.3","211.0","203.2","199.7","207.1","207.1","201.1","198.5","206.1","208.0","202.6","204.9","204.0","200.5","197.2","203.5","209.2","215.8","209.6","208.8","212.5","216.7","216.8","219.1","229.4","220.9","228.2","234.9","241.1","242.9","236.2","241.9","264.2","268.4","266.6","274.9","276.1","264.3","253.3","267.8","279.2","260.8","269.0","262.2","286.1","277.6","281.0","294.9","296.7","290.8","283.9","295.9","297.6","304.6","305.0","300.2","304.2","314.1","310.5","319.9","331.1","318.3","332.7","334.4","338.3","323.4","326.2","331.1","326.5","334.4","332.9","331.7","339.8","331.5","333.9","349.2","347.1","351.4","342.9","348.7","346.0","353.1","361.9","366.2","377.2","360.1","366.5","377.0","387.8","384.9","368.1","387.2","391.7","401.6","399.3","411.0","413.0","389.8","403.7","435.7","439.1","435.7","443.1","446.8","445.4","436.3","438.3","438.0","440.6","425.0","427.2","440.2","446.2","430.0","427.9","435.2","436.1","431.8","445.4","449.1","448.1","428.2","444.2","464.5","486.4","483.7","466.2","455.4","482.1","462.2","451.4","461.8","473.7","458.5","453.7","479.3","480.9","477.8","482.9","467.7","475.4","481.2","480.6","494.2","498.3","494.0","508.0","519.7","506.8","503.9","507.0","502.8","484.9","478.5","482.1","497.5","501.3","495.3","479.4","504.4","507.1","509.0","518.9","529.9","545.7","559.2","563.7","569.9","559.5","548.2","565.3","578.8","589.3","559.0","575.4","569.1","565.4","504.2","464.9","483.9","491.0","481.7","487.6","528.3","534.6","534.0","525.6","521.5","536.7","548.5","564.1","573.6","570.2","540.4","547.8","581.2","568.1","564.0","566.6","567.6","584.9","585.2","619.5","626.2","619.8","593.3","606.6","618.7","625.0","618.6","604.6","611.6","613.6","634.3","646.0","667.7","685.4","649.2","656.3","669.2","669.2","662.5","622.5","633.7","631.8","651.8","671.0","686.9","699.7","653.3","669.5","685.6","684.6","678.5","693.6","662.2","682.4","691.9","718.2","719.1","718.3","702.6","705.3","705.7","703.1","711.9","710.4","695.5","696.5","704.4"
,"70 years and over","64.2","63.4","65.6","59.4","60.9","59.5","56.4","57.8","60.4","57.8","56.4","52.7","51.7","50.1","49.8","53.2","54.9","54.2","56.9","55.5","52.8","50.7","51.6","53.8","54.7","57.2","59.7","59.8","62.4","62.1","58.6","63.4","63.2","62.8","59.2","59.2","62.6","55.5","55.8","54.3","55.1","53.2","51.5","52.5","52.3","52.7","55.2","56.7","54.7","55.6","54.6","54.0","53.4","55.5","52.5","52.5","55.5","55.4","61.6","60.5","59.2","59.3","58.0","58.6","61.3","63.4","62.3","62.8","67.0","66.7","66.4","63.5","57.3","56.7","56.4","55.0","55.1","55.2","59.0","63.1","60.7","60.3","57.4","60.9","59.4","59.6","59.6","64.7","61.5","59.6","59.9","62.3","64.4","65.8","65.9","63.9","64.2","63.3","63.8","65.3","65.3","62.7","61.4","64.9","69.2","68.5","71.0","72.3","70.6","66.3","66.1","67.7","63.2","62.9","66.2","62.7","65.9","67.7","67.3","62.2","60.8","61.8","54.6","53.8","54.9","55.9","53.6","59.2","72.0","71.9","70.0","67.2","67.7","58.6","55.0","56.5","59.8","60.3","56.4","61.1","68.7","70.2","70.1","69.0","69.8","66.5","62.6","61.5","56.1","60.1","59.9","61.1","66.8","66.9","72.5","73.1","77.3","79.4","80.7","75.2","70.4","70.1","67.2","60.0","58.8","63.1","68.3","67.5","70.2","76.4","71.1","74.2","77.2","72.2","67.1","64.8","65.9","68.5","73.3","73.8","78.7","78.6","77.1","74.0","74.2","72.9","71.4","69.5","72.7","75.8","74.7","76.2","73.3","65.2","68.6","68.7","66.8","66.2","67.5","69.1","62.9","62.4","60.2","59.6","67.1","66.0","68.5","71.2","71.9","63.6","64.6","67.7","67.0","73.4","76.7","82.8","93.9","88.8","85.6","77.0","73.3","73.4","70.9","70.1","69.1","69.5","72.4","70.6","71.5","73.6","73.0","74.0","75.7","73.0","75.2","72.3","68.5","72.1","69.4","73.1","73.5","77.5","79.8","77.9","77.4","77.1","74.1","70.7","70.3","71.2","71.9","71.4","71.3","70.6","71.3","74.0","83.4","84.3","79.4","81.0","82.1","79.7","81.0","81.6","81.3","82.7","79.6","83.7","87.4","84.8","83.0","81.3","84.4","87.0","83.4","85.5","83.7","88.3","78.6","72.7","79.1","81.1","82.4","84.4","82.9","86.4","86.1","87.5","88.5","87.5","89.6","91.6","90.9","92.4","85.5","83.0","84.0","74.7","82.4","83.8","79.0","77.4","80.1","80.6","88.9","88.1","90.3","93.0","90.1","92.4","89.0","91.2","92.5","92.0","99.5","96.8","97.4","93.6","91.9","94.5","95.3","96.2","101.5","102.5","100.3","103.0","108.5","105.1","98.0","110.5","103.0","104.4","107.7","111.7","109.6","106.3","108.7","108.2","110.3","105.8","104.2","99.8","104.2","99.9","106.9","107.6","117.7","119.1","112.4","118.7","113.4","114.5","113.9","113.9","113.4","107.8","109.7","108.0","114.1","110.9","111.0","118.3","117.3","116.8","115.4","114.7","113.3","109.4","109.4","112.8","117.7","111.4","116.8","127.1","124.5","116.0","113.1","114.1","118.7","117.4","126.2","135.3","145.6","140.6","143.4","137.7","134.4","134.9","138.3","139.5","149.2","153.5","159.9","154.2","144.6","151.7","144.3","148.2","146.5","139.6","153.4","151.5","143.9","147.8","156.9","165.6","158.9","165.7","166.9","164.0","160.9","166.1","160.4","158.3","163.8","165.1","170.9","170.5","171.7","169.7","171.4","178.7","177.0","181.9","185.1","191.8","196.7","183.1","187.9","199.2","202.6","195.6","198.1","204.6","208.8","206.6","207.7","211.5","211.3","206.7","206.4","211.3","214.9","205.0","208.3","209.2","211.4","209.7","211.9","210.1","217.9","217.8","219.2","220.6","224.5","220.4","222.3","220.0","230.5","226.2","225.2","239.0","232.2","236.8","235.3","233.1","234.0","230.8","239.9","235.1","230.3","234.1","228.3","232.3","232.7","237.1","245.2","256.2","255.1","247.9","249.3","246.6","247.5","242.2","240.4","250.6","262.8","261.5","269.0","255.0","260.6","264.5","260.5","269.9","257.5","258.8","268.3","271.7","279.7","278.5","301.3","306.5","309.2","319.3","326.0","329.0","328.2","330.1","323.2","307.7","297.2","288.3","298.8","302.4","312.9","322.9","334.7","337.9","335.4","330.5","322.4","319.0","310.0","323.8","330.4","345.0","340.6","339.7","335.9","336.1","333.7","320.0","312.3","319.2","307.6","313.3","316.4","316.9","328.2","320.9","337.3","339.6","334.8","313.7","319.0","326.0","321.8","313.0","305.2","312.8","326.8","323.4","325.1","340.9","349.1","341.0","342.5","356.0","352.1","369.3","365.8","371.1","377.0","377.8","377.1","367.2","363.6","372.4","371.7","368.2","367.5","395.5","403.4","414.6","420.1","419.5","426.0","403.5","403.1","388.8","395.9","406.4","412.8","401.8","404.6","400.2","407.4","424.3","419.1","419.1","417.7","450.9","437.8","436.7","429.8","431.8","426.9","412.1","422.7","421.5","425.4","441.5","421.6"
"Men+","15 years and over","5,825.4","5,843.7","5,894.0","5,960.9","6,145.5","6,337.2","6,478.2","6,471.5","6,234.1","6,184.5","6,128.2","6,048.1","5,904.7","5,912.6","5,937.4","5,990.3","6,246.6","6,386.2","6,521.0","6,538.1","6,267.6","6,263.8","6,190.8","6,095.1","5,946.2","5,991.3","6,042.5","6,068.5","6,340.0","6,525.4","6,679.9","6,697.6","6,422.8","6,439.4","6,364.1","6,274.9","6,157.6","6,165.5","6,236.5","6,305.8","6,569.3","6,741.4","6,922.8","6,921.8","6,654.6","6,639.9","6,562.8","6,466.0","6,333.0","6,359.0","6,381.4","6,425.7","6,615.4","6,851.2","6,962.3","6,987.6","6,744.9","6,722.1","6,672.3","6,576.4","6,464.1","6,509.0","6,535.7","6,602.9","6,805.6","7,017.5","7,130.3","7,139.2","6,813.5","6,765.1","6,670.9","6,527.3","6,340.7","6,348.3","6,353.3","6,344.2","6,521.7","6,660.4","6,742.3","6,667.7","6,414.2","6,368.2","6,252.4","6,155.1","6,016.1","6,056.8","6,114.9","6,174.2","6,443.7","6,629.4","6,787.3","6,799.7","6,594.7","6,555.0","6,456.5","6,367.9","6,202.8","6,247.6","6,270.0","6,332.4","6,577.1","6,791.0","6,958.5","6,915.3","6,669.8","6,662.2","6,532.4","6,467.9","6,351.0","6,365.8","6,409.2","6,499.7","6,755.5","6,910.4","7,084.5","7,071.4","6,810.5","6,783.4","6,734.3","6,658.8","6,550.7","6,560.4","6,601.6","6,710.1","6,919.0","7,112.9","7,212.3","7,205.1","6,965.6","6,950.5","6,873.7","6,781.8","6,640.9","6,669.6","6,711.7","6,802.0","7,060.4","7,264.6","7,368.8","7,381.7","7,153.9","7,156.8","7,078.5","7,014.6","6,881.3","6,909.2","6,938.2","6,976.8","7,248.7","7,394.4","7,514.0","7,514.2","7,263.0","7,237.0","7,166.1","7,095.5","6,990.7","7,009.2","7,056.1","7,080.3","7,354.5","7,517.9","7,626.2","7,653.4","7,411.2","7,376.4","7,263.4","7,164.5","7,041.5","7,062.3","7,087.1","7,154.0","7,356.3","7,517.3","7,633.2","7,606.9","7,377.6","7,318.2","7,148.4","7,024.2","6,850.6","6,815.0","6,805.6","6,888.5","7,125.5","7,285.7","7,408.3","7,389.9","7,177.7","7,150.0","7,008.5","6,897.4","6,728.2","6,709.0","6,731.8","6,769.3","7,011.1","7,191.5","7,294.9","7,254.6","7,064.5","7,031.9","6,912.6","6,829.9","6,702.0","6,734.1","6,754.6","6,788.4","7,018.5","7,215.5","7,320.6","7,312.2","7,114.2","7,078.1","6,995.5","6,894.5","6,731.4","6,788.1","6,829.5","6,882.4","7,197.5","7,362.8","7,489.5","7,496.5","7,310.4","7,276.0","7,230.4","7,108.2","6,981.7","6,991.8","7,031.5","7,048.1","7,301.9","7,465.1","7,557.0","7,575.1","7,381.1","7,347.4","7,254.8","7,194.0","7,043.3","7,057.8","7,074.4","7,141.1","7,360.9","7,512.9","7,651.2","7,660.4","7,422.6","7,374.4","7,290.2","7,240.3","7,107.8","7,130.2","7,171.4","7,199.4","7,477.4","7,693.5","7,782.8","7,823.3","7,653.4","7,627.5","7,542.6","7,478.4","7,297.1","7,345.5","7,363.6","7,423.2","7,651.7","7,825.3","7,915.3","7,932.6","7,742.8","7,701.5","7,637.4","7,564.4","7,446.0","7,484.0","7,505.1","7,584.8","7,814.3","7,984.5","8,091.4","8,070.0","7,912.3","7,915.8","7,862.7","7,830.0","7,666.1","7,712.5","7,739.1","7,789.9","8,041.5","8,139.0","8,251.1","8,238.7","8,069.0","8,053.9","7,999.3","7,952.3","7,765.4","7,797.1","7,798.1","7,872.1","8,101.4","8,220.7","8,319.7","8,315.2","8,118.1","8,091.9","8,004.9","7,898.6","7,755.6","7,825.5","7,893.0","7,971.2","8,226.2","8,381.7","8,501.0","8,517.9","8,324.1","8,284.8","8,232.7","8,171.8","8,033.2","8,088.5","8,119.0","8,179.2","8,369.0","8,550.1","8,624.9","8,601.9","8,435.7","8,423.6","8,374.9","8,290.9","8,149.0","8,163.1","8,183.8","8,285.4","8,490.7","8,663.8","8,769.0","8,754.2","8,582.0","8,583.4","8,507.2","8,427.7","8,261.0","8,294.4","8,313.1","8,368.9","8,652.4","8,777.8","8,877.5","8,872.8","8,675.8","8,689.0","8,615.2","8,549.3","8,374.4","8,427.3","8,468.0","8,530.8","8,829.8","8,933.1","9,010.0","8,994.9","8,791.1","8,793.7","8,726.0","8,671.7","8,539.1","8,569.7","8,569.4","8,649.9","8,922.1","9,065.7","9,175.1","9,142.2","8,932.9","8,940.8","8,918.7","8,843.4","8,703.2","8,736.2","8,760.3","8,810.1","9,034.9","9,195.6","9,243.9","9,256.0","9,081.6","9,070.6","8,947.9","8,829.8","8,567.3","8,537.7","8,494.7","8,553.9","8,793.3","8,936.9","8,996.0","8,977.9","8,795.4","8,817.3","8,776.5","8,663.6","8,499.0","8,536.6","8,547.0","8,690.1","8,912.9","9,113.8","9,174.6","9,182.4","9,036.3","8,989.0","8,966.5","8,890.4","8,735.1","8,772.8","8,781.4","8,889.3","9,125.5","9,270.1","9,341.9","9,344.8","9,197.1","9,164.0","9,085.9","8,983.0","8,798.5","8,836.8","8,877.5","9,019.5","9,270.5","9,374.1","9,433.1","9,446.7","9,295.1","9,260.9","9,205.5","9,159.6","8,985.1","9,062.4","9,023.4","9,123.2","9,407.9","9,487.5","9,534.7","9,533.1","9,396.7","9,368.4","9,299.5","9,182.5","9,043.9","9,066.3","9,098.2","9,146.9","9,385.1","9,525.0","9,580.0","9,587.9","9,445.8","9,452.6","9,372.5","9,330.4","9,135.5","9,157.9","9,147.1","9,211.6","9,489.0","9,626.9","9,665.2","9,688.3","9,519.5","9,510.6","9,407.2","9,304.0","9,129.2","9,179.3","9,156.6","9,221.3","9,541.5","9,615.7","9,665.9","9,691.4","9,553.0","9,545.1","9,516.4","9,452.0","9,313.9","9,353.2","9,376.2","9,443.3","9,740.0","9,845.3","9,915.8","9,948.6","9,766.4","9,790.9","9,791.5","9,745.3","9,559.1","9,564.8","9,619.6","9,658.3","9,924.3","10,044.8","10,098.3","10,047.6","9,943.7","9,932.5","9,943.0","9,868.4","9,705.5","9,737.8","9,775.2","9,880.2","10,131.2","10,212.1","10,281.1","10,302.7","10,156.3","10,131.3","10,047.6","10,000.6","9,840.6","9,899.4","9,470.0","8,460.8","8,891.3","9,516.1","9,697.5","9,809.8","9,868.1","9,877.0","9,829.4","9,740.1","9,509.6","9,674.3","9,789.6","9,749.1","9,969.1","10,158.9","10,245.4","10,240.2","10,177.3","10,207.0","10,213.4","10,187.3","9,909.0","10,099.4","10,143.7","10,214.1","10,467.1","10,539.6","10,604.2","10,597.9","10,449.9","10,496.6","10,461.7","10,426.4","10,322.6","10,369.8","10,427.6","10,495.5","10,768.9","10,912.8","10,943.7","10,948.3","10,814.8","10,854.1","10,823.7","10,760.1","10,617.6","10,675.1","10,697.7","10,823.3","11,034.6","11,096.2","11,146.9","11,137.4","11,011.9","11,027.0","10,989.4","10,978.2","10,852.1","10,894.8","10,868.8","10,984.2","11,188.3","11,349.2","11,313.1","11,253.3","11,146.7","11,170.6","11,149.0","11,088.0","10,898.8","10,867.4","10,874.3"
,"15 to 24 years","1,215.8","1,224.5","1,251.2","1,277.6","1,376.2","1,506.6","1,636.3","1,620.0","1,367.2","1,355.3","1,334.7","1,311.2","1,255.5","1,255.7","1,274.8","1,296.7","1,429.4","1,519.0","1,643.7","1,642.8","1,363.5","1,362.7","1,331.8","1,300.4","1,231.7","1,254.7","1,285.9","1,296.4","1,446.0","1,552.6","1,704.4","1,697.1","1,409.5","1,423.1","1,394.9","1,366.2","1,312.7","1,309.9","1,345.7","1,379.4","1,521.8","1,632.0","1,786.8","1,782.6","1,503.7","1,497.6","1,468.9","1,439.4","1,377.1","1,384.6","1,390.7","1,413.0","1,514.9","1,662.3","1,770.5","1,770.6","1,510.3","1,501.4","1,475.4","1,438.1","1,392.7","1,406.3","1,412.9","1,441.0","1,560.6","1,694.9","1,813.0","1,797.7","1,490.0","1,459.6","1,414.2","1,372.2","1,281.3","1,281.3","1,277.1","1,272.5","1,365.6","1,461.3","1,556.2","1,510.1","1,277.4","1,262.5","1,226.1","1,190.4","1,136.9","1,144.8","1,154.7","1,162.3","1,304.2","1,421.9","1,553.2","1,532.8","1,309.8","1,283.7","1,249.1","1,219.2","1,159.0","1,175.1","1,186.7","1,203.2","1,335.9","1,457.8","1,601.6","1,560.9","1,309.0","1,303.2","1,249.2","1,240.5","1,188.9","1,191.4","1,209.7","1,230.5","1,367.7","1,464.9","1,598.7","1,581.8","1,297.0","1,290.8","1,267.6","1,249.8","1,199.5","1,195.1","1,220.8","1,274.3","1,380.6","1,502.3","1,597.3","1,576.9","1,311.0","1,313.0","1,288.0","1,254.2","1,198.4","1,204.8","1,209.5","1,242.0","1,367.4","1,499.2","1,599.6","1,579.2","1,323.1","1,328.0","1,294.3","1,280.7","1,228.1","1,236.9","1,247.6","1,246.9","1,387.6","1,466.6","1,586.8","1,552.9","1,287.1","1,277.2","1,257.1","1,234.2","1,204.0","1,201.8","1,223.4","1,218.9","1,361.0","1,438.2","1,565.1","1,544.8","1,282.3","1,265.7","1,241.5","1,218.3","1,173.4","1,173.9","1,199.0","1,194.1","1,292.9","1,374.5","1,475.9","1,442.6","1,206.0","1,191.4","1,149.4","1,120.6","1,045.4","1,035.9","1,041.1","1,052.8","1,160.8","1,239.4","1,347.1","1,331.2","1,106.6","1,106.9","1,065.4","1,053.7","996.4","980.9","997.1","995.8","1,098.8","1,189.2","1,279.6","1,260.7","1,059.7","1,050.2","1,010.7","1,001.7","955.4","965.4","972.1","972.5","1,073.2","1,165.2","1,266.9","1,246.5","1,046.5","1,024.4","1,002.0","1,000.3","936.4","951.3","962.6","960.3","1,103.0","1,188.2","1,291.8","1,276.5","1,074.6","1,051.3","1,052.7","1,016.0","985.6","993.2","1,005.3","994.4","1,115.1","1,201.0","1,282.7","1,267.0","1,033.1","1,045.9","1,010.3","1,019.1","956.3","971.6","975.1","992.7","1,090.7","1,171.1","1,275.1","1,267.7","1,041.8","1,023.3","999.0","995.4","958.8","956.3","954.3","955.2","1,068.8","1,172.4","1,258.8","1,254.8","1,056.5","1,048.0","1,033.7","1,016.8","955.7","968.4","971.1","980.1","1,095.9","1,183.0","1,282.7","1,276.6","1,064.9","1,040.7","1,044.8","1,041.0","996.9","1,009.5","1,030.8","1,033.4","1,135.8","1,244.0","1,347.9","1,319.3","1,133.5","1,135.6","1,126.4","1,121.5","1,060.8","1,056.2","1,072.1","1,094.4","1,206.7","1,265.3","1,381.6","1,363.1","1,170.3","1,170.8","1,157.6","1,167.1","1,095.3","1,085.7","1,093.0","1,117.1","1,225.7","1,290.9","1,398.7","1,384.5","1,168.0","1,150.7","1,133.0","1,123.0","1,097.4","1,098.9","1,117.4","1,126.2","1,239.3","1,316.1","1,444.5","1,427.9","1,215.6","1,186.0","1,171.6","1,182.6","1,127.0","1,139.2","1,160.1","1,161.3","1,251.5","1,347.5","1,448.9","1,432.1","1,213.7","1,200.8","1,195.5","1,169.3","1,130.3","1,130.1","1,126.3","1,167.5","1,254.4","1,357.4","1,462.1","1,428.7","1,239.2","1,227.2","1,225.0","1,208.8","1,133.5","1,142.9","1,135.1","1,138.0","1,277.9","1,335.1","1,454.6","1,434.1","1,214.1","1,236.4","1,229.3","1,222.4","1,162.2","1,194.3","1,216.6","1,198.8","1,350.0","1,403.6","1,513.5","1,487.8","1,252.0","1,275.5","1,266.8","1,260.7","1,217.1","1,223.6","1,232.1","1,252.5","1,389.0","1,467.8","1,584.9","1,539.0","1,275.1","1,296.6","1,298.6","1,292.3","1,227.4","1,236.7","1,243.4","1,249.9","1,355.0","1,449.9","1,558.6","1,537.6","1,325.0","1,310.1","1,293.4","1,262.1","1,164.7","1,164.6","1,153.5","1,156.5","1,271.2","1,335.7","1,410.3","1,378.9","1,168.7","1,174.1","1,168.8","1,152.1","1,102.7","1,113.4","1,111.8","1,145.9","1,257.0","1,344.5","1,440.8","1,405.6","1,181.8","1,178.3","1,187.2","1,190.1","1,139.2","1,153.5","1,143.3","1,170.8","1,280.7","1,363.1","1,471.0","1,437.8","1,239.5","1,231.1","1,224.2","1,204.2","1,134.3","1,125.3","1,148.3","1,190.6","1,297.4","1,365.4","1,460.8","1,423.7","1,198.3","1,199.2","1,202.2","1,194.9","1,154.3","1,174.5","1,161.3","1,180.8","1,340.8","1,392.9","1,469.3","1,441.2","1,241.8","1,238.3","1,211.0","1,214.2","1,147.1","1,162.5","1,182.5","1,164.2","1,293.0","1,348.9","1,455.8","1,423.2","1,225.2","1,253.7","1,234.4","1,232.7","1,173.1","1,181.2","1,185.0","1,170.9","1,325.6","1,376.1","1,451.1","1,439.9","1,221.1","1,212.3","1,196.6","1,178.4","1,137.2","1,137.1","1,124.8","1,145.3","1,294.7","1,326.9","1,409.0","1,419.1","1,218.9","1,238.3","1,227.5","1,238.3","1,170.7","1,192.9","1,200.9","1,200.7","1,351.8","1,409.9","1,471.4","1,462.0","1,243.5","1,269.0","1,290.2","1,279.2","1,217.3","1,213.8","1,231.4","1,228.4","1,375.7","1,427.3","1,513.9","1,487.0","1,277.1","1,267.8","1,279.8","1,264.8","1,228.7","1,234.2","1,234.8","1,277.1","1,378.4","1,425.1","1,495.6","1,474.4","1,256.7","1,269.6","1,269.0","1,258.4","1,205.0","1,223.0","1,061.7","859.2","971.0","1,154.9","1,268.5","1,276.1","1,171.1","1,153.8","1,148.5","1,122.6","1,048.5","1,113.2","1,171.0","1,123.0","1,217.3","1,337.7","1,444.9","1,420.5","1,234.6","1,241.7","1,240.5","1,246.5","1,137.9","1,215.3","1,218.6","1,230.1","1,372.6","1,421.7","1,490.4","1,475.8","1,259.7","1,285.8","1,265.2","1,299.2","1,233.3","1,262.6","1,277.6","1,281.3","1,400.8","1,477.2","1,579.2","1,532.7","1,305.8","1,329.2","1,318.9","1,319.7","1,265.5","1,290.3","1,271.0","1,318.7","1,411.8","1,461.9","1,542.3","1,523.1","1,329.0","1,352.9","1,325.9","1,332.2","1,299.8","1,318.3","1,308.2","1,334.8","1,475.1","1,527.6","1,560.0","1,551.1","1,367.6","1,362.2","1,383.8","1,370.1","1,286.3","1,274.4","1,277.7"
,"25 years and over","4,609.7","4,619.2","4,642.8","4,683.2","4,769.3","4,830.6","4,841.9","4,851.5","4,866.9","4,829.2","4,793.5","4,736.8","4,649.2","4,656.9","4,662.6","4,693.6","4,817.2","4,867.3","4,877.3","4,895.3","4,904.1","4,901.1","4,859.1","4,794.7","4,714.5","4,736.6","4,756.6","4,772.1","4,894.0","4,972.7","4,975.6","5,000.5","5,013.4","5,016.3","4,969.2","4,908.7","4,845.0","4,855.6","4,890.8","4,926.5","5,047.5","5,109.5","5,136.0","5,139.2","5,150.9","5,142.3","5,093.9","5,026.6","4,955.8","4,974.4","4,990.6","5,012.7","5,100.5","5,188.9","5,191.8","5,217.0","5,234.6","5,220.6","5,196.9","5,138.3","5,071.4","5,102.6","5,122.8","5,161.9","5,245.0","5,322.6","5,317.3","5,341.6","5,323.5","5,305.5","5,256.7","5,155.1","5,059.4","5,067.0","5,076.2","5,071.7","5,156.1","5,199.1","5,186.1","5,157.6","5,136.8","5,105.7","5,026.4","4,964.7","4,879.2","4,911.9","4,960.2","5,012.0","5,139.5","5,207.5","5,234.1","5,266.8","5,284.9","5,271.3","5,207.4","5,148.7","5,043.8","5,072.5","5,083.3","5,129.1","5,241.1","5,333.2","5,356.9","5,354.3","5,360.8","5,359.0","5,283.2","5,227.4","5,162.1","5,174.5","5,199.5","5,269.2","5,387.7","5,445.5","5,485.8","5,489.6","5,513.5","5,492.7","5,466.7","5,409.0","5,351.3","5,365.3","5,380.7","5,435.8","5,538.4","5,610.6","5,614.9","5,628.2","5,654.6","5,637.6","5,585.8","5,527.6","5,442.5","5,464.9","5,502.2","5,560.0","5,693.0","5,765.4","5,769.2","5,802.5","5,830.8","5,828.8","5,784.2","5,733.9","5,653.2","5,672.3","5,690.6","5,729.9","5,861.1","5,927.8","5,927.2","5,961.3","5,975.9","5,959.8","5,909.0","5,861.3","5,786.7","5,807.5","5,832.7","5,861.4","5,993.5","6,079.6","6,061.2","6,108.5","6,128.9","6,110.6","6,021.9","5,946.2","5,868.1","5,888.4","5,888.0","5,959.9","6,063.5","6,142.7","6,157.3","6,164.3","6,171.6","6,126.7","5,999.0","5,903.6","5,805.2","5,779.1","5,764.5","5,835.7","5,964.7","6,046.4","6,061.1","6,058.6","6,071.1","6,043.1","5,943.1","5,843.7","5,731.9","5,728.1","5,734.7","5,773.4","5,912.3","6,002.3","6,015.3","5,993.9","6,004.7","5,981.7","5,901.9","5,828.2","5,746.6","5,768.7","5,782.5","5,816.0","5,945.3","6,050.3","6,053.7","6,065.6","6,067.7","6,053.7","5,993.6","5,894.2","5,795.0","5,836.8","5,866.9","5,922.1","6,094.5","6,174.5","6,197.6","6,220.0","6,235.7","6,224.6","6,177.7","6,092.3","5,996.1","5,998.6","6,026.2","6,053.7","6,186.8","6,264.1","6,274.4","6,308.1","6,348.1","6,301.6","6,244.5","6,174.9","6,087.0","6,086.2","6,099.3","6,148.4","6,270.2","6,341.8","6,376.1","6,392.7","6,380.8","6,351.1","6,291.2","6,244.9","6,149.0","6,173.8","6,217.2","6,244.3","6,408.6","6,521.2","6,524.0","6,568.6","6,596.9","6,579.5","6,508.9","6,461.6","6,341.5","6,377.1","6,392.6","6,443.0","6,555.8","6,642.2","6,632.6","6,656.1","6,678.0","6,660.7","6,592.6","6,523.4","6,449.0","6,474.4","6,474.3","6,551.4","6,678.5","6,740.5","6,743.4","6,750.7","6,778.7","6,780.2","6,736.3","6,708.4","6,605.3","6,656.3","6,667.0","6,695.5","6,834.7","6,873.8","6,869.5","6,875.6","6,898.7","6,883.1","6,841.8","6,785.2","6,670.2","6,711.3","6,705.1","6,755.1","6,875.7","6,929.7","6,921.0","6,930.7","6,950.1","6,941.2","6,871.9","6,775.6","6,658.1","6,726.6","6,775.7","6,845.0","6,986.9","7,065.7","7,056.5","7,090.0","7,108.5","7,098.8","7,061.1","6,989.2","6,906.2","6,949.3","6,958.9","7,017.9","7,117.5","7,202.6","7,175.9","7,169.8","7,222.0","7,222.7","7,179.4","7,121.6","7,018.7","7,033.0","7,057.5","7,118.0","7,236.3","7,306.3","7,306.9","7,325.5","7,342.8","7,356.2","7,282.2","7,219.0","7,127.4","7,151.5","7,178.0","7,230.9","7,374.5","7,442.7","7,422.9","7,438.7","7,461.7","7,452.6","7,385.9","7,327.0","7,212.2","7,233.0","7,251.4","7,332.0","7,479.9","7,529.5","7,496.5","7,507.0","7,539.1","7,518.2","7,459.1","7,411.1","7,322.0","7,346.1","7,337.4","7,397.4","7,533.0","7,597.9","7,590.2","7,603.2","7,657.8","7,644.2","7,620.1","7,551.1","7,475.7","7,499.4","7,517.0","7,560.2","7,679.9","7,745.7","7,685.3","7,718.4","7,756.6","7,760.5","7,654.5","7,567.7","7,402.6","7,373.0","7,341.2","7,397.4","7,522.1","7,601.2","7,585.7","7,599.0","7,626.6","7,643.2","7,607.7","7,511.5","7,396.4","7,423.3","7,435.2","7,544.2","7,655.9","7,769.3","7,733.7","7,776.8","7,854.5","7,810.6","7,779.3","7,700.3","7,596.0","7,619.2","7,638.1","7,718.5","7,844.8","7,907.0","7,870.9","7,907.0","7,957.6","7,932.8","7,861.7","7,778.8","7,664.2","7,711.5","7,729.2","7,828.9","7,973.1","8,008.7","7,972.3","8,023.0","8,096.8","8,061.7","8,003.3","7,964.7","7,830.8","7,887.9","7,862.1","7,942.4","8,067.1","8,094.6","8,065.4","8,092.0","8,154.9","8,130.1","8,088.5","7,968.4","7,896.8","7,903.8","7,915.7","7,982.7","8,092.1","8,176.1","8,124.3","8,164.7","8,220.5","8,198.9","8,138.2","8,097.7","7,962.4","7,976.7","7,962.1","8,040.7","8,163.4","8,250.7","8,214.1","8,248.4","8,298.3","8,298.3","8,210.7","8,125.5","7,992.0","8,042.2","8,031.8","8,076.0","8,246.8","8,288.8","8,256.9","8,272.3","8,334.1","8,306.9","8,288.9","8,213.7","8,143.2","8,160.2","8,175.2","8,242.6","8,388.2","8,435.4","8,444.4","8,486.5","8,522.9","8,522.0","8,501.2","8,466.0","8,341.8","8,351.0","8,388.2","8,429.9","8,548.5","8,617.4","8,584.3","8,560.6","8,666.6","8,664.7","8,663.2","8,603.6","8,476.9","8,503.6","8,540.4","8,603.1","8,752.7","8,787.0","8,785.5","8,828.4","8,899.6","8,861.7","8,778.6","8,742.2","8,635.5","8,676.4","8,408.3","7,601.6","7,920.3","8,361.3","8,429.0","8,533.8","8,697.1","8,723.2","8,681.0","8,617.6","8,461.1","8,561.2","8,618.7","8,626.1","8,751.8","8,821.3","8,800.5","8,819.7","8,942.6","8,965.3","8,972.9","8,940.8","8,771.1","8,884.2","8,925.1","8,984.0","9,094.5","9,117.9","9,113.8","9,122.1","9,190.2","9,210.8","9,196.5","9,127.2","9,089.2","9,107.2","9,150.0","9,214.2","9,368.1","9,435.6","9,364.5","9,415.6","9,509.0","9,524.8","9,504.8","9,440.4","9,352.1","9,384.8","9,426.7","9,504.6","9,622.8","9,634.3","9,604.6","9,614.2","9,682.8","9,674.0","9,663.5","9,646.0","9,552.4","9,576.5","9,560.6","9,649.4","9,713.2","9,821.6","9,753.1","9,702.1","9,779.1","9,808.4","9,765.2","9,717.9","9,612.5","9,593.0","9,596.6"
,"25 to 44 years","2,765.1","2,780.2","2,795.7","2,813.7","2,888.5","2,914.9","2,929.6","2,944.3","2,939.2","2,921.5","2,903.0","2,868.4","2,817.8","2,826.8","2,831.2","2,856.5","2,932.5","2,966.3","2,982.6","2,992.7","3,001.8","2,999.3","2,981.2","2,944.5","2,897.2","2,902.3","2,913.1","2,927.7","3,001.5","3,058.3","3,062.9","3,072.4","3,074.7","3,074.5","3,053.1","3,020.4","2,980.9","2,989.7","3,019.9","3,035.4","3,117.4","3,159.6","3,183.7","3,184.5","3,202.3","3,196.5","3,166.5","3,130.8","3,078.5","3,084.3","3,099.0","3,114.7","3,175.8","3,241.3","3,239.6","3,259.5","3,263.2","3,267.1","3,253.6","3,221.1","3,175.5","3,194.4","3,210.9","3,242.9","3,299.3","3,356.6","3,354.5","3,370.4","3,352.7","3,339.7","3,309.3","3,239.4","3,181.8","3,188.8","3,197.5","3,181.8","3,244.0","3,281.7","3,278.0","3,251.9","3,242.5","3,231.4","3,177.5","3,127.7","3,074.6","3,096.6","3,126.6","3,160.3","3,251.3","3,303.4","3,325.3","3,348.6","3,356.0","3,343.8","3,312.8","3,276.2","3,201.9","3,218.2","3,229.3","3,272.2","3,355.4","3,415.5","3,455.0","3,459.9","3,455.1","3,450.3","3,405.7","3,373.4","3,318.4","3,342.5","3,369.4","3,421.9","3,516.0","3,548.6","3,574.2","3,580.2","3,591.5","3,563.2","3,549.6","3,513.3","3,482.9","3,491.0","3,504.2","3,537.7","3,620.3","3,673.1","3,686.1","3,704.9","3,706.5","3,688.0","3,654.7","3,628.2","3,549.0","3,563.7","3,602.5","3,642.8","3,744.2","3,806.8","3,816.0","3,839.7","3,842.9","3,850.7","3,818.0","3,781.5","3,738.7","3,750.1","3,760.4","3,785.9","3,886.2","3,925.9","3,922.2","3,945.8","3,940.3","3,927.5","3,900.5","3,869.0","3,799.9","3,815.4","3,839.2","3,873.3","3,973.7","4,029.6","4,023.3","4,053.2","4,046.2","4,041.0","3,983.2","3,916.3","3,852.3","3,870.6","3,886.0","3,931.3","4,017.7","4,080.6","4,089.5","4,081.4","4,063.4","4,017.6","3,927.8","3,860.1","3,794.1","3,779.5","3,771.1","3,817.4","3,917.0","3,971.6","3,984.3","3,970.4","3,958.0","3,926.9","3,853.5","3,784.2","3,697.6","3,701.5","3,710.0","3,726.6","3,817.8","3,890.9","3,904.6","3,889.2","3,881.6","3,873.6","3,813.1","3,758.8","3,688.4","3,714.4","3,707.4","3,733.7","3,845.5","3,919.9","3,928.7","3,925.8","3,914.0","3,895.5","3,848.2","3,778.0","3,696.4","3,716.8","3,736.1","3,782.1","3,902.9","3,939.1","3,972.8","3,988.9","3,969.1","3,951.5","3,922.6","3,865.9","3,801.9","3,796.4","3,817.9","3,843.2","3,934.3","3,990.1","3,993.6","4,008.4","4,037.7","3,982.8","3,949.9","3,892.0","3,840.4","3,825.7","3,828.7","3,873.0","3,944.0","3,985.8","4,014.8","4,030.9","4,014.2","3,987.1","3,951.7","3,906.2","3,838.9","3,835.7","3,871.8","3,881.7","3,986.2","4,057.7","4,078.7","4,093.8","4,102.5","4,085.6","4,041.5","4,008.1","3,904.5","3,933.7","3,946.4","3,989.9","4,055.8","4,114.8","4,114.4","4,120.9","4,111.3","4,106.2","4,064.6","4,020.3","3,947.6","3,961.7","3,953.0","3,989.8","4,070.7","4,095.8","4,102.3","4,092.1","4,097.1","4,100.9","4,063.7","4,047.6","3,965.7","3,994.9","4,000.3","4,007.1","4,093.1","4,120.7","4,137.0","4,138.0","4,135.7","4,120.1","4,099.1","4,038.7","3,980.1","3,996.5","3,973.4","4,003.1","4,068.1","4,094.6","4,087.1","4,101.9","4,089.3","4,072.6","4,034.7","3,951.5","3,861.0","3,888.6","3,920.7","3,949.2","4,033.4","4,092.3","4,086.9","4,115.8","4,111.6","4,091.3","4,065.1","4,007.3","3,947.3","3,959.8","3,947.1","3,970.9","4,039.7","4,076.5","4,068.0","4,049.2","4,062.7","4,060.4","4,036.2","4,010.6","3,925.4","3,907.7","3,916.4","3,954.2","4,014.0","4,059.3","4,072.6","4,079.0","4,070.3","4,064.8","4,011.3","3,969.1","3,915.8","3,926.5","3,937.7","3,966.9","4,026.7","4,055.9","4,043.4","4,058.5","4,057.0","4,028.8","4,003.6","3,974.0","3,884.8","3,887.4","3,901.5","3,959.1","4,018.0","4,048.1","4,035.6","4,037.0","4,042.2","4,012.9","3,974.4","3,943.3","3,889.0","3,897.4","3,884.5","3,914.5","3,978.8","4,018.8","4,012.4","3,994.3","4,010.4","3,981.7","3,976.0","3,933.7","3,884.5","3,897.3","3,896.7","3,929.2","3,993.1","4,022.3","3,981.8","4,011.8","3,998.1","3,998.0","3,956.5","3,882.9","3,771.8","3,749.8","3,718.8","3,744.2","3,806.3","3,854.4","3,844.3","3,847.0","3,840.0","3,838.5","3,818.2","3,749.0","3,688.2","3,700.6","3,705.1","3,767.1","3,835.7","3,911.5","3,891.9","3,904.0","3,917.0","3,876.7","3,865.1","3,821.3","3,755.7","3,767.5","3,784.8","3,825.0","3,905.8","3,939.4","3,910.6","3,942.9","3,948.5","3,910.4","3,877.0","3,833.6","3,796.5","3,820.6","3,813.2","3,870.5","3,950.6","3,985.8","3,963.5","3,999.6","4,023.0","3,997.4","3,975.1","3,967.3","3,885.7","3,900.9","3,884.1","3,929.6","3,971.2","3,995.4","3,992.7","3,986.1","4,008.0","3,989.5","3,980.9","3,921.2","3,888.3","3,873.3","3,886.4","3,908.4","3,965.2","3,999.5","3,992.0","4,016.0","4,030.2","4,017.5","4,006.6","4,005.1","3,924.0","3,914.2","3,916.3","3,956.5","4,026.3","4,068.0","4,044.8","4,065.4","4,064.9","4,064.3","4,032.4","4,016.1","3,939.3","3,925.2","3,929.2","3,959.6","4,053.5","4,086.9","4,084.6","4,086.7","4,107.6","4,094.8","4,100.3","4,066.7","4,039.5","4,034.3","4,050.9","4,090.7","4,169.2","4,181.6","4,194.6","4,185.3","4,194.2","4,186.7","4,194.8","4,178.6","4,146.7","4,149.8","4,169.6","4,209.0","4,267.6","4,322.0","4,312.9","4,301.2","4,340.8","4,349.4","4,351.0","4,309.9","4,232.3","4,239.4","4,246.4","4,266.1","4,350.0","4,364.1","4,371.6","4,400.1","4,448.7","4,439.9","4,406.3","4,395.5","4,339.4","4,367.2","4,213.7","3,766.5","3,917.1","4,197.6","4,250.1","4,302.1","4,386.7","4,398.6","4,391.4","4,360.6","4,259.8","4,318.5","4,355.0","4,369.5","4,443.9","4,468.2","4,478.8","4,495.7","4,547.7","4,593.2","4,601.7","4,616.7","4,506.7","4,587.4","4,623.1","4,650.5","4,699.3","4,721.8","4,732.6","4,730.6","4,752.8","4,769.1","4,761.6","4,729.1","4,705.1","4,718.0","4,743.2","4,785.4","4,883.6","4,921.2","4,885.3","4,920.3","4,975.3","4,971.5","4,969.2","4,980.9","4,922.2","4,947.5","4,976.9","5,036.6","5,096.8","5,096.4","5,120.7","5,144.0","5,168.1","5,154.8","5,154.4","5,154.9","5,104.7","5,124.4","5,117.5","5,167.1","5,212.4","5,292.2","5,278.8","5,221.1","5,268.3","5,279.2","5,252.4","5,215.3","5,147.3","5,117.2","5,115.1"
,"45 to 64 years","1,711.2","1,710.0","1,724.6","1,744.8","1,754.9","1,789.6","1,786.6","1,784.8","1,795.7","1,783.1","1,770.8","1,749.4","1,715.3","1,712.6","1,717.3","1,718.0","1,763.9","1,775.3","1,772.7","1,781.0","1,779.3","1,783.9","1,762.9","1,735.3","1,703.2","1,718.4","1,725.2","1,728.1","1,773.7","1,795.0","1,796.6","1,806.4","1,816.5","1,815.5","1,794.6","1,768.7","1,745.2","1,745.0","1,747.4","1,764.9","1,802.0","1,823.2","1,827.1","1,832.3","1,826.1","1,824.1","1,807.0","1,773.7","1,762.5","1,766.8","1,771.7","1,776.0","1,803.3","1,824.1","1,830.1","1,836.2","1,844.0","1,833.1","1,823.5","1,802.7","1,780.5","1,792.4","1,793.4","1,803.2","1,823.6","1,842.5","1,847.1","1,852.5","1,851.4","1,845.7","1,827.9","1,793.4","1,760.4","1,753.6","1,757.0","1,768.2","1,790.6","1,796.3","1,783.6","1,781.5","1,771.9","1,755.9","1,732.7","1,721.5","1,693.8","1,701.7","1,717.0","1,729.2","1,771.3","1,786.3","1,791.7","1,800.9","1,809.2","1,804.9","1,775.1","1,751.0","1,721.9","1,737.0","1,735.5","1,737.8","1,768.6","1,801.5","1,788.1","1,779.5","1,784.1","1,792.1","1,761.3","1,737.0","1,727.1","1,721.4","1,720.5","1,732.4","1,760.7","1,782.5","1,795.4","1,792.3","1,799.3","1,803.6","1,790.3","1,775.3","1,754.8","1,761.8","1,769.7","1,790.6","1,806.4","1,827.3","1,820.8","1,808.6","1,816.7","1,821.1","1,804.5","1,776.9","1,769.3","1,781.6","1,788.8","1,801.7","1,827.9","1,834.0","1,832.7","1,839.7","1,855.1","1,847.1","1,837.6","1,829.5","1,789.3","1,799.1","1,812.8","1,830.2","1,863.7","1,887.0","1,887.6","1,900.5","1,906.4","1,906.3","1,876.9","1,864.5","1,865.9","1,867.7","1,870.9","1,868.2","1,901.4","1,929.1","1,918.5","1,937.2","1,960.2","1,944.3","1,914.3","1,899.3","1,881.9","1,880.0","1,868.8","1,894.3","1,907.1","1,931.1","1,946.0","1,959.8","1,978.8","1,977.8","1,943.0","1,914.1","1,877.4","1,869.9","1,863.0","1,886.3","1,913.3","1,937.7","1,943.9","1,950.5","1,972.3","1,974.2","1,947.6","1,917.0","1,893.3","1,892.2","1,886.5","1,910.2","1,956.5","1,977.6","1,975.2","1,968.9","1,992.4","1,985.4","1,969.6","1,948.2","1,936.4","1,939.6","1,957.8","1,963.9","1,972.7","2,012.3","2,008.5","2,017.5","2,030.2","2,025.9","2,011.9","1,980.8","1,953.3","1,976.6","1,985.8","1,998.9","2,053.1","2,092.8","2,091.6","2,096.6","2,128.3","2,134.5","2,113.7","2,084.1","2,049.5","2,063.9","2,072.7","2,077.0","2,117.7","2,146.0","2,152.7","2,170.0","2,176.5","2,183.5","2,162.4","2,145.3","2,107.1","2,116.8","2,130.5","2,138.5","2,185.4","2,212.5","2,225.5","2,234.8","2,235.4","2,236.3","2,210.6","2,211.9","2,181.0","2,205.7","2,207.5","2,224.2","2,278.5","2,321.1","2,305.7","2,333.5","2,352.7","2,343.8","2,323.1","2,303.9","2,286.8","2,289.3","2,292.9","2,299.2","2,337.0","2,371.4","2,370.8","2,391.1","2,420.7","2,402.9","2,379.9","2,363.7","2,359.2","2,366.1","2,375.8","2,419.6","2,462.5","2,496.7","2,492.4","2,510.2","2,533.7","2,531.6","2,529.6","2,515.2","2,492.3","2,517.3","2,515.7","2,543.1","2,591.1","2,605.1","2,595.1","2,594.6","2,614.8","2,618.2","2,602.4","2,607.6","2,553.9","2,578.3","2,591.9","2,612.2","2,664.5","2,687.3","2,683.7","2,678.1","2,712.7","2,713.7","2,683.2","2,671.2","2,650.4","2,684.3","2,695.8","2,731.9","2,786.0","2,811.8","2,807.2","2,804.7","2,829.9","2,839.6","2,823.6","2,804.6","2,784.4","2,815.0","2,821.8","2,856.2","2,895.6","2,930.5","2,925.3","2,943.0","2,968.7","2,971.5","2,949.2","2,921.4","2,911.0","2,934.4","2,942.2","2,970.0","3,026.3","3,064.9","3,041.3","3,057.8","3,073.5","3,100.3","3,076.5","3,048.6","3,023.5","3,029.1","3,041.5","3,059.9","3,138.6","3,178.9","3,161.8","3,175.8","3,203.4","3,217.6","3,171.0","3,150.0","3,122.9","3,130.8","3,141.5","3,164.1","3,247.9","3,269.4","3,255.8","3,268.7","3,293.0","3,290.4","3,264.7","3,254.6","3,220.3","3,223.4","3,227.7","3,266.3","3,331.7","3,350.0","3,349.5","3,375.6","3,406.5","3,412.2","3,391.4","3,373.8","3,343.7","3,348.3","3,366.5","3,375.6","3,426.4","3,458.7","3,437.5","3,441.5","3,477.8","3,485.7","3,436.5","3,413.1","3,361.8","3,333.7","3,339.3","3,377.7","3,420.6","3,454.0","3,457.1","3,471.2","3,489.9","3,500.5","3,481.5","3,454.9","3,400.9","3,416.1","3,421.6","3,469.5","3,510.1","3,538.7","3,525.3","3,549.1","3,612.8","3,606.0","3,593.6","3,558.7","3,521.5","3,529.4","3,524.8","3,566.5","3,606.8","3,621.9","3,616.9","3,624.5","3,660.8","3,666.6","3,629.2","3,600.4","3,528.0","3,544.9","3,557.2","3,590.6","3,651.8","3,651.2","3,634.6","3,650.1","3,697.0","3,683.8","3,656.8","3,641.1","3,575.2","3,607.2","3,593.1","3,634.6","3,701.4","3,712.8","3,679.4","3,704.3","3,723.2","3,718.2","3,682.4","3,622.6","3,583.9","3,614.3","3,613.4","3,658.5","3,711.8","3,755.5","3,717.7","3,718.1","3,758.3","3,748.5","3,708.6","3,677.1","3,620.8","3,643.3","3,630.6","3,657.1","3,707.7","3,747.7","3,747.7","3,750.1","3,789.6","3,771.0","3,717.1","3,672.9","3,619.0","3,664.8","3,663.4","3,685.6","3,754.3","3,759.6","3,728.1","3,747.0","3,777.7","3,769.9","3,740.9","3,695.1","3,659.3","3,657.2","3,666.0","3,688.0","3,742.9","3,776.2","3,773.8","3,812.4","3,819.8","3,827.0","3,803.8","3,774.5","3,690.0","3,703.2","3,717.0","3,721.4","3,778.0","3,802.8","3,783.3","3,783.2","3,834.1","3,824.8","3,813.0","3,789.2","3,731.1","3,742.5","3,758.6","3,790.7","3,867.4","3,879.4","3,873.2","3,873.3","3,890.2","3,841.7","3,809.0","3,774.9","3,736.3","3,752.2","3,672.7","3,343.7","3,500.4","3,656.2","3,676.6","3,721.9","3,771.6","3,789.3","3,755.5","3,726.8","3,656.2","3,690.9","3,722.9","3,713.7","3,752.9","3,800.9","3,788.3","3,784.6","3,833.3","3,818.0","3,811.5","3,775.9","3,714.1","3,740.3","3,748.3","3,768.5","3,824.9","3,824.8","3,816.6","3,797.8","3,841.9","3,841.0","3,831.0","3,804.0","3,786.7","3,808.0","3,808.6","3,818.4","3,857.9","3,868.1","3,853.2","3,845.7","3,879.5","3,887.2","3,883.0","3,846.3","3,801.6","3,830.5","3,827.1","3,841.6","3,875.8","3,873.0","3,844.8","3,819.9","3,858.0","3,858.1","3,862.3","3,824.7","3,799.1","3,796.3","3,789.9","3,799.3","3,825.1","3,850.0","3,799.7","3,806.2","3,833.3","3,867.5","3,840.2","3,832.7","3,805.2","3,812.8","3,817.9"
,"45 years and over","1,844.6","1,838.9","1,847.1","1,869.5","1,880.7","1,915.7","1,912.3","1,907.2","1,927.7","1,907.8","1,890.6","1,868.4","1,831.3","1,830.1","1,831.4","1,837.1","1,884.7","1,901.0","1,894.7","1,902.7","1,902.3","1,901.8","1,877.8","1,850.2","1,817.4","1,834.3","1,843.6","1,844.3","1,892.5","1,914.5","1,912.7","1,928.1","1,938.6","1,941.7","1,916.1","1,888.3","1,864.1","1,865.9","1,870.9","1,891.1","1,930.1","1,949.9","1,952.3","1,954.7","1,948.7","1,945.8","1,927.4","1,895.8","1,877.3","1,890.1","1,891.6","1,898.0","1,924.7","1,947.6","1,952.2","1,957.5","1,971.4","1,953.5","1,943.3","1,917.2","1,895.9","1,908.2","1,911.9","1,919.0","1,945.7","1,966.0","1,962.7","1,971.1","1,970.8","1,965.8","1,947.5","1,915.7","1,877.6","1,878.2","1,878.7","1,889.9","1,912.1","1,917.4","1,908.1","1,905.7","1,894.3","1,874.3","1,848.9","1,837.0","1,804.6","1,815.3","1,833.5","1,851.7","1,888.2","1,904.1","1,908.8","1,918.3","1,928.9","1,927.5","1,894.6","1,872.5","1,841.8","1,854.3","1,854.0","1,856.9","1,885.7","1,917.8","1,901.9","1,894.4","1,905.7","1,908.8","1,877.5","1,854.0","1,843.7","1,831.9","1,830.1","1,847.2","1,871.8","1,896.9","1,911.6","1,909.4","1,922.1","1,929.4","1,917.2","1,895.7","1,868.3","1,874.3","1,876.6","1,898.0","1,918.1","1,937.5","1,928.9","1,923.3","1,948.1","1,949.5","1,931.0","1,899.4","1,893.5","1,901.2","1,899.8","1,917.3","1,948.7","1,958.6","1,953.3","1,962.8","1,987.9","1,978.1","1,966.2","1,952.4","1,914.5","1,922.2","1,930.1","1,944.0","1,974.8","2,001.9","2,005.0","2,015.6","2,035.7","2,032.3","2,008.5","1,992.3","1,986.8","1,992.1","1,993.4","1,988.1","2,019.8","2,050.0","2,037.8","2,055.4","2,082.7","2,069.6","2,038.7","2,029.9","2,015.8","2,017.8","2,002.1","2,028.6","2,045.8","2,062.1","2,067.8","2,082.9","2,108.1","2,109.1","2,071.2","2,043.6","2,011.2","1,999.7","1,993.5","2,018.4","2,047.7","2,074.7","2,076.8","2,088.3","2,113.0","2,116.2","2,089.6","2,059.5","2,034.2","2,026.6","2,024.7","2,046.8","2,094.6","2,111.5","2,110.7","2,104.7","2,123.1","2,108.1","2,088.8","2,069.4","2,058.2","2,054.3","2,075.2","2,082.2","2,099.8","2,130.4","2,125.0","2,139.9","2,153.7","2,158.2","2,145.3","2,116.2","2,098.6","2,120.0","2,130.9","2,139.9","2,191.6","2,235.4","2,224.8","2,231.1","2,266.7","2,273.1","2,255.1","2,226.4","2,194.1","2,202.2","2,208.3","2,210.5","2,252.5","2,274.0","2,280.8","2,299.7","2,310.3","2,318.7","2,294.6","2,282.9","2,246.6","2,260.4","2,270.7","2,275.4","2,326.3","2,356.1","2,361.3","2,361.8","2,366.7","2,364.0","2,339.5","2,338.7","2,310.0","2,338.1","2,345.4","2,362.5","2,422.4","2,463.5","2,445.3","2,474.7","2,494.4","2,494.0","2,467.4","2,453.5","2,436.9","2,443.4","2,446.2","2,453.2","2,500.1","2,527.4","2,518.2","2,535.2","2,566.6","2,554.6","2,528.0","2,503.1","2,501.4","2,512.7","2,521.4","2,561.5","2,607.8","2,644.7","2,641.1","2,658.6","2,681.7","2,679.3","2,672.5","2,660.8","2,639.6","2,661.3","2,666.7","2,688.4","2,741.7","2,753.1","2,732.5","2,737.6","2,763.1","2,763.0","2,742.7","2,746.5","2,690.0","2,714.8","2,731.7","2,752.0","2,807.6","2,835.1","2,833.9","2,828.8","2,860.8","2,868.6","2,837.2","2,824.1","2,797.1","2,838.0","2,855.0","2,895.8","2,953.5","2,973.4","2,969.6","2,974.2","2,997.0","3,007.5","2,996.0","2,981.9","2,958.8","2,989.5","3,011.8","3,046.9","3,077.7","3,126.1","3,107.9","3,120.6","3,159.3","3,162.4","3,143.2","3,110.9","3,093.2","3,125.3","3,141.1","3,163.8","3,222.3","3,247.0","3,234.3","3,246.5","3,272.5","3,291.4","3,270.9","3,249.8","3,211.7","3,225.0","3,240.3","3,264.0","3,347.8","3,386.8","3,379.5","3,380.2","3,404.7","3,423.8","3,382.3","3,353.0","3,327.4","3,345.6","3,349.9","3,372.9","3,461.9","3,481.4","3,460.9","3,470.0","3,496.9","3,505.3","3,484.8","3,467.8","3,432.9","3,448.7","3,452.8","3,482.9","3,554.3","3,579.1","3,577.8","3,609.0","3,647.4","3,662.4","3,644.1","3,617.4","3,591.3","3,602.2","3,620.3","3,631.1","3,686.8","3,723.4","3,703.5","3,706.5","3,758.5","3,762.5","3,698.0","3,684.9","3,630.8","3,623.2","3,622.4","3,653.2","3,715.8","3,746.8","3,741.4","3,752.0","3,786.6","3,804.7","3,789.5","3,762.5","3,708.2","3,722.7","3,730.0","3,777.1","3,820.2","3,857.8","3,841.8","3,872.8","3,937.5","3,933.9","3,914.1","3,879.0","3,840.2","3,851.8","3,853.3","3,893.5","3,939.0","3,967.5","3,960.3","3,964.1","4,009.1","4,022.4","3,984.7","3,945.2","3,867.7","3,890.9","3,916.0","3,958.4","4,022.5","4,022.9","4,008.8","4,023.4","4,073.8","4,064.3","4,028.1","3,997.4","3,945.0","3,987.1","3,978.0","4,012.8","4,095.9","4,099.2","4,072.7","4,105.8","4,146.9","4,140.6","4,107.6","4,047.2","4,008.6","4,030.5","4,029.3","4,074.3","4,126.8","4,176.6","4,132.3","4,148.7","4,190.3","4,181.4","4,131.5","4,092.6","4,038.4","4,062.5","4,045.8","4,084.2","4,137.0","4,182.7","4,169.4","4,183.0","4,233.4","4,234.0","4,178.2","4,109.4","4,052.7","4,117.0","4,102.6","4,116.3","4,193.3","4,202.0","4,172.3","4,185.7","4,226.5","4,212.1","4,188.6","4,147.0","4,103.7","4,125.9","4,124.4","4,151.9","4,219.0","4,253.8","4,249.8","4,301.2","4,328.6","4,335.3","4,306.4","4,287.4","4,195.1","4,201.2","4,218.6","4,220.9","4,280.9","4,295.5","4,271.4","4,259.4","4,325.8","4,315.3","4,312.2","4,293.7","4,244.6","4,264.2","4,294.0","4,337.0","4,402.7","4,422.9","4,413.9","4,428.3","4,450.9","4,421.8","4,372.4","4,346.7","4,296.2","4,309.2","4,194.6","3,835.1","4,003.2","4,163.7","4,178.9","4,231.6","4,310.3","4,324.6","4,289.6","4,257.0","4,201.3","4,242.7","4,263.7","4,256.6","4,307.9","4,353.1","4,321.7","4,324.0","4,395.0","4,372.0","4,371.2","4,324.1","4,264.4","4,296.8","4,302.0","4,333.6","4,395.2","4,396.1","4,381.2","4,391.5","4,437.4","4,441.7","4,435.0","4,398.1","4,384.2","4,389.2","4,406.8","4,428.7","4,484.5","4,514.4","4,479.2","4,495.3","4,533.7","4,553.3","4,535.6","4,459.5","4,429.9","4,437.3","4,449.8","4,468.0","4,525.9","4,537.9","4,483.9","4,470.3","4,514.7","4,519.2","4,509.1","4,491.0","4,447.7","4,452.1","4,443.2","4,482.4","4,500.8","4,529.4","4,474.3","4,481.0","4,510.8","4,529.2","4,512.8","4,502.6","4,465.2","4,475.8","4,481.5"
,"25 to 54 years","3,827.0","3,842.2","3,862.5","3,888.6","3,972.2","4,017.3","4,030.9","4,042.8","4,043.7","4,015.4","3,991.1","3,944.9","3,874.4","3,881.9","3,885.8","3,915.2","4,016.9","4,060.7","4,073.3","4,090.4","4,098.0","4,097.1","4,063.8","4,009.8","3,943.5","3,958.0","3,970.6","3,989.3","4,085.8","4,161.5","4,168.8","4,180.3","4,187.9","4,187.9","4,154.9","4,105.4","4,043.2","4,051.9","4,083.9","4,106.0","4,209.3","4,268.6","4,299.4","4,299.8","4,318.7","4,311.3","4,269.3","4,212.9","4,147.7","4,153.9","4,172.6","4,194.9","4,267.4","4,346.3","4,346.1","4,367.1","4,379.9","4,375.0","4,358.9","4,313.6","4,257.8","4,280.3","4,298.7","4,342.7","4,404.5","4,477.9","4,475.9","4,489.0","4,463.8","4,442.9","4,403.9","4,316.7","4,241.2","4,245.0","4,260.5","4,252.4","4,327.4","4,362.9","4,351.2","4,326.7","4,308.3","4,288.3","4,221.5","4,159.5","4,093.4","4,118.1","4,166.2","4,200.2","4,315.2","4,383.0","4,409.8","4,437.9","4,444.4","4,432.7","4,388.0","4,334.7","4,235.5","4,254.6","4,261.7","4,307.1","4,406.7","4,486.0","4,528.9","4,531.6","4,532.4","4,532.0","4,472.2","4,430.7","4,363.5","4,382.8","4,405.9","4,472.1","4,580.2","4,623.1","4,656.2","4,666.8","4,679.0","4,654.4","4,627.0","4,585.9","4,539.7","4,556.0","4,574.8","4,623.8","4,714.3","4,783.2","4,792.3","4,815.1","4,820.0","4,804.6","4,761.8","4,725.2","4,641.6","4,656.0","4,706.6","4,760.2","4,876.7","4,948.4","4,952.3","4,981.4","4,986.8","4,994.0","4,952.5","4,911.8","4,847.0","4,870.3","4,887.4","4,924.8","5,046.0","5,095.8","5,096.8","5,126.6","5,127.7","5,113.0","5,072.5","5,033.5","4,963.6","4,980.4","5,008.1","5,040.0","5,167.5","5,245.9","5,246.8","5,287.6","5,289.1","5,270.7","5,189.6","5,113.2","5,037.1","5,051.2","5,060.8","5,129.1","5,229.8","5,304.9","5,330.8","5,336.2","5,321.8","5,287.9","5,176.6","5,096.6","5,001.2","4,986.1","4,969.7","5,037.9","5,161.9","5,230.4","5,250.9","5,246.4","5,252.6","5,221.8","5,133.4","5,051.0","4,957.6","4,953.4","4,960.0","4,996.8","5,114.9","5,204.2","5,220.0","5,202.0","5,207.2","5,190.5","5,126.3","5,058.4","4,981.3","5,013.0","5,019.9","5,055.4","5,180.9","5,279.7","5,284.7","5,296.1","5,293.7","5,280.4","5,226.2","5,137.7","5,040.9","5,070.3","5,093.6","5,144.4","5,304.1","5,368.1","5,416.8","5,433.5","5,430.3","5,419.3","5,374.9","5,300.2","5,216.7","5,215.3","5,241.7","5,278.2","5,404.4","5,483.2","5,496.8","5,526.1","5,559.9","5,509.6","5,465.0","5,393.2","5,317.5","5,300.8","5,311.0","5,364.1","5,468.6","5,524.9","5,563.4","5,594.0","5,583.0","5,551.9","5,493.9","5,455.0","5,367.2","5,371.1","5,403.3","5,427.9","5,568.0","5,668.3","5,688.4","5,721.0","5,748.0","5,721.2","5,670.9","5,623.2","5,512.0","5,541.1","5,561.4","5,618.7","5,694.4","5,772.8","5,772.9","5,791.6","5,797.1","5,783.5","5,729.1","5,677.6","5,589.6","5,623.3","5,623.5","5,681.3","5,793.0","5,831.6","5,845.6","5,839.1","5,852.9","5,850.5","5,821.4","5,795.7","5,700.1","5,752.9","5,755.0","5,782.7","5,895.2","5,930.0","5,947.5","5,940.2","5,957.4","5,948.4","5,909.7","5,844.7","5,768.0","5,798.8","5,771.4","5,816.7","5,920.0","5,956.0","5,948.0","5,947.8","5,963.8","5,952.6","5,899.5","5,798.5","5,686.1","5,733.1","5,766.9","5,814.3","5,936.3","6,006.2","6,008.4","6,025.9","6,026.0","6,015.2","5,964.6","5,900.4","5,823.3","5,860.0","5,849.2","5,885.5","5,980.4","6,039.1","6,028.6","6,013.0","6,035.3","6,028.6","5,996.1","5,947.9","5,862.2","5,849.1","5,875.6","5,926.6","6,019.4","6,093.5","6,095.3","6,111.5","6,096.5","6,107.5","6,032.0","5,976.5","5,888.9","5,906.5","5,929.3","5,963.3","6,074.2","6,134.7","6,114.1","6,134.1","6,145.0","6,130.9","6,076.1","6,033.1","5,927.8","5,938.2","5,960.5","6,027.4","6,142.9","6,185.5","6,163.8","6,170.1","6,182.2","6,141.3","6,089.0","6,053.0","5,993.4","5,988.4","5,976.2","6,020.4","6,129.2","6,187.0","6,182.5","6,173.4","6,203.5","6,173.4","6,168.1","6,109.5","6,047.2","6,065.1","6,079.4","6,114.1","6,211.0","6,261.7","6,209.9","6,235.7","6,230.6","6,233.3","6,166.0","6,078.2","5,920.7","5,896.0","5,862.9","5,900.2","5,991.3","6,055.4","6,044.1","6,057.4","6,060.4","6,069.3","6,029.6","5,949.4","5,855.0","5,859.4","5,871.8","5,953.3","6,041.8","6,133.2","6,105.1","6,136.6","6,165.7","6,121.9","6,098.4","6,035.1","5,957.8","5,973.3","5,982.8","6,048.2","6,143.6","6,185.2","6,156.4","6,194.8","6,209.5","6,176.2","6,124.4","6,053.2","5,972.2","6,009.1","5,992.3","6,067.8","6,179.3","6,217.8","6,181.1","6,212.6","6,259.3","6,224.6","6,193.2","6,164.4","6,038.6","6,077.3","6,042.0","6,112.6","6,194.0","6,221.7","6,203.2","6,208.4","6,240.1","6,213.5","6,189.8","6,098.5","6,040.9","6,029.6","6,032.2","6,084.0","6,160.9","6,201.9","6,178.7","6,222.6","6,253.0","6,227.6","6,202.0","6,186.9","6,064.3","6,048.9","6,033.3","6,081.5","6,174.8","6,225.0","6,206.8","6,237.5","6,251.1","6,242.6","6,184.9","6,120.4","6,027.7","6,034.4","6,038.9","6,078.0","6,185.2","6,226.2","6,199.8","6,208.3","6,229.6","6,216.8","6,221.3","6,157.9","6,108.7","6,087.7","6,117.1","6,165.5","6,272.4","6,302.2","6,316.8","6,324.4","6,320.9","6,323.4","6,324.3","6,290.1","6,217.2","6,215.8","6,216.4","6,268.0","6,333.9","6,386.0","6,365.7","6,351.3","6,417.2","6,428.8","6,425.6","6,366.8","6,268.3","6,278.7","6,293.9","6,328.0","6,445.1","6,456.9","6,464.6","6,492.1","6,540.9","6,497.0","6,450.2","6,422.9","6,336.6","6,379.8","6,191.6","5,594.4","5,799.9","6,172.2","6,225.7","6,301.6","6,399.9","6,419.1","6,405.3","6,347.0","6,211.3","6,291.3","6,329.0","6,358.4","6,440.5","6,482.3","6,490.3","6,497.9","6,581.3","6,617.8","6,636.8","6,648.5","6,511.7","6,606.2","6,640.3","6,681.2","6,755.9","6,798.8","6,788.4","6,778.1","6,813.6","6,840.2","6,834.3","6,781.7","6,757.5","6,776.2","6,799.0","6,842.1","6,974.0","7,028.6","6,982.0","7,008.1","7,075.8","7,067.7","7,063.8","7,051.9","6,973.2","7,020.9","7,051.2","7,119.1","7,205.7","7,209.5","7,228.9","7,234.3","7,281.5","7,260.6","7,275.4","7,255.5","7,203.0","7,240.5","7,225.2","7,286.3","7,323.5","7,420.2","7,378.1","7,319.4","7,376.2","7,391.3","7,370.7","7,330.1","7,249.5","7,220.2","7,235.4"
,"55 years and over","782.7","777.0","780.3","794.7","797.1","813.3","811.0","808.7","823.2","813.8","802.4","791.9","774.7","775.0","776.8","778.4","800.2","806.6","804.0","804.9","806.1","804.0","795.3","784.8","771.0","778.6","786.0","782.8","808.2","811.2","806.7","820.2","825.5","828.3","814.3","803.3","801.7","803.7","807.0","820.5","838.2","840.9","836.6","839.4","832.2","831.0","824.6","813.7","808.1","820.4","818.1","817.9","833.1","842.5","845.7","849.9","854.7","845.6","838.1","824.7","813.6","822.4","824.1","819.2","840.5","844.8","841.3","852.6","859.7","862.6","852.8","838.4","818.2","822.0","815.7","819.3","828.6","836.2","834.9","830.9","828.5","817.4","804.9","805.3","785.8","793.9","793.9","811.8","824.2","824.5","824.3","828.9","840.5","838.6","819.4","814.0","808.2","817.9","821.6","822.0","834.4","847.2","828.0","822.7","828.3","827.0","811.1","796.7","798.6","791.7","793.6","797.1","807.5","822.4","829.7","822.8","834.6","838.2","839.7","823.1","811.5","809.3","806.0","812.0","824.1","827.4","822.6","813.2","834.6","833.0","824.0","802.5","800.9","808.9","795.7","799.8","816.3","816.9","817.0","821.2","843.9","834.8","831.7","822.0","806.2","802.0","803.2","805.1","815.1","832.1","830.4","834.7","848.2","846.8","836.5","827.8","823.1","827.0","824.6","821.4","826.1","833.7","814.3","820.9","839.9","839.9","832.3","833.0","831.0","837.2","827.3","830.8","833.7","837.8","826.5","828.0","849.8","838.9","822.4","807.0","804.1","793.1","794.9","797.8","802.8","816.0","810.2","812.2","818.5","821.3","809.7","792.7","774.3","774.7","774.7","776.6","797.5","798.1","795.3","792.0","797.5","791.2","775.6","769.8","765.2","755.6","762.6","760.6","764.4","770.6","768.9","769.6","774.0","773.3","767.4","756.5","754.1","766.4","773.4","777.7","790.4","806.5","780.8","786.5","805.4","805.3","802.8","792.0","779.4","783.4","784.5","775.5","782.3","780.9","777.5","782.0","788.2","792.0","779.5","781.7","769.6","785.4","788.3","784.3","801.6","816.9","812.7","798.7","797.8","799.3","797.3","790.0","781.7","802.8","813.9","816.4","840.5","852.9","835.6","847.5","848.9","858.3","838.0","838.4","829.5","836.0","831.2","824.4","861.4","869.4","859.7","864.5","880.8","877.3","863.4","845.9","859.5","851.2","850.8","870.1","885.5","908.9","897.8","911.7","925.8","929.7","914.9","912.7","905.2","903.4","912.0","912.7","939.5","943.8","922.0","935.4","941.4","934.7","932.1","940.5","902.2","912.5","933.7","938.4","955.7","973.7","973.0","982.8","986.3","988.6","972.4","977.1","972.0","993.5","1,008.8","1,030.7","1,050.6","1,059.5","1,048.2","1,064.1","1,082.5","1,083.6","1,096.5","1,088.8","1,082.9","1,089.3","1,109.7","1,132.3","1,137.0","1,163.5","1,147.3","1,156.8","1,186.7","1,194.2","1,183.2","1,173.7","1,156.5","1,183.9","1,181.9","1,191.4","1,217.0","1,212.8","1,211.6","1,214.1","1,246.3","1,248.7","1,250.2","1,242.4","1,238.5","1,245.0","1,248.7","1,267.6","1,300.3","1,308.0","1,308.7","1,304.6","1,316.8","1,321.7","1,309.8","1,293.8","1,284.4","1,294.9","1,290.9","1,304.6","1,337.0","1,343.9","1,332.7","1,336.9","1,356.9","1,376.9","1,370.2","1,358.1","1,328.5","1,357.7","1,361.2","1,377.0","1,403.8","1,410.9","1,407.7","1,429.9","1,454.3","1,470.7","1,451.9","1,441.6","1,428.5","1,434.3","1,437.6","1,446.1","1,468.9","1,484.0","1,475.3","1,482.7","1,526.0","1,527.2","1,488.5","1,489.5","1,481.9","1,477.0","1,478.3","1,497.2","1,530.9","1,545.8","1,541.6","1,541.6","1,566.2","1,573.9","1,578.1","1,562.1","1,541.3","1,563.9","1,563.4","1,590.9","1,614.1","1,636.1","1,628.6","1,640.2","1,688.8","1,688.7","1,680.9","1,665.2","1,638.2","1,646.0","1,655.3","1,670.3","1,701.2","1,721.8","1,714.5","1,712.2","1,748.1","1,756.6","1,737.3","1,725.6","1,692.0","1,702.4","1,736.9","1,761.1","1,793.9","1,790.9","1,791.2","1,810.4","1,837.5","1,837.1","1,810.0","1,800.3","1,792.2","1,810.6","1,820.1","1,829.8","1,873.1","1,872.9","1,862.2","1,883.5","1,914.8","1,916.6","1,898.7","1,869.9","1,855.9","1,874.2","1,883.5","1,898.7","1,931.1","1,974.2","1,945.6","1,942.2","1,967.6","1,971.3","1,936.1","1,910.8","1,898.1","1,927.8","1,928.7","1,959.2","1,988.6","2,025.7","2,007.4","2,010.9","2,047.2","2,055.6","2,025.7","2,005.1","1,964.3","2,007.8","1,992.9","1,997.9","2,061.7","2,062.6","2,057.1","2,064.0","2,104.5","2,090.1","2,067.6","2,055.9","2,034.5","2,072.5","2,058.2","2,077.1","2,115.8","2,133.2","2,127.6","2,162.2","2,202.0","2,198.6","2,177.0","2,175.9","2,124.6","2,135.1","2,171.8","2,161.9","2,214.7","2,231.4","2,218.6","2,209.2","2,249.3","2,235.9","2,237.6","2,236.8","2,208.6","2,224.9","2,246.5","2,275.2","2,307.7","2,330.1","2,320.9","2,336.3","2,358.7","2,364.7","2,328.5","2,319.3","2,298.9","2,296.6","2,216.7","2,007.2","2,120.4","2,189.1","2,203.3","2,232.2","2,297.2","2,304.1","2,275.6","2,270.6","2,249.9","2,269.8","2,289.7","2,267.7","2,311.3","2,339.0","2,310.2","2,321.8","2,361.3","2,347.5","2,336.1","2,292.3","2,259.4","2,278.0","2,284.8","2,302.8","2,338.6","2,319.1","2,325.4","2,344.0","2,376.5","2,370.5","2,362.2","2,345.5","2,331.8","2,331.0","2,351.0","2,372.1","2,394.1","2,407.0","2,382.5","2,407.5","2,433.1","2,457.1","2,441.0","2,388.5","2,378.9","2,363.9","2,375.5","2,385.5","2,417.1","2,424.8","2,375.7","2,379.9","2,401.4","2,413.4","2,388.1","2,390.5","2,349.4","2,336.0","2,335.4","2,363.1","2,389.7","2,401.4","2,375.0","2,382.7","2,402.9","2,417.1","2,394.5","2,387.8","2,363.0","2,372.8","2,361.2"
,"15 to 64 years","5,692.1","5,714.7","5,771.5","5,836.1","6,019.7","6,211.1","6,352.5","6,349.1","6,102.1","6,059.9","6,008.4","5,929.1","5,788.7","5,795.2","5,823.3","5,871.2","6,125.8","6,260.6","6,399.0","6,416.5","6,144.6","6,145.9","6,075.9","5,980.2","5,832.0","5,875.4","5,924.1","5,952.3","6,221.3","6,405.8","6,563.8","6,575.9","6,300.7","6,313.2","6,242.6","6,155.2","6,038.7","6,044.6","6,112.9","6,179.6","6,441.2","6,614.7","6,797.6","6,799.3","6,532.0","6,518.2","6,442.4","6,343.9","6,218.2","6,235.8","6,261.4","6,303.6","6,493.9","6,727.7","6,840.2","6,866.2","6,617.4","6,601.6","6,552.5","6,461.9","6,348.7","6,393.2","6,417.2","6,487.1","6,683.5","6,894.0","7,014.6","7,020.6","6,694.1","6,645.0","6,551.4","6,405.0","6,223.5","6,223.7","6,231.6","6,222.5","6,400.2","6,539.3","6,617.7","6,543.4","6,291.8","6,249.7","6,136.2","6,039.6","5,905.2","5,943.1","5,998.4","6,051.8","6,326.8","6,511.7","6,670.2","6,682.3","6,474.9","6,432.4","6,336.9","6,246.4","6,082.9","6,130.4","6,151.4","6,213.3","6,459.9","6,674.8","6,844.8","6,800.4","6,548.3","6,545.6","6,416.2","6,351.0","6,234.4","6,255.3","6,299.5","6,384.8","6,644.4","6,796.0","6,968.3","6,954.4","6,687.8","6,657.6","6,607.4","6,538.4","6,437.2","6,447.9","6,494.7","6,602.6","6,807.3","7,002.8","7,104.1","7,090.4","6,834.2","6,822.1","6,747.2","6,659.2","6,516.7","6,550.1","6,600.7","6,686.5","6,939.6","7,140.0","7,248.3","7,258.6","7,021.2","7,025.8","6,949.8","6,891.7","6,756.2","6,786.2","6,820.9","6,863.0","7,137.6","7,279.5","7,396.5","7,399.1","7,133.8","7,111.0","7,034.5","6,967.6","6,869.8","6,884.9","6,933.5","6,960.3","7,236.0","7,397.0","7,506.9","7,535.2","7,288.7","7,251.0","7,139.0","7,033.9","6,907.6","6,924.5","6,953.8","7,019.7","7,217.6","7,386.3","7,511.4","7,483.8","7,248.3","7,186.8","7,020.2","6,894.8","6,716.9","6,685.2","6,675.1","6,756.4","6,991.2","7,148.7","7,275.4","7,252.1","7,036.9","7,008.0","6,866.5","6,754.9","6,587.4","6,574.6","6,593.6","6,632.6","6,873.1","7,057.7","7,159.4","7,118.8","6,933.7","6,909.2","6,793.4","6,708.6","6,580.3","6,619.4","6,637.2","6,670.1","6,891.4","7,097.4","7,204.0","7,189.8","6,990.8","6,945.8","6,862.1","6,759.1","6,586.1","6,644.7","6,684.4","6,741.3","7,059.0","7,220.2","7,356.3","7,362.0","7,172.0","7,137.4","7,089.0","6,966.0","6,837.1","6,853.5","6,895.9","6,914.6","7,167.1","7,337.2","7,429.0","7,445.4","7,247.3","7,212.2","7,122.7","7,056.5","6,903.8","6,914.1","6,934.3","7,004.3","7,220.0","7,369.4","7,515.5","7,533.4","7,291.3","7,246.6","7,161.3","7,113.5","6,978.8","6,997.7","7,033.5","7,061.1","7,333.5","7,551.2","7,643.2","7,682.1","7,511.7","7,477.4","7,398.3","7,328.8","7,147.0","7,191.5","7,210.3","7,269.2","7,488.6","7,669.2","7,767.9","7,788.5","7,596.9","7,549.8","7,489.3","7,425.0","7,303.7","7,337.4","7,359.5","7,442.8","7,669.0","7,836.4","7,942.7","7,921.6","7,764.3","7,768.0","7,719.7","7,684.4","7,518.7","7,568.4","7,588.1","7,644.6","7,890.9","7,991.1","8,113.7","8,095.7","7,920.8","7,909.1","7,859.1","7,813.4","7,629.3","7,660.5","7,658.4","7,732.4","7,958.4","8,072.8","8,169.4","8,164.5","7,970.0","7,937.0","7,850.9","7,745.8","7,608.9","7,671.8","7,733.9","7,807.2","8,058.7","8,220.1","8,338.6","8,348.4","8,157.0","8,116.9","8,060.3","7,994.6","7,858.7","7,913.9","7,929.0","7,988.4","8,186.8","8,354.5","8,442.2","8,424.3","8,245.2","8,232.8","8,180.9","8,101.4","7,966.8","7,972.3","7,984.9","8,091.6","8,294.7","8,481.6","8,576.0","8,565.5","8,383.1","8,392.3","8,312.8","8,226.5","8,072.8","8,098.5","8,114.4","8,164.8","8,443.3","8,569.8","8,659.8","8,668.5","8,474.5","8,482.7","8,403.9","8,346.4","8,169.9","8,212.5","8,259.7","8,322.0","8,615.8","8,721.1","8,804.9","8,793.6","8,587.1","8,578.8","8,505.8","8,458.6","8,326.4","8,344.4","8,344.3","8,433.3","8,699.5","8,836.6","8,946.7","8,908.8","8,691.9","8,690.5","8,666.1","8,599.8","8,455.6","8,482.3","8,506.5","8,554.7","8,774.5","8,930.9","8,977.9","8,991.0","8,800.9","8,793.8","8,686.4","8,558.1","8,298.3","8,248.2","8,211.7","8,278.4","8,498.1","8,644.0","8,711.8","8,697.1","8,498.6","8,513.0","8,468.4","8,356.0","8,191.7","8,230.0","8,238.6","8,382.4","8,602.8","8,794.7","8,858.1","8,858.7","8,711.6","8,661.0","8,646.0","8,570.1","8,416.4","8,450.4","8,452.8","8,562.2","8,793.3","8,924.4","8,998.5","9,005.1","8,848.8","8,808.2","8,730.3","8,638.2","8,458.8","8,490.8","8,518.7","8,651.7","8,899.9","9,002.4","9,058.9","9,073.4","8,918.3","8,880.5","8,834.1","8,803.4","8,615.3","8,682.5","8,638.5","8,745.0","9,013.4","9,101.1","9,141.4","9,131.6","8,973.1","8,946.0","8,874.3","8,757.9","8,619.3","8,650.0","8,682.2","8,731.1","8,970.0","9,103.9","9,165.5","9,157.3","9,013.7","9,019.7","8,949.6","8,914.9","8,717.9","8,738.7","8,731.9","8,784.5","9,059.6","9,191.8","9,243.5","9,255.4","9,075.6","9,047.6","8,946.1","8,867.4","8,695.4","8,727.0","8,717.4","8,790.5","9,102.5","9,173.3","9,221.8","9,252.8","9,104.2","9,102.9","9,068.7","9,000.1","8,869.5","8,884.5","8,917.8","8,979.4","9,264.0","9,367.7","9,439.8","9,459.8","9,257.5","9,282.7","9,288.8","9,232.3","9,054.0","9,066.8","9,118.0","9,158.8","9,421.3","9,552.1","9,610.1","9,571.4","9,452.0","9,442.0","9,443.8","9,363.9","9,192.1","9,216.1","9,239.8","9,333.8","9,595.8","9,668.6","9,740.4","9,747.7","9,595.6","9,551.1","9,484.3","9,428.8","9,280.7","9,342.4","8,948.2","7,969.5","8,388.4","9,008.7","9,195.2","9,300.1","9,329.4","9,341.7","9,295.4","9,210.0","8,964.5","9,122.6","9,248.8","9,206.2","9,414.1","9,606.8","9,712.0","9,700.8","9,615.6","9,653.0","9,653.7","9,639.1","9,358.7","9,543.0","9,589.9","9,649.0","9,896.8","9,968.2","10,039.6","10,004.2","9,854.4","9,895.9","9,857.7","9,832.4","9,725.1","9,788.6","9,829.4","9,885.2","10,142.2","10,266.5","10,317.7","10,298.6","10,160.6","10,187.9","10,171.1","10,146.9","9,989.4","10,068.3","10,075.1","10,196.9","10,384.5","10,431.3","10,507.8","10,487.0","10,355.1","10,365.8","10,342.7","10,311.8","10,203.6","10,239.0","10,215.5","10,301.1","10,512.6","10,669.8","10,638.5","10,578.5","10,469.2","10,508.9","10,476.4","10,418.2","10,238.8","10,204.5","10,210.8"
,"15 to 19 years","449.2","450.5","461.0","481.6","513.9","594.2","713.3","692.6","519.9","501.1","493.8","486.1","456.6","459.0","472.3","495.6","549.4","595.8","710.3","713.4","522.9","521.4","496.6","474.4","442.9","450.8","470.5","477.8","544.4","600.5","743.6","736.2","530.9","540.2","526.5","510.0","488.3","476.9","500.7","522.2","583.8","644.0","783.8","778.0","583.0","577.6","572.5","554.7","518.6","513.9","518.8","532.9","580.3","668.1","761.5","758.8","576.1","566.1","549.0","533.7","504.1","516.7","526.1","541.4","585.3","669.0","776.9","764.1","555.1","534.2","513.7","492.5","442.3","434.0","444.7","449.9","483.1","527.1","628.0","596.3","439.9","430.2","420.7","403.0","387.1","394.2","398.3","397.1","443.4","495.5","603.3","587.5","445.4","428.8","426.3","416.7","382.6","401.2","403.3","403.8","449.5","509.5","624.6","590.2","431.4","431.5","404.5","401.4","378.0","379.6","390.2","396.9","452.3","494.8","604.0","583.5","412.1","411.3","403.0","413.2","384.8","385.9","409.7","433.9","467.3","528.9","608.4","600.3","437.1","435.7","433.8","425.7","409.6","411.9","414.2","430.1","478.4","548.7","640.0","619.2","456.4","460.9","453.8","451.1","426.2","431.3","452.2","445.4","503.6","547.7","652.6","636.1","462.4","461.6","455.3","448.2","435.0","441.6","460.8","457.1","511.2","545.3","663.7","641.2","486.2","475.5","471.6","472.1","452.6","448.1","464.0","467.0","496.0","535.6","629.7","608.4","462.3","454.4","442.5","449.9","419.6","415.3","420.8","419.2","470.8","495.6","583.0","572.2","420.2","407.6","392.3","388.1","366.1","366.1","382.9","372.1","410.5","451.8","529.8","513.3","381.9","375.1","367.9","369.6","346.3","352.0","364.5","353.0","399.3","432.7","516.2","502.0","371.8","366.4","355.1","362.3","341.3","355.8","357.5","350.2","405.7","437.9","522.8","507.2","396.2","383.7","385.6","368.2","357.0","352.3","364.2","360.0","414.6","459.1","528.9","523.5","380.0","379.8","363.7","371.2","345.5","351.6","352.7","353.0","384.3","428.6","507.1","509.5","376.3","360.7","350.7","345.8","331.6","332.2","334.7","329.5","364.4","413.6","491.0","485.6","361.8","368.8","363.3","365.0","335.7","336.5","332.0","342.0","388.3","426.9","516.6","510.2","372.0","374.9","369.8","371.5","350.0","359.7","375.2","375.4","420.4","474.0","555.8","522.4","410.6","416.9","404.2","411.6","382.7","383.5","392.9","408.0","451.3","484.8","570.6","555.8","435.7","438.0","433.0","442.3","405.7","410.2","409.5","418.6","459.1","487.8","583.9","574.1","423.4","421.0","420.0","418.5","403.5","398.1","401.4","418.3","458.5","480.0","602.0","592.6","451.5","441.8","436.5","433.3","412.0","411.3","425.5","427.7","468.0","519.4","590.5","586.3","449.7","454.6","438.7","423.3","412.6","399.8","405.5","429.9","471.4","500.1","576.7","574.2","456.0","449.7","440.7","446.1","419.8","418.0","425.1","403.8","471.2","490.2","587.1","576.1","436.9","450.2","445.9","447.2","411.5","435.1","438.8","437.2","500.5","521.8","616.4","600.3","461.7","463.8","474.4","466.7","458.6","456.5","457.9","464.3","520.2","558.0","655.6","627.9","479.9","490.3","488.8","481.8","454.2","464.0","463.4","465.7","507.0","566.1","659.7","642.4","510.3","495.2","484.9","479.5","436.9","432.4","421.7","423.2","475.7","504.2","569.6","550.6","411.0","418.4","406.3","409.3","384.2","375.1","384.9","407.5","452.2","490.8","568.2","547.6","405.1","404.1","408.4","429.5","403.5","398.8","392.9","413.0","452.1","479.2","573.6","549.5","423.4","415.2","413.0","409.9","381.3","377.6","395.4","416.9","450.3","476.4","547.6","525.9","404.7","396.4","390.6","380.1","371.2","386.4","386.3","395.4","443.9","462.2","523.3","515.8","409.3","402.0","396.5","400.9","379.7","373.8","392.1","375.3","428.7","447.2","516.8","505.1","401.1","410.9","396.5","400.0","390.4","395.3","390.8","378.0","433.4","455.4","526.4","516.2","396.3","398.1","387.4","391.1","376.1","374.3","360.8","361.7","431.4","445.1","507.7","501.1","382.0","392.2","390.2","392.7","375.2","384.5","392.2","404.9","451.9","477.3","538.8","531.5","399.6","403.5","416.6","430.4","404.0","398.0","402.9","400.5","466.6","478.4","548.0","530.9","418.6","410.3","418.5","424.3","424.5","419.4","407.2","412.2","439.1","467.8","537.4","540.3","404.7","409.6","404.2","403.1","379.5","385.6","309.2","254.3","305.4","385.9","455.2","455.3","385.3","367.3","376.4","367.7","328.3","355.6","362.9","371.8","396.0","471.4","553.1","526.7","421.3","426.6","427.4","426.3","394.4","421.4","416.0","427.3","480.6","505.7","570.2","552.4","431.0","445.1","439.6","455.4","426.8","442.7","445.1","432.9","476.7","516.1","599.1","565.4","435.4","434.1","435.6","435.0","414.9","410.9","418.2","416.4","457.5","472.5","519.0","509.9","376.4","385.9","387.7","398.7","384.8","377.6","377.8","386.9","454.4","468.6","519.7","525.7","413.7","407.5","412.3","390.2","377.6","378.4","382.8"
,"20 to 24 years","766.6","774.0","790.1","796.0","862.3","912.3","922.9","927.5","847.3","854.2","840.8","825.2","799.0","796.8","802.4","801.1","880.0","923.2","933.5","929.4","840.5","841.3","835.1","826.0","788.8","803.9","815.3","818.6","901.6","952.1","960.8","961.0","878.5","882.9","868.4","856.2","824.4","833.0","845.0","857.2","938.0","988.0","1,003.0","1,004.6","920.7","920.0","896.5","884.7","858.5","870.7","871.9","880.1","934.5","994.3","1,009.0","1,011.8","934.2","935.3","926.3","904.4","888.6","889.6","886.8","899.6","975.3","1,025.8","1,036.1","1,033.5","934.9","925.4","900.5","879.7","839.1","847.3","832.4","822.7","882.6","934.2","928.2","913.7","837.4","832.3","805.4","787.4","749.8","750.7","756.4","765.2","860.9","926.4","949.9","945.3","864.4","854.9","822.8","802.5","776.5","774.0","783.3","799.4","886.4","948.3","977.1","970.7","877.6","871.7","844.6","839.1","810.9","811.7","819.5","833.6","915.4","970.1","994.7","998.3","884.9","879.5","864.6","836.6","814.7","809.2","811.1","840.4","913.2","973.4","988.9","976.6","873.9","877.3","854.1","828.5","788.7","792.9","795.3","811.9","889.0","950.5","959.6","960.0","866.7","867.2","840.5","829.7","801.9","805.6","795.5","801.6","884.1","918.8","934.1","916.8","824.7","815.5","801.8","785.9","769.0","760.2","762.6","761.8","849.8","893.0","901.4","903.6","796.1","790.3","769.9","746.2","720.8","725.8","735.1","727.1","796.8","838.9","846.2","834.2","743.7","737.0","707.0","670.7","625.7","620.6","620.3","633.5","690.0","743.8","764.2","759.1","686.4","699.3","673.1","665.6","630.3","614.8","614.3","623.7","688.3","737.4","749.8","747.4","677.8","675.1","642.8","632.1","609.2","613.4","607.6","619.5","673.9","732.5","750.7","744.5","674.7","657.9","646.9","638.0","595.1","595.5","605.1","610.1","697.4","750.3","769.1","769.3","678.4","667.6","667.1","647.7","628.6","640.9","641.1","634.3","700.6","741.9","753.8","743.5","653.1","666.0","646.7","648.0","610.8","620.0","622.4","639.7","706.3","742.5","768.0","758.2","665.5","662.6","648.3","649.5","627.2","624.1","619.6","625.7","704.4","758.8","767.8","769.2","694.8","679.2","670.4","651.8","619.9","631.9","639.1","638.1","707.6","756.1","766.2","766.3","692.8","665.8","675.0","669.5","646.9","649.8","655.6","658.1","715.3","770.0","792.2","796.9","722.9","718.7","722.2","709.9","678.0","672.7","679.2","686.4","755.4","780.4","811.0","807.3","734.6","732.8","724.5","724.8","689.6","675.5","683.5","698.5","766.6","803.1","814.7","810.4","744.6","729.7","713.0","704.6","693.9","700.8","715.9","707.8","780.7","836.1","842.5","835.3","764.1","744.2","735.0","749.3","715.0","727.9","734.6","733.6","783.5","828.1","858.4","845.8","764.0","746.2","756.9","746.1","717.7","730.3","720.9","737.6","783.0","857.3","885.4","854.5","783.2","777.5","784.3","762.7","713.8","724.9","710.0","734.3","806.7","844.9","867.6","858.0","777.1","786.1","783.4","775.1","750.6","759.2","777.9","761.6","849.5","881.8","897.0","887.6","790.3","811.7","792.4","793.9","758.5","767.1","774.2","788.2","868.9","909.9","929.2","911.1","795.1","806.3","809.9","810.5","773.2","772.7","779.9","784.2","848.0","883.8","898.9","895.2","814.7","814.9","808.5","782.6","727.7","732.2","731.9","733.3","795.5","831.5","840.7","828.3","757.8","755.7","762.4","742.8","718.5","738.3","727.0","738.4","804.8","853.8","872.6","858.0","776.7","774.2","778.9","760.6","735.7","754.7","750.4","757.7","828.5","883.9","897.4","888.3","816.1","816.0","811.2","794.3","753.0","747.7","752.9","773.7","847.2","889.0","913.2","897.7","793.5","802.8","811.6","814.8","783.1","788.1","774.9","785.4","896.9","930.7","946.0","925.4","832.5","836.3","814.4","813.3","767.4","788.6","790.5","788.9","864.3","901.7","938.9","918.1","824.2","842.8","837.8","832.7","782.6","785.9","794.2","792.8","892.2","920.8","924.7","923.8","824.9","814.2","809.1","787.4","761.1","762.8","764.1","783.6","863.3","881.8","901.3","918.0","837.0","846.0","837.3","845.7","795.5","808.4","808.7","795.7","899.9","932.6","932.7","930.5","844.0","865.5","873.6","848.8","813.3","815.8","828.5","827.9","909.1","949.0","965.9","956.1","858.4","857.5","861.3","840.4","804.2","814.8","827.5","864.9","939.3","957.3","958.2","934.0","852.1","860.0","864.8","855.3","825.5","837.4","752.6","604.9","665.6","768.9","813.3","820.8","785.8","786.5","772.1","754.9","720.1","757.5","808.0","751.2","821.2","866.3","891.8","893.8","813.3","815.1","813.0","820.2","743.5","793.8","802.5","802.8","892.0","916.0","920.2","923.4","828.7","840.7","825.6","843.8","806.6","819.9","832.5","848.4","924.1","961.1","980.1","967.3","870.5","895.1","883.2","884.7","850.7","879.5","852.8","902.4","954.4","989.4","1,023.3","1,013.2","952.6","967.0","938.2","933.5","915.0","940.7","930.4","948.0","1,020.7","1,059.0","1,040.4","1,025.4","953.9","954.8","971.5","979.9","908.7","896.0","894.9"
,"25 to 29 years","868.1","869.8","878.9","882.7","911.1","927.2","925.8","924.5","916.1","908.8","903.2","889.9","869.2","874.9","876.7","876.4","900.8","912.6","916.3","915.4","916.8","916.2","908.8","899.5","880.8","875.3","884.4","894.3","913.4","940.1","941.6","934.1","929.4","928.1","922.1","904.1","882.7","888.2","897.3","900.0","934.8","950.1","958.5","956.9","953.7","960.7","948.5","937.2","914.4","915.6","915.8","916.7","948.5","971.1","970.0","976.6","974.1","971.6","958.9","948.5","927.8","937.8","945.6","957.1","976.7","991.8","992.4","994.3","984.4","971.8","963.0","946.0","923.9","924.4","929.2","916.8","943.6","946.1","946.1","938.5","936.5","927.2","904.1","887.2","865.7","868.8","881.5","895.6","940.9","958.4","960.7","969.8","964.8","954.0","942.6","926.1","900.4","900.4","902.5","919.2","953.0","981.8","997.3","996.4","977.0","975.5","970.2","948.7","930.2","935.7","949.6","965.0","1,009.2","1,019.9","1,031.3","1,026.2","1,009.8","992.1","987.6","968.1","951.3","956.7","964.0","975.9","1,019.8","1,040.6","1,046.9","1,060.2","1,042.1","1,032.2","1,013.0","999.5","964.0","981.3","991.0","1,001.8","1,048.6","1,077.0","1,081.5","1,084.0","1,074.5","1,078.5","1,062.0","1,033.9","1,027.2","1,037.3","1,029.0","1,037.9","1,081.0","1,092.9","1,091.1","1,098.0","1,084.0","1,075.3","1,058.2","1,048.3","1,020.5","1,032.2","1,042.2","1,055.1","1,089.9","1,109.2","1,106.1","1,105.4","1,094.5","1,096.1","1,061.4","1,039.6","1,015.5","1,018.0","1,023.2","1,039.2","1,065.4","1,082.3","1,088.5","1,077.4","1,066.2","1,044.9","1,005.6","980.2","942.0","940.3","931.8","948.3","987.4","999.6","1,011.6","1,005.7","978.2","964.7","940.5","907.8","885.7","876.3","876.0","890.3","929.2","964.2","961.6","950.2","932.5","923.1","906.0","892.4","865.6","858.0","849.0","861.8","891.3","912.2","916.7","911.4","894.3","893.6","876.0","864.8","837.3","842.2","839.4","854.8","891.7","898.4","899.2","885.5","868.4","868.6","860.7","841.7","826.4","825.5","825.2","831.7","859.9","872.6","884.1","876.5","874.4","852.0","847.9","832.4","818.7","820.7","823.7","829.7","849.1","866.7","865.4","869.2","855.6","847.5","829.6","817.7","791.9","799.2","812.9","816.2","841.4","861.7","868.1","868.0","873.5","866.3","852.9","846.8","817.6","823.6","829.2","845.1","861.3","880.0","889.0","883.9","858.9","862.5","858.9","839.8","825.2","824.2","825.1","837.1","864.1","877.7","884.8","876.1","870.8","865.1","846.3","847.4","826.3","826.0","829.2","841.6","868.3","873.6","882.7","884.0","879.2","872.3","875.1","852.5","840.7","835.6","843.6","840.9","857.0","872.9","862.0","873.0","863.0","856.1","849.0","819.4","797.0","799.3","820.7","817.3","845.8","872.3","877.4","885.2","868.4","872.8","873.8","847.9","832.3","839.0","835.9","849.6","862.7","880.3","878.0","882.6","870.0","879.3","872.6","865.1","838.5","831.2","826.2","846.8","856.4","875.3","879.3","876.9","874.1","880.8","863.1","845.3","850.6","863.6","868.8","864.6","887.6","891.6","888.9","893.7","890.5","887.7","892.3","878.5","843.6","859.9","862.3","883.1","915.7","926.0","920.9","914.8","917.9","909.8","897.3","894.6","881.1","884.3","872.2","875.4","904.8","915.0","924.5","921.2","919.1","914.0","908.1","904.2","894.8","897.5","902.8","919.2","943.9","956.8","958.4","957.2","950.3","947.8","941.8","930.5","911.2","902.2","901.5","886.4","914.2","940.2","943.1","939.6","925.0","915.0","914.7","909.1","877.7","889.6","890.9","911.6","933.7","964.0","956.7","965.7","956.6","944.5","939.9","922.0","911.9","907.8","919.1","919.5","952.6","963.9","950.3","969.2","957.1","939.0","934.5","920.7","903.4","919.4","915.0","924.3","954.1","979.6","983.3","982.3","988.1","980.9","984.1","981.4","944.2","933.0","928.9","938.6","954.9","964.0","973.7","964.8","955.8","950.6","956.1","932.9","926.6","919.6","921.8","947.4","957.7","988.7","979.7","985.2","985.9","977.6","969.3","971.4","936.1","936.4","935.1","960.9","991.8","1,010.1","1,011.8","1,020.2","1,016.2","1,012.2","986.4","970.2","953.9","946.0","958.2","968.0","1,009.2","1,022.1","1,018.6","1,018.0","1,018.5","996.8","999.4","986.3","976.7","966.5","983.3","1,009.6","1,041.6","1,042.9","1,053.5","1,056.2","1,046.6","1,046.7","1,047.1","1,041.2","1,037.5","1,028.4","1,031.0","1,056.4","1,083.4","1,102.9","1,104.1","1,086.6","1,089.1","1,093.2","1,096.2","1,085.4","1,070.9","1,062.1","1,065.7","1,066.6","1,094.8","1,092.0","1,089.8","1,115.9","1,114.6","1,101.1","1,090.9","1,095.4","1,061.6","1,074.5","1,032.6","883.6","909.6","1,014.6","1,037.2","1,054.8","1,068.2","1,085.7","1,091.0","1,061.6","1,030.3","1,049.6","1,067.0","1,075.6","1,092.2","1,105.3","1,110.0","1,124.0","1,126.7","1,121.8","1,136.9","1,131.0","1,089.7","1,122.5","1,132.6","1,135.0","1,150.4","1,166.8","1,171.9","1,178.2","1,167.0","1,169.5","1,180.4","1,157.9","1,141.4","1,140.4","1,139.1","1,147.8","1,191.4","1,190.3","1,190.9","1,199.5","1,214.8","1,223.6","1,205.7","1,211.4","1,201.3","1,206.3","1,206.3","1,221.8","1,249.9","1,265.1","1,280.2","1,274.8","1,263.3","1,258.7","1,246.0","1,251.2","1,223.1","1,229.7","1,215.2","1,231.3","1,257.3","1,291.3","1,284.7","1,262.6","1,270.3","1,263.6","1,264.0","1,246.5","1,209.4","1,215.8","1,208.1"
,"30 to 34 years","737.5","742.2","746.3","745.9","769.8","775.0","781.7","788.2","793.8","793.4","785.6","780.0","771.7","776.2","778.7","788.7","808.0","819.3","826.6","833.7","841.9","842.8","842.7","829.6","818.4","817.3","817.6","817.2","840.6","857.2","863.1","865.5","872.5","871.0","862.5","861.6","853.0","854.7","859.3","860.6","884.2","895.3","901.1","902.3","913.6","910.1","902.4","892.5","877.5","885.1","891.2","894.5","905.6","922.4","920.2","924.2","929.6","928.6","929.8","920.9","908.6","916.6","921.0","931.6","947.2","955.5","955.6","960.0","949.5","945.5","932.2","909.5","895.0","898.2","897.6","890.0","896.3","909.6","906.2","898.5","903.1","895.8","873.2","860.8","845.1","849.5","853.9","858.1","873.6","888.0","895.9","907.9","904.6","903.0","894.7","886.9","860.6","868.8","870.8","880.4","903.4","915.5","930.4","931.9","935.7","929.6","910.2","905.4","884.0","894.0","906.1","918.9","940.4","946.2","952.2","953.6","962.0","954.2","946.4","943.0","943.7","950.0","947.2","951.9","971.1","988.2","993.7","998.2","990.2","980.4","975.4","977.1","960.0","952.1","964.7","979.4","1,005.7","1,017.4","1,018.6","1,037.4","1,036.0","1,031.4","1,027.7","1,022.5","1,011.9","1,004.1","1,008.5","1,018.0","1,046.9","1,055.4","1,055.6","1,058.5","1,067.7","1,057.3","1,053.0","1,043.2","1,023.1","1,022.5","1,030.0","1,038.0","1,070.1","1,082.5","1,078.8","1,091.1","1,086.5","1,082.4","1,073.2","1,051.8","1,042.4","1,048.2","1,044.3","1,052.2","1,072.0","1,089.6","1,094.5","1,088.2","1,082.9","1,072.6","1,051.1","1,022.7","1,012.4","1,008.8","1,004.0","1,029.5","1,055.5","1,074.0","1,075.8","1,077.8","1,077.6","1,067.4","1,037.3","1,023.7","992.0","988.4","1,006.6","1,006.9","1,035.8","1,047.0","1,053.6","1,048.8","1,061.7","1,051.2","1,025.7","1,008.7","994.7","1,010.3","1,005.9","1,016.9","1,050.5","1,076.7","1,072.4","1,077.6","1,067.6","1,061.7","1,051.2","1,028.3","1,001.1","1,000.8","1,006.0","1,021.9","1,048.7","1,054.8","1,070.2","1,085.8","1,078.1","1,076.8","1,058.9","1,045.4","1,025.3","1,031.8","1,035.2","1,044.5","1,071.9","1,079.5","1,080.4","1,087.3","1,101.9","1,088.2","1,067.5","1,046.5","1,033.3","1,024.2","1,024.8","1,042.9","1,055.8","1,057.6","1,069.4","1,073.8","1,069.6","1,059.5","1,047.9","1,024.2","1,003.6","992.5","994.5","999.8","1,033.7","1,045.3","1,052.7","1,054.4","1,052.0","1,041.5","1,027.7","1,018.7","983.4","994.0","986.4","1,005.7","1,021.1","1,023.4","1,023.3","1,025.3","1,023.1","1,022.1","1,004.6","990.6","964.1","971.9","959.4","960.7","979.0","974.3","971.0","963.8","956.8","970.1","965.7","959.9","937.0","935.5","939.5","944.0","955.6","971.2","979.8","977.2","979.1","978.7","965.1","948.0","938.8","938.3","936.9","948.4","956.4","963.5","961.2","965.3","952.2","957.2","951.4","931.6","908.0","916.2","917.1","922.3","941.1","958.9","946.6","954.0","955.1","947.7","945.4","942.2","925.9","936.0","940.9","934.4","946.9","954.9","961.5","948.8","948.4","944.3","938.8","931.9","922.6","917.4","920.7","927.0","947.4","960.3","961.8","966.7","961.9","954.1","952.8","943.0","923.6","913.2","911.0","919.7","933.4","941.8","937.1","947.6","946.2","941.4","938.0","931.3","918.9","910.1","908.4","922.1","923.6","936.2","934.8","935.5","940.2","931.1","923.9","922.7","916.6","919.6","921.4","928.9","940.2","953.6","944.8","942.0","947.3","943.0","941.2","928.7","916.2","910.4","913.5","926.9","942.4","943.7","940.5","958.0","967.5","964.3","939.3","917.2","907.8","888.9","880.1","895.1","911.8","924.6","917.3","929.6","924.7","931.2","924.8","891.6","888.4","888.4","904.1","918.5","939.2","958.8","962.0","966.8","972.9","964.8","951.4","946.8","930.7","941.6","946.4","964.7","976.2","989.1","991.2","985.0","990.8","976.5","974.2","960.0","946.0","953.1","959.5","966.7","992.1","1,006.6","997.9","1,015.3","1,018.6","1,006.4","990.1","991.9","973.2","987.2","984.7","1,007.7","1,019.7","1,015.5","1,018.7","1,017.4","1,031.5","1,023.1","1,019.9","1,012.6","997.0","987.4","993.3","995.6","1,004.7","1,011.5","1,018.5","1,032.0","1,023.4","1,017.9","1,028.3","1,024.9","1,020.9","1,010.5","1,015.1","1,024.7","1,047.3","1,053.8","1,038.2","1,049.2","1,049.7","1,044.6","1,040.9","1,049.3","1,027.3","1,020.1","1,008.2","1,019.6","1,051.1","1,059.8","1,060.8","1,053.9","1,061.5","1,047.2","1,061.1","1,064.7","1,046.2","1,052.8","1,059.0","1,060.3","1,078.0","1,082.4","1,085.5","1,072.4","1,087.5","1,084.7","1,084.6","1,079.6","1,066.3","1,063.8","1,065.4","1,070.2","1,085.1","1,102.6","1,093.0","1,093.5","1,109.5","1,119.4","1,113.7","1,112.3","1,074.6","1,073.7","1,078.0","1,089.5","1,110.3","1,112.2","1,120.4","1,130.2","1,147.3","1,150.0","1,144.7","1,141.2","1,119.6","1,132.1","1,087.7","982.0","1,027.8","1,081.7","1,090.3","1,110.9","1,134.9","1,122.7","1,120.0","1,126.5","1,111.4","1,111.7","1,111.9","1,124.0","1,152.8","1,145.4","1,155.3","1,161.7","1,173.5","1,206.1","1,206.4","1,203.3","1,172.5","1,185.9","1,196.0","1,197.2","1,224.6","1,227.9","1,229.6","1,235.5","1,243.8","1,247.8","1,233.1","1,236.3","1,237.1","1,236.3","1,248.5","1,280.4","1,308.4","1,323.2","1,306.3","1,319.2","1,324.6","1,310.7","1,310.1","1,313.7","1,295.1","1,305.2","1,317.5","1,342.0","1,357.5","1,351.3","1,365.1","1,370.2","1,376.0","1,363.4","1,386.1","1,376.9","1,370.1","1,382.7","1,381.7","1,387.8","1,379.1","1,404.9","1,399.9","1,383.5","1,401.7","1,419.9","1,387.2","1,376.1","1,365.1","1,340.2","1,357.5"
,"35 to 39 years","598.4","595.5","586.0","595.7","611.1","619.5","621.6","627.4","628.9","625.9","625.8","612.1","599.9","596.8","603.0","610.3","621.9","635.2","644.4","654.9","646.1","647.5","648.8","639.3","624.7","627.4","637.4","639.4","660.9","676.2","680.4","691.0","687.9","693.0","677.5","679.3","665.9","675.2","681.5","687.7","706.5","710.8","720.3","712.9","717.0","713.8","713.6","710.3","706.5","693.6","704.4","711.8","714.4","738.3","734.1","736.4","735.4","743.3","733.8","715.4","721.8","720.9","723.2","728.6","751.9","790.6","777.8","786.4","784.4","783.9","779.7","751.3","737.2","741.9","754.8","762.3","780.1","801.3","801.5","793.2","787.6","788.6","785.6","770.1","755.3","759.6","765.4","770.1","788.4","803.9","805.7","817.4","829.1","837.3","829.2","819.1","797.2","802.2","808.2","819.9","827.6","832.3","841.4","832.4","835.0","840.5","839.7","838.0","837.9","848.5","850.4","854.7","859.6","871.4","884.0","891.4","906.5","904.4","905.8","896.8","881.3","871.6","867.8","869.2","884.2","890.5","892.0","894.3","908.8","922.5","914.6","908.4","895.2","900.2","906.7","897.6","903.2","905.0","904.3","903.2","915.1","915.8","916.3","925.2","904.7","895.3","883.3","887.5","904.4","919.7","912.4","922.3","922.0","922.0","917.7","922.9","902.8","904.6","915.5","929.9","938.3","941.7","949.1","967.2","961.1","948.6","937.3","923.4","909.1","920.5","937.4","950.9","981.2","999.7","999.2","996.2","986.7","979.8","966.3","949.9","933.2","932.4","930.2","933.3","949.3","956.8","961.4","954.4","973.0","974.7","957.4","945.5","932.8","944.0","947.8","952.1","969.9","988.5","969.9","963.3","955.9","966.3","969.5","968.1","965.0","961.5","947.0","949.2","977.9","991.0","985.6","1,002.7","1,012.0","996.7","987.2","956.5","948.3","972.6","974.5","975.4","1,004.8","1,050.6","1,051.8","1,047.7","1,056.7","1,050.3","1,052.3","1,023.9","1,006.4","998.7","1,010.8","1,009.7","1,042.9","1,068.0","1,063.9","1,080.4","1,087.4","1,078.5","1,065.7","1,043.1","1,033.2","1,030.5","1,027.0","1,040.0","1,057.0","1,063.0","1,068.8","1,074.0","1,074.5","1,067.9","1,084.4","1,087.6","1,057.1","1,041.9","1,068.0","1,069.4","1,092.4","1,099.6","1,117.4","1,131.7","1,131.2","1,122.7","1,115.9","1,084.8","1,061.6","1,059.7","1,079.5","1,089.2","1,105.3","1,129.4","1,129.6","1,132.3","1,137.4","1,128.7","1,117.0","1,111.0","1,091.1","1,104.9","1,100.0","1,103.0","1,118.8","1,111.9","1,118.0","1,132.8","1,146.4","1,131.0","1,116.3","1,123.3","1,088.7","1,096.6","1,097.2","1,092.8","1,143.5","1,134.4","1,147.8","1,147.8","1,153.1","1,134.8","1,103.0","1,087.2","1,060.2","1,070.4","1,059.6","1,075.7","1,119.6","1,124.6","1,105.9","1,109.9","1,113.2","1,095.1","1,076.3","1,069.5","1,055.8","1,049.3","1,048.0","1,047.1","1,086.9","1,080.5","1,048.9","1,067.6","1,078.9","1,067.5","1,033.1","1,026.0","1,023.9","1,017.5","1,018.2","1,028.4","1,051.5","1,052.7","1,035.4","1,004.3","1,033.5","1,027.5","1,025.7","1,012.2","998.5","1,003.0","996.6","1,023.0","1,028.2","1,039.9","1,035.2","1,030.6","1,005.9","1,011.6","1,003.9","996.0","973.2","988.5","980.7","999.7","1,011.2","1,024.2","1,002.4","1,007.8","1,028.2","1,004.6","990.1","992.2","980.3","985.0","995.8","1,006.3","1,019.3","1,024.5","1,019.9","1,027.4","1,025.9","1,015.0","1,014.4","999.9","985.9","974.4","984.8","981.8","994.1","979.6","981.8","963.7","980.0","960.2","952.6","964.2","954.5","960.1","957.4","945.9","985.8","995.7","973.2","982.9","979.5","1,004.8","973.4","957.7","934.6","939.5","927.6","929.3","926.3","938.7","953.9","948.8","963.2","963.7","958.9","961.6","951.7","949.8","943.8","962.8","963.7","962.5","927.7","922.5","917.9","903.6","915.0","909.4","899.2","925.6","921.2","920.2","925.7","948.6","946.7","967.0","993.5","1,004.8","980.1","961.9","958.2","958.8","945.9","951.6","982.0","985.1","986.1","972.4","980.6","982.8","982.3","984.4","956.4","966.1","953.2","978.1","991.9","990.6","980.7","984.2","1,011.7","1,000.2","986.7","985.2","995.2","999.8","986.8","995.9","1,010.0","1,005.2","1,003.6","1,010.3","1,006.1","991.7","988.7","990.7","984.0","984.7","985.3","980.1","994.6","998.1","991.8","994.4","993.5","999.6","984.4","975.7","956.6","955.3","946.4","970.7","986.8","1,007.1","1,002.8","1,028.3","1,034.3","1,049.6","1,035.3","1,021.6","1,023.9","1,011.3","1,002.5","999.7","1,038.1","1,043.8","1,034.5","1,036.7","1,054.8","1,061.4","1,071.5","1,056.9","1,062.7","1,065.1","1,071.4","1,072.7","1,072.3","1,077.4","1,071.3","1,078.5","1,085.0","1,087.2","1,113.0","1,099.9","1,097.4","1,112.3","1,082.0","1,077.7","1,104.4","1,110.6","1,106.4","1,098.7","1,117.3","1,118.3","1,112.4","1,111.2","1,098.5","1,115.7","1,086.9","954.7","996.7","1,057.9","1,050.3","1,062.3","1,090.7","1,094.7","1,080.5","1,073.8","1,062.5","1,089.3","1,106.9","1,108.9","1,120.1","1,134.9","1,126.7","1,117.9","1,146.6","1,146.7","1,138.8","1,151.7","1,141.7","1,164.3","1,161.7","1,180.0","1,195.8","1,180.8","1,192.6","1,157.6","1,186.8","1,176.7","1,183.6","1,180.6","1,165.6","1,198.7","1,206.8","1,212.3","1,218.1","1,209.0","1,226.4","1,202.4","1,221.2","1,220.2","1,238.6","1,247.8","1,197.3","1,211.1","1,229.9","1,238.6","1,285.0","1,266.3","1,264.8","1,293.5","1,304.3","1,315.2","1,301.1","1,324.2","1,292.3","1,280.4","1,286.7","1,283.3","1,311.5","1,322.3","1,355.7","1,346.0","1,329.9","1,334.0","1,336.6","1,333.4","1,315.1","1,322.2","1,343.4"
,"40 to 44 years","561.0","572.7","584.5","589.4","596.6","593.1","600.6","604.1","600.4","593.3","588.4","586.3","577.0","578.9","572.9","581.1","601.8","599.2","595.4","588.7","597.1","592.8","581.0","576.2","573.2","582.2","573.6","576.8","586.7","584.8","577.8","581.8","584.8","582.4","590.9","575.4","579.2","571.5","581.8","587.1","592.0","603.4","603.9","612.3","617.9","611.9","602.0","590.8","580.2","590.0","587.6","591.7","607.3","609.4","615.4","622.4","624.2","623.6","631.1","636.3","617.4","619.0","621.1","625.7","623.5","618.8","628.7","629.7","634.5","638.5","634.4","632.6","625.6","624.4","615.8","612.7","624.0","624.7","624.2","621.7","615.3","619.8","614.5","609.6","608.4","618.7","625.8","636.5","648.5","653.1","663.0","653.4","657.5","649.6","646.3","644.1","643.8","646.8","647.7","652.7","671.5","685.9","685.9","699.2","707.4","704.7","685.7","681.3","666.3","664.3","663.2","683.4","706.8","711.1","706.7","709.0","713.1","712.6","709.8","705.4","706.6","712.7","725.1","740.7","745.2","753.7","753.5","752.3","765.4","752.9","751.8","743.2","729.9","730.1","740.0","763.9","786.8","807.4","811.6","815.1","817.3","825.0","812.1","799.9","795.0","813.5","839.7","842.4","853.9","858.0","863.1","867.0","866.5","872.8","871.6","854.6","853.6","856.1","851.6","850.3","875.4","896.2","889.3","889.4","904.1","913.8","911.3","901.5","885.3","883.9","881.1","889.1","899.0","909.1","907.3","919.6","927.7","920.3","904.7","907.3","906.5","898.0","905.0","906.3","924.9","941.2","935.5","932.4","929.3","920.1","918.4","907.2","887.2","892.8","879.6","877.2","882.9","891.2","919.6","926.9","931.6","932.9","911.9","889.5","863.2","884.7","905.5","905.8","925.8","940.0","954.0","934.1","940.1","943.5","933.9","928.4","909.7","901.3","916.1","930.0","957.6","935.4","951.7","970.0","965.9","955.8","950.8","954.8","943.9","940.5","946.7","957.2","959.6","970.0","965.1","964.2","974.0","964.2","968.8","970.1","955.2","950.4","953.2","960.3","982.0","998.5","1,011.3","1,014.0","1,014.4","1,012.2","989.8","976.7","986.4","1,002.1","996.4","996.3","1,018.7","1,051.1","1,040.5","1,039.7","1,045.8","1,055.0","1,045.1","1,057.8","1,041.9","1,056.4","1,051.2","1,049.8","1,068.1","1,082.0","1,072.4","1,079.4","1,091.9","1,092.8","1,084.1","1,078.9","1,067.2","1,060.6","1,068.5","1,089.0","1,108.9","1,131.9","1,128.5","1,119.4","1,123.1","1,134.7","1,135.4","1,117.0","1,113.7","1,136.8","1,134.4","1,128.7","1,125.7","1,141.6","1,126.7","1,128.9","1,124.3","1,134.3","1,155.9","1,150.9","1,140.4","1,152.1","1,133.3","1,138.0","1,135.2","1,133.7","1,158.0","1,153.8","1,161.0","1,164.2","1,158.0","1,131.1","1,100.2","1,123.8","1,134.8","1,162.5","1,159.6","1,180.5","1,214.0","1,209.1","1,209.1","1,203.3","1,212.9","1,191.3","1,165.3","1,167.4","1,152.0","1,158.5","1,178.7","1,188.5","1,193.1","1,213.5","1,210.8","1,209.3","1,199.0","1,201.4","1,165.8","1,156.2","1,172.9","1,157.3","1,182.0","1,183.8","1,196.2","1,204.8","1,228.5","1,218.3","1,191.5","1,184.7","1,168.5","1,161.2","1,177.2","1,182.9","1,194.5","1,198.3","1,215.0","1,209.5","1,192.1","1,195.1","1,183.3","1,172.1","1,142.0","1,132.5","1,135.0","1,147.7","1,159.4","1,161.4","1,160.1","1,159.4","1,158.0","1,157.1","1,138.8","1,126.1","1,105.4","1,119.1","1,106.2","1,128.4","1,139.7","1,170.5","1,161.2","1,167.4","1,164.1","1,164.6","1,174.0","1,136.7","1,118.9","1,129.3","1,122.9","1,137.1","1,121.0","1,126.1","1,109.8","1,113.8","1,100.8","1,081.1","1,101.9","1,077.5","1,018.1","1,019.3","1,009.6","1,033.4","1,054.0","1,050.9","1,030.0","1,028.9","1,027.1","1,028.5","1,019.8","986.7","970.3","972.8","966.4","974.3","999.0","1,026.2","1,045.6","1,049.0","1,069.6","1,063.8","1,058.8","1,043.2","1,013.9","992.5","998.1","1,020.6","1,051.4","1,037.9","1,022.5","1,021.7","1,007.1","990.2","988.2","991.0","988.9","989.3","992.8","1,027.8","1,022.4","1,014.6","996.3","1,029.6","1,035.7","1,027.3","1,018.7","1,009.7","1,012.0","1,014.5","1,017.3","1,005.1","1,004.7","1,025.3","1,019.6","1,019.7","1,009.0","1,015.6","1,018.2","990.4","969.5","966.6","984.5","969.6","992.9","994.1","990.2","988.6","1,014.7","1,030.2","1,020.3","1,018.1","983.1","982.6","980.7","990.8","992.7","1,006.0","1,003.0","1,001.6","1,005.6","1,007.9","1,020.8","1,020.9","1,001.4","1,003.8","1,016.4","1,001.3","1,006.5","997.8","1,002.4","986.5","993.3","1,001.2","1,004.5","994.1","992.8","1,003.7","1,006.1","1,021.1","1,011.6","1,012.5","1,021.1","1,020.0","1,005.4","993.9","991.6","1,000.9","980.1","992.5","1,001.8","1,009.7","1,026.7","1,039.1","1,044.5","1,042.6","1,057.1","1,049.6","1,028.1","1,012.2","989.3","991.3","1,020.6","1,032.2","1,040.6","1,049.3","1,055.0","1,055.4","1,069.5","1,070.4","1,058.3","1,047.7","1,059.8","1,045.0","1,006.5","946.2","983.0","1,043.5","1,072.3","1,074.2","1,093.0","1,095.4","1,100.0","1,098.7","1,055.6","1,067.9","1,069.2","1,060.9","1,078.9","1,082.6","1,086.9","1,092.1","1,100.9","1,118.6","1,119.6","1,130.7","1,102.8","1,114.7","1,132.8","1,138.3","1,128.4","1,146.2","1,138.5","1,159.3","1,155.2","1,175.2","1,164.5","1,154.3","1,161.0","1,142.5","1,148.9","1,145.0","1,165.7","1,198.7","1,161.6","1,199.1","1,214.7","1,217.0","1,214.8","1,208.0","1,228.5","1,224.8","1,223.2","1,234.2","1,204.5","1,213.8","1,210.6","1,205.4","1,224.6","1,217.5","1,221.1","1,202.7","1,219.2","1,231.7","1,233.8","1,264.7","1,264.5","1,273.7","1,238.6","1,229.0","1,266.3","1,261.7","1,264.6","1,259.3","1,257.6","1,239.0","1,206.2"
,"45 to 49 years","551.1","558.6","559.2","562.4","572.8","581.5","575.0","571.6","572.0","561.9","549.5","544.2","532.4","542.7","541.5","548.3","557.3","564.4","553.0","549.0","556.8","552.4","558.7","550.3","539.6","547.2","542.3","549.1","565.0","573.4","586.9","581.7","579.5","565.8","557.6","552.2","533.0","538.7","536.1","544.9","547.8","559.6","562.0","559.6","570.9","579.1","574.4","552.9","551.8","554.8","559.7","566.5","567.1","578.3","581.0","565.6","573.8","568.3","564.2","552.4","550.8","554.6","556.3","554.9","553.7","557.7","566.0","567.9","560.8","567.3","560.5","554.0","541.0","536.2","540.9","540.5","547.8","554.9","546.9","541.8","529.6","530.3","517.8","509.3","504.9","510.8","521.0","515.8","539.0","547.0","554.8","557.8","559.5","568.7","555.0","544.3","527.2","528.4","521.7","518.3","521.8","537.4","541.4","543.3","544.3","547.8","542.0","530.6","522.4","525.7","534.4","551.9","564.3","578.7","587.6","584.7","567.5","561.9","558.6","553.6","539.7","550.3","547.5","563.2","567.4","573.1","564.0","578.3","578.7","569.1","574.9","580.6","579.2","573.1","589.6","603.3","598.8","606.5","603.7","611.1","617.7","606.0","606.3","593.8","582.9","598.7","593.6","601.0","615.2","625.6","633.4","638.3","642.0","651.3","639.7","641.1","646.1","644.4","650.9","646.7","675.4","678.2","670.7","683.0","677.1","666.6","646.8","648.8","645.6","640.8","632.6","659.9","667.7","687.0","708.8","720.4","726.3","723.6","712.6","695.1","667.7","666.3","665.8","676.2","685.6","709.9","721.4","724.9","736.4","738.2","740.3","724.2","719.4","724.7","724.1","739.3","749.0","764.2","752.8","727.8","738.5","748.1","731.6","715.3","713.4","714.9","724.0","733.3","759.5","766.8","756.9","768.4","773.6","777.4","764.2","765.0","768.1","778.8","784.9","788.0","822.7","839.2","836.7","836.3","845.5","834.6","824.4","820.6","814.0","812.0","819.8","828.1","848.9","858.1","857.0","858.7","867.5","869.5","872.7","867.1","858.7","855.0","844.1","855.5","866.1","881.9","887.1","896.9","897.7","876.5","868.2","862.8","849.8","851.0","846.1","851.6","871.6","892.7","889.7","909.2","918.5","905.2","897.6","886.0","863.0","879.9","884.0","891.9","896.2","909.2","917.1","931.1","943.8","936.8","927.0","907.2","896.3","909.1","914.2","921.9","923.3","937.0","942.6","950.5","955.8","955.8","952.8","951.7","946.6","950.3","927.2","941.5","964.2","962.3","955.0","968.3","974.8","972.7","964.6","971.2","939.8","943.2","955.4","956.5","972.7","986.9","1,000.2","983.0","995.8","1,002.9","992.9","992.5","986.4","1,002.4","992.1","1,013.0","1,022.4","1,037.7","1,042.6","1,036.6","1,041.2","1,048.7","1,052.5","1,048.4","1,025.4","1,018.4","1,026.9","1,035.4","1,042.0","1,041.5","1,059.1","1,055.4","1,052.6","1,064.4","1,073.4","1,070.0","1,059.3","1,060.8","1,074.4","1,074.9","1,099.7","1,103.4","1,102.7","1,110.6","1,099.1","1,105.6","1,077.9","1,089.4","1,064.2","1,081.2","1,084.2","1,103.0","1,121.1","1,123.7","1,121.8","1,127.8","1,129.1","1,130.5","1,104.8","1,090.4","1,086.6","1,095.6","1,080.1","1,102.9","1,141.1","1,145.2","1,145.7","1,133.2","1,128.4","1,108.3","1,096.5","1,102.5","1,091.8","1,097.3","1,089.1","1,110.1","1,133.6","1,124.0","1,123.1","1,125.0","1,141.3","1,128.5","1,134.5","1,142.6","1,128.1","1,137.9","1,142.3","1,138.6","1,150.3","1,164.7","1,160.9","1,144.5","1,152.1","1,164.2","1,155.5","1,121.1","1,094.0","1,094.8","1,109.2","1,105.0","1,125.7","1,130.6","1,120.8","1,114.7","1,122.2","1,131.0","1,120.3","1,129.0","1,110.7","1,113.5","1,127.4","1,132.4","1,152.9","1,165.7","1,146.2","1,149.2","1,147.0","1,145.7","1,122.7","1,105.5","1,110.3","1,102.5","1,089.1","1,103.3","1,106.3","1,121.9","1,120.7","1,144.9","1,143.0","1,131.3","1,129.3","1,109.9","1,071.5","1,091.5","1,078.3","1,068.2","1,077.9","1,060.3","1,046.3","1,031.3","1,062.1","1,081.0","1,050.3","1,055.7","1,013.4","1,025.4","1,012.0","1,029.3","1,041.0","1,029.7","1,021.0","1,027.3","1,042.3","1,024.9","1,042.8","1,025.5","1,011.9","1,007.0","991.6","1,001.4","1,022.7","1,024.8","1,015.3","1,025.8","1,025.9","1,030.0","1,028.7","1,036.9","1,009.4","1,017.0","1,003.7","1,001.4","1,020.0","1,013.6","1,007.6","991.6","1,017.3","1,028.6","1,006.6","994.6","995.9","1,004.0","994.0","994.9","1,014.5","1,016.1","1,005.0","988.4","994.8","997.5","970.8","971.8","980.8","988.1","992.5","998.3","1,013.6","1,006.0","999.3","994.0","976.0","986.9","988.7","978.0","963.8","959.7","963.0","978.3","995.2","989.1","1,001.1","987.0","995.3","975.3","998.4","986.4","980.8","989.4","996.2","1,019.6","1,025.2","1,023.7","1,032.8","1,030.0","1,034.4","998.6","988.6","986.9","960.7","961.6","942.8","876.5","901.4","958.4","966.2","978.0","987.5","1,018.6","966.9","939.5","930.6","943.8","958.0","961.2","960.1","975.5","987.7","979.2","999.2","975.8","984.2","993.5","966.7","974.1","966.3","975.8","1,000.7","1,011.3","1,025.8","1,017.4","1,031.3","1,044.8","1,041.3","1,027.9","1,034.6","1,018.9","989.4","988.9","1,012.6","1,024.9","1,014.1","1,018.5","1,043.8","1,040.4","1,044.3","1,011.8","991.7","1,005.3","1,001.8","1,012.1","1,027.3","1,055.2","1,049.1","1,049.1","1,052.5","1,049.5","1,070.0","1,069.0","1,079.5","1,094.0","1,106.0","1,091.6","1,081.6","1,078.1","1,038.2","1,037.6","1,060.6","1,061.3","1,082.3","1,069.4","1,064.3","1,083.3","1,093.7"
,"50 to 54 years","510.8","503.4","507.6","512.5","510.9","520.9","526.2","527.0","532.5","532.1","538.6","532.3","524.2","512.4","513.1","510.5","527.1","529.9","537.6","548.7","539.4","545.4","523.9","515.0","506.7","508.5","515.2","512.4","519.4","529.9","519.0","526.2","533.6","547.6","544.3","532.8","529.3","523.5","527.9","525.7","544.1","549.3","553.8","555.8","545.6","535.8","528.4","529.2","517.4","514.8","513.9","513.6","524.5","526.7","525.4","542.0","542.8","539.6","541.0","540.0","531.5","531.2","531.5","544.9","551.5","563.6","555.5","550.7","550.4","535.9","534.2","523.3","518.4","519.9","522.1","530.1","535.7","526.2","526.3","533.1","536.2","526.6","526.3","522.4","513.9","510.7","518.6","524.1","524.9","532.6","529.8","531.5","529.0","520.1","520.1","514.2","506.4","508.0","510.7","516.6","529.5","533.1","532.5","528.4","533.0","533.9","524.4","526.7","522.7","514.6","502.2","498.2","500.0","495.8","494.4","501.9","520.0","529.3","518.8","519.0","517.1","514.7","523.1","522.9","526.6","537.0","542.2","531.8","534.9","547.4","532.1","516.4","513.3","519.2","514.5","514.2","533.7","535.1","532.6","530.6","526.3","537.3","528.2","536.6","525.4","521.5","533.3","538.0","544.5","544.2","541.2","542.6","545.4","534.3","532.3","523.4","517.5","520.6","517.9","520.1","518.4","538.1","552.8","551.5","565.8","563.1","559.5","548.2","539.2","539.7","542.2","537.9","544.5","537.3","532.5","534.4","532.1","546.7","536.2","541.4","539.4","540.3","532.8","544.4","559.3","548.9","545.2","551.1","558.2","556.6","539.6","542.6","540.5","527.3","525.9","531.0","548.1","549.1","562.5","585.0","587.0","568.8","581.5","584.3","579.6","583.7","588.5","588.3","575.9","593.0","599.2","601.9","606.2","607.5","613.8","594.7","576.4","574.7","572.6","574.3","578.5","589.8","607.3","608.3","615.7","633.2","628.0","613.8","600.7","606.8","604.0","606.9","621.2","635.0","646.2","659.0","654.6","657.2","642.4","634.2","618.3","620.1","638.3","635.6","658.5","657.3","661.5","666.2","671.2","688.2","674.0","686.0","678.5","684.4","685.4","694.5","710.3","717.8","720.0","718.0","727.0","730.4","731.8","729.1","744.5","727.5","731.0","736.9","742.4","748.8","741.4","739.6","742.0","740.5","737.6","750.0","745.7","752.4","756.3","769.6","799.0","798.9","800.7","796.4","800.1","793.8","804.8","796.4","787.9","807.7","827.4","834.2","837.9","847.0","855.5","833.9","847.0","855.6","846.0","834.8","848.1","859.1","842.6","857.1","879.2","874.5","860.7","863.0","878.7","877.0","872.0","854.4","838.7","842.1","854.1","852.1","880.5","876.3","878.9","873.5","873.2","875.1","847.0","844.7","850.6","881.8","875.3","879.2","898.7","921.2","901.5","908.3","920.0","903.7","886.6","867.3","877.5","880.6","884.8","897.6","905.7","930.7","920.0","921.9","927.1","937.1","942.8","918.0","909.0","898.8","907.4","893.5","926.4","955.1","948.9","947.7","958.9","971.6","967.7","968.7","956.4","955.1","979.0","965.4","983.8","992.3","982.5","999.9","1,011.7","1,020.1","1,018.1","1,007.2","1,012.6","993.7","1,002.6","995.8","1,016.9","1,044.2","1,047.0","1,054.1","1,051.8","1,063.2","1,057.6","1,033.2","1,034.6","1,029.9","1,040.4","1,046.3","1,067.6","1,074.7","1,067.2","1,079.4","1,080.4","1,071.0","1,054.1","1,074.2","1,054.9","1,051.3","1,034.9","1,051.0","1,059.3","1,070.4","1,079.0","1,095.7","1,098.2","1,099.9","1,091.1","1,071.4","1,056.2","1,045.3","1,039.2","1,053.8","1,053.2","1,056.0","1,067.0","1,083.4","1,101.7","1,099.4","1,110.5","1,108.2","1,091.8","1,103.3","1,108.9","1,119.9","1,131.5","1,123.9","1,125.1","1,107.0","1,118.0","1,134.5","1,118.2","1,109.7","1,104.2","1,096.9","1,100.8","1,129.1","1,150.7","1,171.7","1,171.3","1,181.6","1,174.2","1,146.2","1,167.8","1,141.5","1,139.5","1,151.0","1,145.9","1,153.7","1,181.9","1,196.7","1,189.6","1,195.0","1,189.8","1,199.2","1,166.1","1,151.8","1,140.8","1,149.3","1,154.3","1,174.1","1,173.0","1,177.6","1,171.4","1,180.7","1,196.9","1,180.1","1,166.7","1,144.9","1,130.9","1,117.8","1,113.3","1,123.5","1,128.5","1,143.4","1,154.4","1,180.5","1,168.8","1,149.8","1,145.8","1,109.8","1,092.5","1,105.3","1,115.7","1,123.5","1,117.1","1,123.3","1,110.1","1,133.2","1,127.2","1,124.5","1,150.2","1,119.4","1,088.4","1,065.3","1,073.7","1,076.6","1,089.6","1,114.6","1,122.9","1,145.1","1,150.6","1,149.8","1,140.8","1,133.5","1,106.8","1,106.4","1,083.8","1,080.6","1,071.0","1,075.0","1,051.7","1,063.1","1,081.2","1,104.1","1,076.2","1,070.5","1,055.2","1,049.9","1,051.3","1,042.3","1,069.8","1,069.1","1,060.2","1,062.0","1,057.9","1,058.5","1,055.3","1,040.5","1,036.6","1,051.0","1,035.1","951.3","981.4","1,016.2","1,009.3","1,021.5","1,025.7","1,001.9","1,047.0","1,046.8","1,020.9","1,029.0","1,016.1","1,027.7","1,036.5","1,038.6","1,023.8","1,023.1","1,034.4","1,048.7","1,050.8","1,038.3","1,038.2","1,044.7","1,051.0","1,055.0","1,055.9","1,065.8","1,030.0","1,030.1","1,029.5","1,026.4","1,031.5","1,024.7","1,017.8","1,039.3","1,066.4","1,067.8","1,077.8","1,082.5","1,082.6","1,069.3","1,056.7","1,055.9","1,050.3","1,059.2","1,059.2","1,068.1","1,072.4","1,070.3","1,081.6","1,057.9","1,059.2","1,041.3","1,060.9","1,056.4","1,050.9","1,031.5","1,018.8","1,022.1","1,001.7","1,027.7","1,029.5","1,049.8","1,061.1","1,060.7","1,047.3","1,050.8","1,035.9","1,045.3","1,037.9","1,019.7","1,026.6"
,"55 to 59 years","381.8","383.2","385.3","388.2","388.3","399.5","404.9","408.6","413.1","411.5","410.9","406.9","395.8","394.9","398.9","398.1","411.2","414.0","418.6","415.3","417.9","418.2","416.2","412.1","400.1","402.0","409.1","408.8","424.8","424.8","421.3","428.7","426.6","430.1","425.4","420.1","417.8","416.9","417.5","427.4","433.7","437.1","435.9","440.2","439.5","442.6","443.1","433.3","432.2","433.5","431.5","431.0","441.1","450.6","454.6","456.8","457.6","452.8","445.4","440.4","429.5","435.4","434.0","438.1","446.9","449.8","450.4","451.9","452.6","450.2","448.7","441.7","433.5","428.5","423.6","427.2","430.7","437.8","436.5","429.7","429.1","426.7","419.8","419.4","412.1","416.5","413.1","421.3","432.9","432.2","430.9","436.4","444.0","436.6","430.3","425.7","421.3","425.3","423.5","426.8","436.9","441.8","434.7","432.3","430.1","431.8","426.4","416.6","417.5","417.1","418.2","419.6","435.0","444.5","450.1","448.0","447.9","445.9","443.7","439.0","432.8","423.6","424.0","425.9","432.8","436.6","438.7","432.1","435.1","441.2","439.2","430.0","421.8","432.8","427.5","429.1","442.4","446.0","450.7","451.0","451.2","447.5","448.8","439.1","431.2","427.7","429.2","428.5","436.7","445.9","448.5","456.4","458.6","459.5","446.2","439.9","444.8","442.4","440.8","441.0","443.4","445.4","436.0","438.2","444.9","446.7","444.6","439.4","434.1","433.9","432.0","430.4","426.8","435.6","437.5","437.7","441.9","436.4","429.8","419.3","415.0","403.4","414.6","416.7","422.1","431.1","430.7","429.9","428.8","427.1","417.7","407.3","397.8","399.2","393.0","392.8","407.4","410.6","412.8","409.7","413.0","411.7","401.3","402.1","391.2","391.1","392.0","389.9","392.2","401.9","403.2","401.0","407.5","404.1","400.4","390.3","381.2","390.3","388.6","396.1","404.6","411.0","404.0","401.2","412.5","413.4","409.8","403.4","396.8","405.3","410.6","406.7","415.3","420.7","418.7","424.5","422.4","425.2","418.0","414.7","409.6","411.7","416.6","419.7","428.2","434.9","432.6","432.5","426.7","432.5","431.0","431.5","420.2","426.1","432.4","442.2","455.6","456.2","445.8","456.1","453.8","459.8","445.6","450.8","444.1","443.3","445.1","440.6","460.0","466.3","466.7","469.3","476.8","481.1","473.9","462.5","476.3","465.7","459.7","469.8","475.9","493.1","484.7","500.0","509.2","514.8","514.7","507.2","501.4","505.3","505.5","513.7","524.4","531.2","527.6","531.1","530.1","526.3","524.0","533.8","509.9","518.1","523.6","530.5","541.5","558.3","553.3","557.5","557.2","550.0","543.3","548.5","554.9","564.8","570.1","580.9","585.2","591.1","577.0","582.0","597.6","598.5","599.1","596.7","600.5","605.4","613.2","623.7","637.0","642.6","642.7","636.3","649.4","657.1","647.1","649.0","646.3","656.8","653.4","657.0","665.0","673.9","664.1","669.2","672.8","679.6","683.4","676.3","682.6","686.5","688.3","698.1","708.5","718.7","713.1","718.1","726.6","733.4","721.4","717.5","708.7","707.0","710.2","717.1","733.8","737.5","730.5","743.7","748.7","748.2","742.6","738.1","727.2","736.8","727.2","742.9","757.2","756.3","755.3","767.3","779.9","777.5","761.4","756.5","747.8","750.3","738.7","754.3","770.5","777.0","770.2","771.5","777.0","778.0","761.7","756.2","756.9","736.4","736.8","750.1","755.9","763.7","756.8","768.4","779.8","784.8","788.0","768.9","755.6","762.5","761.2","784.1","799.2","805.0","810.8","813.1","845.2","837.3","830.6","822.0","808.4","805.8","808.3","823.9","836.1","837.6","840.9","843.5","845.3","854.1","848.6","844.1","817.8","832.8","848.2","864.5","885.5","888.9","899.5","900.7","909.7","902.0","893.3","885.8","873.9","879.0","878.6","889.4","895.3","907.1","893.0","903.8","907.8","917.4","907.2","886.4","880.6","895.0","898.1","909.9","918.9","953.4","930.8","915.9","941.9","943.2","929.5","917.2","906.9","928.0","932.6","945.9","962.6","975.0","965.6","964.9","981.6","971.7","957.2","956.5","939.1","951.3","947.1","949.4","980.2","969.8","966.9","980.8","993.8","992.4","984.4","967.9","967.2","973.7","972.5","968.7","984.4","993.7","991.7","1,006.4","1,016.3","1,026.4","1,011.3","1,001.3","972.1","978.7","983.5","990.7","1,014.7","1,026.2","1,018.7","1,030.2","1,039.6","1,035.2","1,032.7","1,030.4","1,017.7","1,026.9","1,012.8","1,031.2","1,046.7","1,044.3","1,036.8","1,036.5","1,033.2","1,030.9","1,020.2","1,001.5","997.6","999.0","982.0","895.3","948.0","992.1","994.5","1,006.7","1,030.4","1,028.7","1,018.6","1,004.5","981.8","983.8","994.6","988.2","1,006.4","1,021.0","1,013.2","1,024.7","1,029.2","1,020.8","1,017.2","996.9","986.3","983.5","1,002.0","992.4","1,007.1","991.4","996.3","987.7","1,004.4","999.5","992.6","994.5","962.1","968.2","967.2","979.3","977.3","978.0","977.3","975.3","989.4","980.8","969.7","957.9","957.0","952.2","944.5","958.8","959.1","958.5","945.7","948.0","941.0","944.6","933.3","934.9","915.8","905.2","903.3","906.4","910.7","922.4","917.7","918.2","935.6","938.0","934.2","928.4","921.1","922.4","919.2"
,"60 to 64 years","267.5","264.9","272.5","281.8","283.0","287.7","280.5","277.7","278.1","277.7","271.8","266.1","262.9","262.7","263.8","261.2","268.2","267.0","263.4","268.0","265.1","267.8","264.1","257.9","256.7","260.6","258.6","257.8","264.6","266.9","269.4","269.7","276.8","272.0","267.3","263.6","265.0","266.0","265.9","266.9","276.4","277.1","275.5","276.7","270.1","266.7","261.0","258.3","261.1","263.7","266.6","264.8","270.6","268.4","269.0","271.7","269.7","272.4","272.9","269.8","268.8","271.2","271.6","265.4","271.4","271.4","275.3","282.0","287.7","292.3","284.6","274.4","267.5","268.9","270.4","270.3","276.4","277.4","273.8","276.9","277.0","272.2","268.8","270.4","262.9","263.8","264.3","268.0","274.5","274.5","276.2","275.1","276.7","279.5","269.6","266.8","267.0","275.4","279.5","276.2","280.4","289.1","279.5","275.5","276.8","278.6","268.4","263.2","264.5","264.1","265.7","262.7","261.4","263.5","263.4","257.7","264.0","266.5","269.1","263.7","265.2","273.2","275.1","278.7","279.6","280.7","275.8","266.3","268.0","263.4","258.2","249.9","255.0","256.5","257.2","255.2","253.1","246.4","245.7","247.0","260.0","256.3","254.3","259.9","249.9","251.3","256.6","262.8","267.3","271.3","264.5","263.2","260.4","261.4","258.7","260.1","257.4","260.3","261.2","260.4","264.2","267.5","259.0","264.5","272.5","267.9","263.3","263.0","263.0","265.6","262.0","266.1","268.2","271.2","267.3","267.2","278.6","271.1","264.4","258.2","255.3","259.9","249.7","249.0","246.4","247.9","246.6","244.6","248.9","252.2","250.0","242.9","235.6","241.0","243.5","247.2","252.0","253.7","247.0","246.4","253.8","256.7","255.1","246.5","252.3","249.8","253.2","252.3","245.2","250.5","249.2","246.2","243.0","236.8","233.5","230.8","227.6","232.7","239.7","240.5","247.2","252.9","243.6","250.9","254.6","253.3","251.6","246.4","238.0","239.7","238.3","235.4","232.3","232.3","230.8","227.8","232.0","231.5","229.4","229.4","220.4","230.0","231.6","227.8","232.5","238.5","244.4","239.2","239.8","239.1","237.4","231.6","232.6","244.2","243.6","235.9","241.0","254.4","250.2","250.2","253.4","248.4","248.2","238.0","235.3","238.7","232.8","229.8","238.4","247.0","245.6","251.1","258.0","244.5","241.4","244.0","241.0","238.9","245.5","258.3","264.3","267.7","264.5","263.2","268.7","267.1","257.2","260.0","256.4","254.0","255.5","253.7","264.5","264.7","257.0","261.2","263.0","263.7","267.8","267.8","256.1","257.9","270.4","268.1","271.2","267.5","269.5","274.6","281.0","283.7","275.0","275.8","270.5","275.0","279.5","285.9","298.0","306.8","308.8","312.7","317.9","317.3","325.0","314.8","307.9","309.4","306.5","317.8","317.8","325.3","321.9","343.0","346.7","346.3","342.2","335.1","327.9","336.3","329.6","340.5","355.9","356.9","354.5","356.1","374.5","377.9","372.4","364.9","367.8","362.6","361.6","365.4","382.6","381.4","378.0","382.2","388.9","382.1","377.1","373.4","371.2","373.0","372.3","378.7","389.2","394.5","397.2","391.9","404.3","413.8","407.4","406.9","388.7","395.6","408.9","417.5","424.0","425.5","424.1","429.1","433.5","443.0","437.9","441.5","433.2","430.2","445.1","436.4","438.0","442.4","439.1","446.2","468.3","472.5","465.3","461.6","456.0","451.1","458.4","471.6","479.7","489.2","500.6","492.5","489.7","484.8","482.0","485.6","478.4","494.7","493.9","499.1","504.8","512.0","501.3","503.3","519.0","523.5","529.8","522.9","511.0","517.8","518.5","519.4","532.9","538.5","530.3","529.0","554.6","546.8","533.2","536.7","534.5","523.7","529.8","528.8","537.7","530.3","517.5","536.5","551.0","554.7","545.4","558.2","548.5","551.8","556.7","562.2","583.2","579.4","575.8","578.2","583.3","576.7","566.3","558.9","550.7","563.0","569.4","573.1","597.2","599.7","600.2","595.7","593.6","595.1","583.7","578.1","573.6","580.5","580.9","586.2","596.6","615.6","620.1","613.1","621.8","621.0","607.4","612.1","591.5","604.3","606.6","617.7","642.5","650.4","646.1","644.5","661.8","655.5","635.5","636.0","622.9","630.0","627.2","644.4","655.4","661.9","659.9","666.9","676.8","664.0","663.0","661.7","647.4","658.5","686.8","671.7","697.1","712.6","711.8","702.9","718.1","710.2","705.6","701.9","677.4","676.4","698.4","697.6","725.6","742.3","743.4","744.8","764.7","753.7","745.0","746.0","741.4","740.6","712.9","620.5","669.6","689.6","706.6","715.8","728.0","740.1","722.9","735.9","722.9","734.2","754.3","736.6","749.9","765.8","763.6","757.7","770.4","772.7","759.2","747.3","722.9","738.0","729.0","745.3","761.2","756.2","764.5","762.6","776.6","770.3","765.6","756.9","772.2","781.6","785.7","782.5","790.2","782.7","779.2","782.6","789.6","810.1","818.6","817.3","793.6","804.9","808.4","800.3","807.9","801.4","790.9","781.5","803.6","807.6","808.1","789.2","785.1","775.0","778.9","773.6","803.3","799.7","782.7","789.8","789.8","817.4","787.8","789.6","782.0","787.5","778.4"
,"65 years and over","133.4","128.9","122.4","124.7","125.8","126.1","125.6","122.4","132.0","124.7","119.8","119.0","116.0","117.5","114.1","119.1","120.8","125.6","122.0","121.6","123.1","117.9","114.9","114.8","114.2","116.0","118.4","116.2","118.8","119.5","116.1","121.7","122.1","126.2","121.5","119.6","119.0","120.9","123.6","126.2","128.1","126.7","125.1","122.4","122.6","121.7","120.5","122.1","114.8","123.3","119.9","122.0","121.5","123.5","122.1","121.3","127.5","120.4","119.8","114.5","115.4","115.8","118.5","115.8","122.1","123.5","115.7","118.6","119.4","120.1","119.5","122.3","117.2","124.6","121.8","121.8","121.5","121.1","124.6","124.3","122.4","118.5","116.3","115.5","110.8","113.6","116.5","122.4","116.9","117.8","117.1","117.4","119.7","122.5","119.5","121.5","119.9","117.2","118.6","119.1","117.1","116.3","113.7","114.9","121.5","116.6","116.2","117.0","116.6","110.5","109.7","114.8","111.1","114.4","116.2","117.1","122.7","125.8","126.9","120.4","113.5","112.5","106.9","107.4","111.7","110.1","108.1","114.7","131.4","128.4","126.6","122.6","124.2","119.5","111.0","115.5","120.8","124.6","120.6","123.1","132.7","131.0","128.6","122.9","125.2","123.1","117.3","113.8","111.1","114.9","117.4","115.1","129.2","126.0","131.6","127.8","120.9","124.4","122.5","120.0","118.5","120.9","119.4","118.2","122.5","125.4","124.4","130.6","133.9","137.8","133.3","134.3","138.7","131.0","121.8","123.1","129.3","131.4","128.1","129.5","133.8","129.8","130.5","132.1","134.3","137.0","132.9","137.7","140.8","142.0","142.0","142.5","140.9","134.4","138.2","136.6","138.0","133.9","135.5","135.8","130.7","122.7","119.2","121.2","121.7","114.7","117.4","118.4","127.1","118.1","116.6","122.4","123.5","132.3","133.4","135.4","145.3","143.4","145.1","141.0","138.5","142.6","133.2","134.5","138.4","138.6","141.4","142.3","144.6","138.3","135.6","133.5","134.8","128.0","128.0","129.7","133.8","135.2","132.2","137.6","139.5","143.7","140.2","136.9","140.9","143.5","135.7","127.0","131.3","127.7","128.9","126.8","129.0","132.4","137.9","138.4","143.9","142.4","139.6","141.3","141.7","150.1","144.3","149.6","150.1","154.1","153.3","154.0","163.0","156.0","147.5","144.1","146.0","151.7","148.1","139.4","142.3","146.6","145.6","141.9","145.3","148.1","148.7","148.4","148.0","147.8","143.0","145.6","147.3","144.0","151.0","145.3","150.6","148.0","137.4","143.0","148.3","144.8","140.3","138.9","136.2","136.6","139.8","139.7","143.0","147.9","150.3","150.7","148.1","154.9","154.0","152.8","146.7","153.7","159.1","164.0","167.5","161.6","162.4","169.5","167.1","167.9","172.4","177.2","174.5","174.6","190.0","190.7","182.2","195.6","182.7","177.5","190.5","190.8","194.0","189.6","182.2","190.9","198.9","193.9","196.0","182.1","193.0","188.7","199.0","191.1","194.4","201.2","188.1","196.0","198.8","204.2","209.2","208.0","217.6","204.4","201.3","206.3","211.3","202.9","204.5","214.8","208.4","208.9","214.0","212.0","205.0","201.3","203.9","214.9","220.1","213.1","212.6","225.3","225.1","216.5","222.6","229.1","228.3","233.4","240.9","250.3","252.7","243.6","247.6","253.8","253.8","255.4","260.4","264.7","266.0","265.0","280.7","276.7","261.5","271.7","269.0","289.5","283.1","275.5","295.2","292.8","284.3","280.8","296.7","304.3","308.0","307.6","307.3","306.6","308.4","307.6","310.1","319.1","316.5","323.7","324.7","328.0","320.5","320.3","318.7","322.4","328.5","327.0","332.2","345.7","343.3","339.7","348.3","355.7","355.5","344.8","339.7","346.0","358.8","367.8","370.6","371.6","374.2","373.2","376.8","380.4","371.3","356.2","369.8","379.9","384.9","378.2","394.6","386.4","393.3","401.6","423.7","422.4","425.2","424.6","424.6","416.2","415.9","415.8","415.0","421.1","414.6","430.6","432.1","432.9","422.9","415.5","417.6","419.2","415.2","427.1","429.4","435.1","421.7","432.9","443.8","463.0","461.1","436.5","433.7","452.3","439.3","430.8","439.0","442.4","444.1","438.7","448.9","442.2","447.7","452.0","444.4","468.7","458.4","463.9","476.0","477.6","476.0","488.8","508.9","508.3","502.7","513.0","505.1","498.0","501.6","499.5","503.0","492.7","488.2","476.1","491.7","490.5","499.2","504.5","513.5","521.7","535.4","546.4","535.3","543.6","540.8","555.0","560.8","580.1","563.3","571.8","559.9","557.0","521.8","491.3","502.9","507.4","502.3","509.7","538.7","535.3","534.1","530.2","545.1","551.8","540.8","542.9","555.0","552.2","533.4","539.4","561.7","554.0","559.7","548.2","550.3","556.5","553.7","565.1","570.3","571.4","564.6","593.7","595.5","600.7","604.0","594.0","597.5","581.2","598.2","610.3","626.6","646.2","626.0","649.6","654.2","666.2","652.6","613.2","628.3","606.8","622.6","626.4","650.1","664.9","639.1","650.4","656.8","661.1","646.7","666.4","648.5","655.8","653.3","683.1","675.6","679.4","674.6","674.8","677.5","661.7","672.6","669.9","660.0","662.9","663.6"
,"65 to 69 years","85.2","84.3","76.8","79.0","79.7","79.5","80.3","77.4","83.3","79.0","77.1","78.5","77.2","79.4","77.0","78.3","78.5","84.1","78.4","79.1","81.8","78.0","74.7","73.6","72.5","73.3","73.2","71.5","73.1","73.5","73.1","75.6","77.1","80.4","78.2","77.0","73.8","77.8","80.7","85.6","85.5","86.3","84.5","81.9","82.3","80.4","76.1","77.0","71.7","79.4","77.0","79.3","80.2","81.6","81.5","82.2","85.6","78.6","77.0","71.9","73.3","74.3","78.4","77.0","79.4","80.0","70.1","71.3","70.9","70.6","70.0","73.9","73.7","79.3","78.0","80.4","81.7","81.8","81.5","79.0","79.3","76.1","74.9","71.9","68.7","71.9","74.4","77.2","74.8","76.5","74.1","75.3","76.3","76.1","73.0","76.4","73.5","72.8","72.9","74.1","71.0","72.2","71.5","70.1","74.0","68.6","67.2","66.2","66.7","65.0","63.8","66.7","66.3","68.4","68.6","70.6","73.1","75.6","76.8","75.9","69.9","68.1","69.2","68.6","70.5","67.7","64.5","70.2","73.1","73.0","72.7","70.0","71.5","72.3","68.3","73.4","76.4","79.9","78.6","77.0","81.3","78.5","77.4","72.3","75.7","76.8","73.9","73.2","71.4","74.6","74.4","70.6","82.3","76.1","74.6","73.0","68.0","71.1","65.9","69.1","74.9","75.8","75.5","76.5","77.9","79.0","74.7","81.1","85.2","85.2","84.4","81.0","83.5","79.2","73.3","76.0","81.7","82.0","74.3","75.0","74.8","71.4","72.9","75.6","78.7","82.5","80.3","85.7","84.5","84.7","86.0","85.4","85.6","84.5","86.2","83.9","85.6","82.2","83.0","83.1","84.6","76.9","76.9","79.5","74.1","69.3","69.8","69.5","76.6","73.2","70.5","73.7","74.1","78.9","75.9","73.3","74.4","77.9","81.2","81.9","82.4","87.3","81.7","84.3","88.3","86.7","87.0","88.3","89.2","83.8","82.4","80.9","81.1","75.5","75.3","78.2","83.0","81.1","80.8","83.6","86.1","88.7","84.3","80.8","86.2","87.1","82.3","76.1","80.7","78.2","78.8","78.8","81.0","85.6","90.8","86.6","87.2","84.8","84.9","83.6","82.4","90.9","84.4","88.4","89.1","91.9","94.6","92.6","101.3","97.7","89.8","91.1","92.1","93.5","92.1","83.1","85.6","86.8","91.0","92.1","91.8","92.1","91.1","87.8","88.2","87.1","82.4","84.8","86.1","84.0","87.2","82.0","85.8","81.6","76.0","80.1","84.3","89.1","80.5","82.0","80.1","81.6","80.1","79.8","78.5","82.4","83.4","84.9","85.3","90.7","90.1","86.1","82.5","87.6","88.1","91.6","94.6","93.6","95.5","100.7","98.0","99.7","100.6","103.5","101.9","101.6","113.2","114.9","110.8","111.6","106.1","103.0","110.6","108.4","114.9","113.1","106.3","112.1","116.1","115.6","117.4","107.7","117.9","118.8","119.8","112.9","111.4","117.4","106.7","109.0","117.3","121.5","128.8","127.4","137.3","132.6","128.2","134.7","134.3","127.5","124.9","131.3","127.2","125.1","132.9","132.1","126.8","124.9","128.2","135.4","136.4","133.0","134.0","138.3","138.5","137.7","145.4","150.1","143.7","148.0","151.5","155.1","150.9","144.7","149.0","158.1","161.5","162.8","166.3","172.3","166.2","162.3","171.3","172.4","165.8","168.6","170.1","188.1","181.5","180.6","185.0","185.4","184.2","175.0","185.9","186.3","195.3","188.1","189.4","193.8","196.3","192.4","198.8","208.5","201.2","208.9","206.8","209.4","204.7","204.6","200.9","200.0","205.3","201.8","204.8","211.7","209.5","212.9","215.2","216.3","216.2","210.9","205.4","206.1","217.0","226.2","226.1","228.4","224.0","228.8","234.6","236.1","229.7","219.6","231.9","240.3","243.3","240.8","256.1","246.0","243.5","253.4","270.7","265.0","265.8","267.0","270.2","260.8","257.9","264.9","264.6","263.1","262.4","274.5","277.2","278.6","265.1","259.3","256.7","267.1","264.1","274.9","278.0","279.8","268.7","272.8","277.5","290.7","286.7","273.7","268.9","289.3","278.9","269.1","281.4","281.4","278.9","275.4","281.8","286.7","286.1","287.9","277.4","295.4","292.6","293.8","303.2","303.5","297.7","305.7","314.4","310.2","301.5","302.9","294.9","287.8","282.4","278.6","290.0","290.4","291.0","285.6","302.5","297.2","300.6","299.4","299.2","304.2","317.2","326.3","323.7","330.7","333.3","339.7","337.3","349.1","331.4","341.2","333.6","330.5","300.2","281.3","297.0","299.4","299.9","304.7","326.6","325.4","312.2","315.1","318.3","322.0","319.5","330.6","343.3","332.9","315.1","324.7","349.2","338.4","334.8","328.8","333.8","331.3","325.1","346.0","352.4","344.2","338.5","356.0","360.6","364.3","362.6","356.3","361.7","351.5","375.9","379.2","395.6","410.9","393.0","404.0","396.8","398.2","384.9","355.8","362.9","355.9","374.6","384.7","398.6","411.0","383.4","398.1","402.3","401.3","388.1","398.9","382.6","393.3","395.3","408.5","409.2","409.7","410.6","406.0","412.5","404.4","404.1","398.7","389.3","380.1","391.7"
,"70 years and over","48.1","44.6","45.7","45.7","46.1","46.6","45.4","44.9","48.7","45.7","42.7","40.5","38.8","38.1","37.1","40.8","42.3","41.6","43.6","42.5","41.3","40.0","40.2","41.3","41.7","42.7","45.2","44.7","45.7","46.0","43.0","46.1","45.0","45.9","43.2","42.7","45.2","43.1","42.9","40.6","42.6","40.4","40.6","40.5","40.3","41.4","44.4","45.1","43.1","43.8","42.9","42.8","41.3","41.9","40.6","39.1","41.8","41.8","42.8","42.5","42.1","41.5","40.0","38.8","42.7","43.5","45.6","47.3","48.5","49.5","49.5","48.4","43.5","45.3","43.8","41.4","39.8","39.3","43.1","45.3","43.1","42.4","41.3","43.6","42.1","41.8","42.2","45.3","42.1","41.3","43.0","42.1","43.5","46.4","46.5","45.1","46.4","44.4","45.7","45.0","46.2","44.1","42.2","44.8","47.5","48.1","49.0","50.7","49.9","45.6","45.9","48.1","44.8","46.0","47.6","46.4","49.6","50.2","50.0","44.4","43.6","44.4","37.7","38.8","41.1","42.4","43.6","44.6","58.3","55.5","53.9","52.6","52.7","47.2","42.7","42.1","44.4","44.6","41.9","46.1","51.4","52.5","51.2","50.6","49.5","46.3","43.4","40.6","39.7","40.3","43.1","44.5","46.9","49.9","57.0","54.8","52.9","53.3","56.6","50.9","43.6","45.1","43.9","41.7","44.6","46.3","49.6","49.5","48.7","52.6","48.9","53.3","55.2","51.8","48.5","47.1","47.6","49.4","53.9","54.4","58.9","58.4","57.6","56.4","55.6","54.5","52.6","52.0","56.3","57.2","56.0","57.1","55.2","49.9","52.0","52.7","52.4","51.7","52.5","52.7","46.1","45.8","42.3","41.8","47.6","45.4","47.6","48.8","50.4","45.0","46.1","48.7","49.4","53.4","57.5","62.1","70.9","65.5","63.8","59.1","56.1","55.3","51.5","50.2","50.1","51.9","54.5","53.9","55.4","54.5","53.2","52.5","53.7","52.4","52.7","51.5","50.9","54.2","51.3","54.0","53.4","54.9","55.9","56.1","54.7","56.4","53.4","51.0","50.6","49.6","50.1","48.0","48.0","46.8","47.1","51.7","56.7","57.5","54.7","57.7","59.3","59.2","59.9","61.2","61.0","62.2","58.7","61.4","61.7","58.3","57.6","53.1","53.9","58.2","56.0","56.3","56.6","59.8","54.5","49.8","53.4","56.0","57.5","60.6","59.8","60.7","60.6","60.7","61.3","60.0","63.7","63.3","64.8","66.4","61.4","63.0","63.9","55.7","59.7","56.9","56.0","55.0","59.7","60.0","64.6","65.5","66.9","65.7","62.8","64.2","63.9","66.7","64.2","66.1","71.1","72.3","72.9","68.0","66.9","68.8","69.1","68.2","71.8","73.7","72.6","73.0","76.7","75.9","71.4","84.0","76.6","74.5","80.0","82.4","79.1","76.4","75.9","78.8","82.9","78.3","78.6","74.4","75.1","69.9","79.1","78.2","83.0","83.9","81.4","87.0","81.4","82.7","80.4","80.6","80.3","71.8","73.1","71.5","77.0","75.5","79.6","83.5","81.2","83.7","81.1","79.8","78.2","76.4","75.7","79.5","83.8","80.2","78.6","87.0","86.6","78.8","77.2","79.0","84.6","85.4","89.4","95.2","101.7","98.9","98.5","95.7","92.3","92.6","94.1","92.4","99.8","102.7","109.4","104.3","95.7","103.1","98.9","101.4","101.6","94.9","110.2","107.4","100.1","105.9","110.9","118.0","112.7","119.5","117.9","112.8","112.1","115.3","111.3","110.6","115.3","114.8","117.9","118.5","115.8","115.7","117.9","122.4","123.2","125.2","127.4","134.0","133.8","126.8","133.1","139.4","139.4","134.0","134.4","139.9","141.9","141.6","144.5","143.2","150.1","144.5","142.1","144.4","141.6","136.6","137.9","139.6","141.6","137.4","138.4","140.4","149.8","148.2","153.0","157.5","159.4","157.5","154.4","155.5","158.0","150.9","150.4","158.0","152.2","156.1","154.9","154.4","157.8","156.2","160.9","152.1","151.1","152.1","151.4","155.2","153.0","160.1","166.3","172.3","174.4","162.8","164.8","163.0","160.3","161.7","157.6","161.0","165.2","163.3","167.0","155.5","161.6","164.0","167.0","173.3","165.8","170.1","172.8","174.1","178.3","183.1","194.5","198.1","201.2","210.0","210.2","210.2","219.2","220.9","212.9","202.3","197.1","190.5","189.2","193.3","198.6","205.1","214.3","217.5","218.2","220.0","211.6","212.8","207.5","215.3","223.5","231.1","231.9","230.7","226.3","226.5","221.6","210.0","205.8","208.0","202.4","205.0","212.1","209.9","221.8","215.0","226.9","229.8","221.2","212.4","211.7","219.3","218.3","214.7","212.5","215.6","224.9","219.4","216.4","225.1","228.6","219.1","218.0","227.1","226.1","237.7","235.0","236.4","241.4","237.7","235.8","229.7","222.3","231.1","231.1","235.4","233.0","245.6","257.4","268.0","267.7","257.4","265.4","250.8","248.1","241.7","251.5","253.9","255.7","252.3","254.5","259.8","258.6","267.5","266.0","262.5","258.0","274.6","266.4","269.7","264.0","268.7","265.0","257.3","268.5","271.1","270.7","282.9","271.9"
"Women+","15 years and over","3,446.0","3,480.9","3,534.4","3,542.2","3,620.9","3,693.7","3,743.6","3,735.1","3,629.8","3,659.6","3,661.5","3,671.1","3,581.0","3,622.1","3,653.9","3,658.8","3,749.6","3,796.8","3,852.3","3,831.4","3,736.7","3,761.7","3,748.7","3,758.4","3,678.9","3,737.4","3,786.2","3,809.1","3,883.9","3,956.4","4,044.0","4,034.4","3,948.3","3,994.4","3,986.3","3,991.6","3,917.9","3,979.9","4,027.7","4,037.9","4,114.9","4,181.6","4,276.5","4,282.2","4,165.2","4,226.2","4,235.6","4,233.1","4,175.9","4,192.0","4,248.3","4,279.3","4,337.4","4,423.6","4,463.4","4,454.6","4,378.4","4,420.0","4,411.0","4,393.6","4,342.2","4,420.7","4,449.3","4,468.7","4,599.5","4,699.5","4,705.4","4,697.4","4,586.4","4,595.4","4,576.2","4,538.7","4,460.8","4,475.1","4,504.7","4,490.6","4,557.0","4,600.4","4,613.0","4,575.1","4,464.8","4,484.4","4,469.5","4,460.0","4,384.0","4,427.2","4,485.7","4,518.0","4,614.7","4,707.0","4,748.6","4,741.2","4,650.5","4,674.2","4,658.5","4,658.5","4,553.4","4,616.2","4,656.7","4,656.2","4,769.2","4,828.7","4,881.4","4,859.3","4,769.9","4,784.2","4,805.2","4,813.3","4,755.5","4,798.7","4,839.1","4,860.1","4,961.7","5,014.9","5,071.1","5,067.9","4,984.3","5,027.8","5,029.7","5,050.8","4,972.7","5,018.8","5,043.7","5,081.7","5,161.8","5,260.5","5,268.4","5,247.2","5,136.5","5,165.7","5,152.3","5,149.0","5,073.5","5,124.4","5,170.2","5,209.1","5,323.3","5,401.4","5,430.6","5,427.1","5,335.9","5,393.2","5,385.9","5,418.3","5,318.2","5,393.4","5,423.8","5,463.8","5,560.5","5,630.9","5,643.2","5,613.0","5,543.4","5,605.2","5,577.3","5,603.9","5,561.2","5,586.1","5,622.0","5,631.7","5,721.8","5,783.6","5,798.2","5,794.7","5,703.2","5,744.6","5,741.0","5,762.2","5,676.3","5,725.2","5,728.7","5,770.1","5,845.8","5,931.3","5,934.8","5,908.9","5,809.0","5,820.3","5,787.3","5,771.9","5,658.3","5,689.2","5,701.8","5,738.2","5,844.1","5,903.6","5,901.1","5,891.2","5,792.0","5,816.8","5,773.9","5,775.3","5,668.6","5,723.7","5,692.8","5,720.8","5,803.4","5,875.6","5,859.0","5,842.6","5,750.8","5,787.6","5,758.7","5,757.9","5,644.2","5,691.6","5,710.9","5,708.3","5,810.8","5,908.0","5,882.3","5,865.5","5,840.5","5,848.7","5,849.1","5,824.7","5,709.1","5,767.1","5,790.6","5,800.6","5,926.9","6,015.8","6,017.9","5,997.6","5,979.7","5,985.5","5,996.7","6,014.8","5,912.8","5,934.0","5,953.6","5,957.5","6,070.5","6,140.6","6,121.4","6,101.6","6,064.2","6,083.9","6,028.7","6,046.2","5,954.5","6,009.8","6,011.9","6,038.7","6,160.1","6,204.3","6,190.2","6,178.6","6,109.0","6,112.4","6,113.7","6,128.8","6,039.9","6,085.1","6,118.1","6,156.4","6,255.5","6,347.2","6,334.5","6,349.2","6,270.4","6,274.0","6,277.6","6,302.3","6,177.5","6,251.7","6,291.2","6,343.3","6,439.9","6,515.9","6,525.7","6,535.7","6,492.6","6,523.1","6,525.0","6,541.9","6,435.5","6,468.6","6,483.2","6,517.5","6,640.1","6,714.2","6,713.2","6,706.0","6,644.3","6,659.4","6,654.7","6,686.2","6,590.9","6,651.3","6,678.9","6,703.2","6,833.4","6,917.2","6,861.8","6,858.3","6,814.9","6,842.4","6,846.8","6,869.9","6,760.6","6,775.3","6,821.0","6,852.2","6,979.5","7,009.9","6,978.1","6,958.0","6,911.4","6,931.2","6,946.4","6,960.9","6,904.4","6,907.3","6,953.7","6,997.1","7,125.9","7,216.2","7,187.9","7,222.2","7,174.8","7,211.5","7,231.9","7,277.7","7,146.1","7,202.9","7,220.6","7,207.6","7,331.7","7,434.6","7,378.0","7,370.0","7,314.4","7,378.2","7,397.7","7,457.5","7,303.4","7,350.3","7,354.1","7,377.6","7,525.6","7,609.9","7,518.8","7,470.2","7,441.1","7,465.9","7,486.5","7,517.5","7,397.5","7,447.6","7,441.2","7,481.4","7,590.0","7,668.4","7,605.3","7,588.1","7,524.7","7,577.7","7,607.2","7,605.9","7,546.9","7,565.4","7,588.8","7,622.0","7,789.4","7,842.3","7,768.5","7,716.1","7,691.5","7,744.0","7,743.1","7,796.1","7,725.1","7,769.2","7,810.2","7,817.2","7,931.8","8,006.1","7,962.9","7,955.1","7,908.6","7,985.3","7,964.3","7,977.3","7,883.4","7,942.5","7,931.9","7,962.2","8,110.3","8,176.0","8,062.3","8,034.6","8,011.1","8,080.4","8,037.0","8,060.0","7,903.2","7,951.8","7,954.4","7,982.5","8,097.0","8,141.1","7,999.2","7,996.9","8,015.0","8,007.4","8,050.5","8,055.8","7,971.5","7,994.7","8,007.6","8,041.9","8,176.7","8,272.7","8,148.1","8,115.3","8,086.2","8,116.8","8,123.5","8,144.9","8,086.6","8,110.4","8,082.1","8,130.5","8,243.3","8,306.5","8,199.2","8,169.7","8,131.8","8,143.0","8,150.4","8,191.0","8,101.4","8,121.0","8,161.4","8,230.7","8,315.0","8,380.5","8,290.9","8,291.9","8,277.9","8,318.5","8,348.2","8,364.4","8,288.8","8,323.1","8,298.0","8,341.3","8,458.9","8,525.0","8,392.8","8,398.3","8,381.6","8,396.3","8,406.5","8,397.7","8,286.6","8,309.6","8,323.3","8,353.9","8,473.3","8,558.8","8,459.3","8,387.1","8,412.6","8,427.3","8,427.5","8,407.9","8,330.5","8,371.9","8,404.5","8,404.3","8,519.7","8,566.2","8,463.1","8,452.0","8,456.5","8,482.6","8,483.9","8,488.8","8,391.4","8,416.8","8,454.2","8,476.9","8,600.0","8,676.6","8,530.6","8,513.6","8,535.6","8,581.5","8,572.8","8,585.8","8,551.6","8,567.3","8,586.7","8,596.3","8,763.4","8,863.3","8,752.3","8,702.8","8,717.3","8,750.1","8,771.1","8,814.1","8,694.1","8,710.9","8,737.8","8,777.3","8,885.5","8,965.6","8,911.1","8,873.9","8,875.4","8,935.1","8,938.6","8,970.3","8,874.3","8,936.0","8,899.0","8,995.4","9,121.9","9,192.4","9,026.3","9,037.8","9,084.3","9,115.0","9,083.2","9,122.6","9,011.0","9,021.9","8,325.7","7,474.1","7,680.6","8,290.3","8,399.7","8,503.2","8,751.1","8,829.6","8,845.3","8,789.3","8,524.1","8,696.1","8,831.4","8,760.6","8,831.4","9,084.2","8,981.3","8,987.0","9,115.9","9,152.8","9,236.0","9,247.5","9,023.6","9,274.4","9,269.3","9,331.1","9,528.5","9,560.0","9,391.7","9,325.3","9,367.1","9,437.1","9,463.3","9,493.3","9,469.3","9,537.9","9,564.4","9,596.3","9,713.1","9,768.6","9,622.2","9,604.2","9,650.8","9,672.1","9,685.7","9,690.9","9,629.0","9,694.8","9,713.8","9,760.2","9,890.7","9,952.3","9,768.7","9,750.0","9,832.2","9,834.9","9,839.2","9,865.5","9,818.0","9,873.8","9,889.2","9,889.6","10,002.9","10,100.5","9,893.6","9,833.1","9,892.7","9,955.1","9,968.8","9,968.4","9,896.3","9,916.2","9,917.0"
,"15 to 24 years","1,074.4","1,082.2","1,102.6","1,108.2","1,164.4","1,234.0","1,321.5","1,307.3","1,132.1","1,129.9","1,128.5","1,141.4","1,106.2","1,109.2","1,121.1","1,124.9","1,180.7","1,235.5","1,345.3","1,323.7","1,150.6","1,157.7","1,160.2","1,164.3","1,124.0","1,140.5","1,153.1","1,155.2","1,195.3","1,261.8","1,379.0","1,361.0","1,187.3","1,206.6","1,199.3","1,203.8","1,162.9","1,180.9","1,207.3","1,205.4","1,262.0","1,321.8","1,442.6","1,437.3","1,258.1","1,284.7","1,275.1","1,280.7","1,234.8","1,235.0","1,260.2","1,264.7","1,307.1","1,399.3","1,480.3","1,469.9","1,296.2","1,294.7","1,292.5","1,291.1","1,262.1","1,277.5","1,279.2","1,288.2","1,366.0","1,460.1","1,535.2","1,510.9","1,296.9","1,293.7","1,280.1","1,275.2","1,224.5","1,222.6","1,230.3","1,230.4","1,261.4","1,324.1","1,397.9","1,354.8","1,176.8","1,185.1","1,180.1","1,191.5","1,147.1","1,154.5","1,167.6","1,159.3","1,218.2","1,299.4","1,399.6","1,379.6","1,185.2","1,195.7","1,185.0","1,196.5","1,138.6","1,162.3","1,170.4","1,167.8","1,239.4","1,294.0","1,397.7","1,366.7","1,168.6","1,176.1","1,184.8","1,195.8","1,144.1","1,155.9","1,171.8","1,164.3","1,232.3","1,283.9","1,400.8","1,390.0","1,190.1","1,213.8","1,209.1","1,222.7","1,164.7","1,171.1","1,170.0","1,193.1","1,248.9","1,364.9","1,441.5","1,411.1","1,183.2","1,181.2","1,176.0","1,182.7","1,142.1","1,156.4","1,168.3","1,174.5","1,239.9","1,304.3","1,404.6","1,396.0","1,180.0","1,197.3","1,196.2","1,215.4","1,155.6","1,161.3","1,170.5","1,172.4","1,245.8","1,288.0","1,400.4","1,361.2","1,172.1","1,189.9","1,188.2","1,195.7","1,173.6","1,165.1","1,176.9","1,171.8","1,223.9","1,278.2","1,386.9","1,364.1","1,150.9","1,158.4","1,155.0","1,167.0","1,109.2","1,129.3","1,114.5","1,108.6","1,168.2","1,234.6","1,329.7","1,302.5","1,093.4","1,095.5","1,087.0","1,097.2","1,044.4","1,062.7","1,053.3","1,041.3","1,125.9","1,169.3","1,272.6","1,249.6","1,046.1","1,060.1","1,047.2","1,065.8","999.3","1,013.6","1,011.7","1,003.1","1,057.8","1,122.5","1,202.8","1,187.9","990.1","1,009.6","996.4","1,009.3","950.0","960.5","974.8","956.8","1,006.7","1,078.4","1,163.0","1,132.6","977.6","982.6","989.7","1,004.5","938.5","954.0","972.8","947.6","1,028.5","1,082.2","1,174.4","1,141.7","994.2","980.1","993.2","1,007.4","962.0","954.6","957.2","965.4","1,037.3","1,098.1","1,176.2","1,151.4","967.6","989.1","972.2","978.9","925.7","948.1","950.8","953.6","1,030.7","1,069.6","1,153.9","1,133.1","945.5","952.4","955.3","967.3","910.3","919.7","922.0","918.3","969.9","1,039.2","1,114.9","1,118.2","923.0","922.6","924.2","938.4","887.5","905.3","916.8","934.7","1,001.9","1,062.9","1,171.5","1,171.2","1,000.7","1,016.9","1,016.5","1,034.3","993.1","985.9","984.5","985.7","1,064.1","1,123.3","1,217.5","1,191.9","1,021.8","1,022.9","1,029.7","1,052.6","1,006.7","1,023.4","1,026.2","1,016.6","1,114.4","1,179.0","1,266.3","1,248.9","1,095.7","1,099.0","1,096.4","1,110.5","1,067.5","1,055.5","1,069.8","1,064.3","1,151.7","1,191.0","1,296.6","1,268.1","1,086.5","1,102.9","1,109.1","1,119.9","1,078.3","1,073.3","1,086.1","1,097.2","1,175.7","1,241.0","1,340.4","1,341.3","1,130.7","1,157.5","1,171.7","1,178.4","1,128.5","1,147.7","1,151.4","1,135.0","1,216.1","1,290.1","1,358.4","1,344.3","1,139.8","1,162.0","1,174.2","1,200.1","1,128.8","1,122.1","1,135.2","1,119.6","1,223.0","1,312.4","1,387.7","1,342.6","1,163.9","1,180.7","1,183.6","1,203.1","1,150.1","1,163.6","1,149.0","1,161.1","1,253.4","1,312.0","1,398.6","1,382.3","1,181.1","1,201.7","1,224.2","1,234.5","1,203.5","1,204.6","1,210.3","1,202.8","1,319.7","1,379.9","1,449.9","1,419.1","1,211.7","1,251.8","1,252.8","1,269.5","1,217.0","1,240.5","1,249.6","1,225.2","1,327.1","1,383.8","1,489.3","1,463.9","1,252.6","1,281.4","1,275.6","1,302.9","1,245.5","1,273.9","1,272.8","1,273.2","1,363.4","1,428.7","1,492.7","1,475.4","1,264.9","1,277.8","1,267.5","1,280.9","1,215.0","1,224.6","1,222.6","1,222.9","1,308.8","1,368.6","1,424.5","1,410.6","1,202.3","1,197.0","1,214.1","1,239.9","1,204.1","1,220.2","1,216.1","1,215.7","1,294.4","1,370.0","1,432.7","1,386.5","1,183.8","1,212.0","1,215.2","1,250.3","1,193.4","1,211.6","1,215.8","1,197.4","1,311.8","1,354.9","1,432.9","1,408.2","1,201.6","1,219.4","1,227.3","1,233.4","1,175.1","1,184.5","1,203.7","1,211.7","1,276.4","1,314.8","1,410.4","1,374.6","1,194.2","1,219.2","1,218.8","1,259.2","1,209.6","1,225.1","1,220.6","1,205.4","1,277.9","1,342.1","1,396.9","1,362.9","1,183.9","1,179.5","1,185.9","1,185.2","1,147.3","1,162.3","1,177.7","1,180.0","1,279.5","1,359.1","1,427.2","1,380.6","1,206.1","1,203.2","1,200.5","1,211.1","1,164.7","1,174.8","1,189.0","1,175.5","1,266.5","1,313.4","1,389.7","1,365.4","1,189.6","1,215.9","1,193.5","1,207.1","1,145.5","1,166.5","1,191.1","1,179.4","1,247.7","1,321.6","1,376.5","1,347.9","1,169.6","1,197.1","1,197.3","1,196.8","1,175.4","1,164.6","1,186.8","1,176.5","1,301.3","1,343.2","1,426.7","1,360.5","1,191.1","1,222.4","1,228.4","1,240.7","1,188.2","1,184.7","1,206.6","1,193.2","1,278.5","1,341.4","1,440.1","1,401.4","1,187.9","1,214.6","1,199.6","1,219.1","1,199.0","1,222.8","1,224.3","1,244.8","1,333.6","1,387.1","1,446.9","1,435.9","1,237.1","1,251.8","1,239.8","1,258.5","1,217.4","1,234.0","972.1","734.6","820.0","1,056.7","1,204.2","1,237.8","1,108.8","1,122.4","1,112.5","1,096.2","977.8","1,030.7","1,087.6","1,057.8","1,118.5","1,291.1","1,387.1","1,388.9","1,234.2","1,255.2","1,259.7","1,271.8","1,170.4","1,244.0","1,256.8","1,243.9","1,374.2","1,415.0","1,478.8","1,421.2","1,208.2","1,229.0","1,251.9","1,285.1","1,258.1","1,259.3","1,278.4","1,269.9","1,331.6","1,374.7","1,449.3","1,440.9","1,249.6","1,247.5","1,232.9","1,259.8","1,222.6","1,235.0","1,247.6","1,246.9","1,370.5","1,407.4","1,485.1","1,448.4","1,268.1","1,277.2","1,272.3","1,283.6","1,252.5","1,256.1","1,267.1","1,266.0","1,332.9","1,407.7","1,485.1","1,450.3","1,224.9","1,274.4","1,283.2","1,282.1","1,264.6","1,244.8","1,257.0"
,"25 years and over","2,371.5","2,398.6","2,431.8","2,434.0","2,456.6","2,459.6","2,422.1","2,427.8","2,497.8","2,529.7","2,533.0","2,529.7","2,474.8","2,512.9","2,532.8","2,533.9","2,568.9","2,561.3","2,507.0","2,507.8","2,586.1","2,604.0","2,588.5","2,594.1","2,554.9","2,596.9","2,633.1","2,653.9","2,688.6","2,694.6","2,665.0","2,673.5","2,761.0","2,787.8","2,787.0","2,787.8","2,754.9","2,799.0","2,820.3","2,832.5","2,852.9","2,859.8","2,833.9","2,844.9","2,907.1","2,941.6","2,960.5","2,952.4","2,941.1","2,957.0","2,988.0","3,014.6","3,030.3","3,024.3","2,983.1","2,984.7","3,082.2","3,125.3","3,118.5","3,102.5","3,080.2","3,143.3","3,170.1","3,180.4","3,233.5","3,239.4","3,170.2","3,186.5","3,289.5","3,301.8","3,296.1","3,263.5","3,236.3","3,252.5","3,274.4","3,260.2","3,295.5","3,276.3","3,215.2","3,220.3","3,288.1","3,299.3","3,289.4","3,268.5","3,236.9","3,272.8","3,318.0","3,358.7","3,396.5","3,407.6","3,349.0","3,361.6","3,465.3","3,478.6","3,473.4","3,461.9","3,414.8","3,453.9","3,486.2","3,488.4","3,529.8","3,534.7","3,483.7","3,492.6","3,601.3","3,608.1","3,620.4","3,617.5","3,611.4","3,642.7","3,667.3","3,695.8","3,729.4","3,731.0","3,670.4","3,677.9","3,794.2","3,814.0","3,820.6","3,828.1","3,808.0","3,847.7","3,873.7","3,888.7","3,912.9","3,895.6","3,827.0","3,836.1","3,953.4","3,984.6","3,976.3","3,966.3","3,931.4","3,968.0","4,001.9","4,034.6","4,083.4","4,097.1","4,026.0","4,031.1","4,155.9","4,195.8","4,189.7","4,202.9","4,162.6","4,232.1","4,253.3","4,291.4","4,314.7","4,342.9","4,242.9","4,251.8","4,371.4","4,415.4","4,389.1","4,408.2","4,387.5","4,421.0","4,445.1","4,459.8","4,497.9","4,505.4","4,411.3","4,430.7","4,552.3","4,586.2","4,586.0","4,595.2","4,567.1","4,595.8","4,614.2","4,661.5","4,677.6","4,696.7","4,605.1","4,606.4","4,715.6","4,724.9","4,700.3","4,674.7","4,613.9","4,626.5","4,648.6","4,697.0","4,718.2","4,734.3","4,628.5","4,641.6","4,745.9","4,756.8","4,726.7","4,709.4","4,669.2","4,710.1","4,681.1","4,717.7","4,745.6","4,753.1","4,656.2","4,654.7","4,760.7","4,778.0","4,762.3","4,748.7","4,694.3","4,731.1","4,736.1","4,751.6","4,804.1","4,829.6","4,719.3","4,732.9","4,862.9","4,866.1","4,859.4","4,820.2","4,770.6","4,813.1","4,817.8","4,853.1","4,898.4","4,933.5","4,843.5","4,855.9","4,985.5","5,005.4","5,003.5","5,007.4","4,950.8","4,979.4","4,996.4","4,992.0","5,033.2","5,042.5","4,945.2","4,950.1","5,096.6","5,094.8","5,056.4","5,067.3","5,028.9","5,061.7","5,061.1","5,085.1","5,129.4","5,134.7","5,036.3","5,045.5","5,163.5","5,160.0","5,158.4","5,161.5","5,129.6","5,165.5","5,196.1","5,238.1","5,285.6","5,307.9","5,219.6","5,231.0","5,347.4","5,351.4","5,353.4","5,363.9","5,289.9","5,346.4","5,374.4","5,408.6","5,437.9","5,453.1","5,354.2","5,364.6","5,491.9","5,506.1","5,508.6","5,507.6","5,442.4","5,482.7","5,498.7","5,531.8","5,576.0","5,590.9","5,495.7","5,514.1","5,622.5","5,636.5","5,625.1","5,633.6","5,584.2","5,627.8","5,652.7","5,686.7","5,719.1","5,738.3","5,595.5","5,609.4","5,719.2","5,743.5","5,750.4","5,759.4","5,693.0","5,719.8","5,751.1","5,787.9","5,827.8","5,818.9","5,681.5","5,689.9","5,824.9","5,828.2","5,837.4","5,841.0","5,826.1","5,834.0","5,867.6","5,899.9","5,950.2","5,975.2","5,847.4","5,881.0","6,044.1","6,054.0","6,060.2","6,099.3","6,017.6","6,055.2","6,069.2","6,072.6","6,115.6","6,144.6","6,019.6","6,025.7","6,174.6","6,216.2","6,223.5","6,257.4","6,174.6","6,228.3","6,218.9","6,258.0","6,302.6","6,297.6","6,131.1","6,127.5","6,277.2","6,285.2","6,302.9","6,314.4","6,247.4","6,284.1","6,292.2","6,320.2","6,336.7","6,356.4","6,206.7","6,205.8","6,343.6","6,376.0","6,383.0","6,371.4","6,343.4","6,360.9","6,378.5","6,419.2","6,469.6","6,462.4","6,318.6","6,297.0","6,479.7","6,492.2","6,490.4","6,526.6","6,508.1","6,528.7","6,560.5","6,592.0","6,604.7","6,622.3","6,473.6","6,491.2","6,655.9","6,703.9","6,688.7","6,674.3","6,637.9","6,668.6","6,659.1","6,689.0","6,747.0","6,747.4","6,569.6","6,559.2","6,746.3","6,802.7","6,769.5","6,779.1","6,688.1","6,727.2","6,731.8","6,759.6","6,788.2","6,772.5","6,574.7","6,586.4","6,812.7","6,810.4","6,836.4","6,815.9","6,767.4","6,774.6","6,791.5","6,826.1","6,882.3","6,902.6","6,715.4","6,728.9","6,902.4","6,904.7","6,908.3","6,894.6","6,893.2","6,898.8","6,866.2","6,933.1","6,931.6","6,951.6","6,766.3","6,761.5","6,930.2","6,923.6","6,923.2","6,957.6","6,926.3","6,936.6","6,957.7","7,019.0","7,038.6","7,065.7","6,880.5","6,917.3","7,083.7","7,099.3","7,129.4","7,105.2","7,079.2","7,098.0","7,077.3","7,135.9","7,181.1","7,182.9","6,995.9","7,035.5","7,197.7","7,216.8","7,220.6","7,212.5","7,139.3","7,147.3","7,145.5","7,173.9","7,193.8","7,199.7","7,032.1","7,006.6","7,206.5","7,224.1","7,227.0","7,196.8","7,165.8","7,197.1","7,215.5","7,228.8","7,253.2","7,252.8","7,073.4","7,086.6","7,266.9","7,266.7","7,290.4","7,281.7","7,245.8","7,250.3","7,263.2","7,297.5","7,352.3","7,354.9","7,154.1","7,165.7","7,366.0","7,384.4","7,375.5","7,389.0","7,376.2","7,402.6","7,399.9","7,419.8","7,462.1","7,520.2","7,325.6","7,342.3","7,526.2","7,527.7","7,542.7","7,573.4","7,505.9","7,526.1","7,531.2","7,584.1","7,607.0","7,624.2","7,471.1","7,472.5","7,687.5","7,720.5","7,739.0","7,751.3","7,675.3","7,713.2","7,674.7","7,750.6","7,788.3","7,805.4","7,579.3","7,601.9","7,847.3","7,863.1","7,843.4","7,864.1","7,793.6","7,788.0","7,353.5","6,739.5","6,860.6","7,233.6","7,195.5","7,265.3","7,642.2","7,707.3","7,732.8","7,693.2","7,546.4","7,665.4","7,743.8","7,702.8","7,712.9","7,793.1","7,594.3","7,598.2","7,881.7","7,897.6","7,976.3","7,975.7","7,853.2","8,030.4","8,012.5","8,087.2","8,154.4","8,145.0","7,912.9","7,904.2","8,158.9","8,208.1","8,211.4","8,208.2","8,211.2","8,278.6","8,286.0","8,326.4","8,381.5","8,393.8","8,172.9","8,163.3","8,401.3","8,424.6","8,452.7","8,431.1","8,406.4","8,459.7","8,466.1","8,513.3","8,520.2","8,544.9","8,283.6","8,301.7","8,564.0","8,557.7","8,567.0","8,581.9","8,565.4","8,617.7","8,622.1","8,623.6","8,670.0","8,692.9","8,408.5","8,382.8","8,667.9","8,680.8","8,685.5","8,686.2","8,631.7","8,671.3","8,660.0"
,"25 to 44 years","1,492.4","1,506.6","1,530.6","1,539.5","1,555.0","1,552.9","1,522.7","1,515.3","1,569.5","1,595.0","1,606.8","1,608.5","1,564.9","1,618.4","1,633.6","1,630.5","1,660.5","1,659.1","1,611.7","1,601.8","1,651.1","1,669.4","1,673.7","1,693.6","1,665.7","1,699.4","1,725.2","1,736.7","1,750.0","1,755.2","1,737.6","1,744.0","1,814.0","1,837.6","1,835.2","1,839.8","1,812.3","1,841.3","1,853.8","1,855.6","1,873.9","1,872.1","1,856.6","1,871.6","1,913.3","1,957.0","1,969.1","1,963.0","1,954.4","1,974.0","1,999.2","2,014.6","2,021.9","2,031.6","1,998.6","1,999.1","2,064.6","2,105.7","2,101.4","2,099.4","2,088.9","2,128.3","2,149.9","2,157.7","2,193.3","2,192.5","2,139.5","2,153.7","2,222.5","2,242.1","2,239.1","2,212.1","2,196.7","2,215.3","2,228.9","2,219.9","2,241.9","2,245.1","2,205.6","2,195.7","2,239.2","2,255.7","2,245.7","2,242.1","2,216.9","2,242.3","2,274.9","2,298.7","2,335.0","2,348.9","2,318.5","2,321.0","2,390.0","2,400.2","2,394.5","2,394.9","2,357.3","2,399.5","2,417.2","2,426.3","2,464.0","2,477.9","2,438.2","2,434.8","2,501.2","2,508.5","2,519.3","2,514.0","2,510.6","2,528.2","2,545.0","2,566.2","2,589.4","2,592.0","2,556.1","2,563.8","2,652.2","2,659.5","2,663.3","2,684.3","2,688.0","2,716.8","2,747.4","2,759.8","2,772.4","2,776.7","2,728.1","2,744.9","2,824.4","2,842.5","2,828.9","2,822.1","2,793.6","2,826.1","2,850.0","2,866.9","2,901.0","2,907.8","2,859.9","2,846.5","2,936.8","2,957.9","2,960.8","2,978.1","2,939.8","2,995.7","3,011.7","3,033.6","3,053.7","3,082.6","3,012.3","3,007.2","3,074.5","3,113.1","3,103.3","3,112.7","3,084.1","3,109.0","3,127.7","3,135.9","3,155.7","3,167.5","3,125.0","3,150.3","3,228.4","3,255.4","3,264.4","3,269.3","3,244.3","3,265.3","3,259.2","3,293.3","3,301.1","3,314.6","3,257.6","3,254.2","3,334.4","3,333.8","3,312.8","3,289.3","3,252.8","3,263.1","3,278.7","3,310.6","3,328.3","3,329.3","3,241.5","3,255.1","3,306.7","3,315.3","3,294.6","3,279.0","3,245.0","3,276.5","3,250.2","3,269.6","3,282.6","3,283.8","3,205.4","3,195.4","3,253.1","3,250.3","3,247.6","3,248.5","3,215.1","3,228.1","3,213.9","3,220.9","3,259.0","3,296.3","3,206.5","3,220.2","3,301.8","3,304.9","3,306.4","3,280.4","3,234.1","3,258.1","3,245.5","3,240.0","3,276.3","3,302.5","3,252.3","3,244.5","3,345.0","3,362.0","3,358.7","3,363.9","3,317.6","3,336.5","3,332.8","3,336.8","3,362.3","3,358.1","3,284.5","3,275.8","3,365.5","3,366.1","3,360.9","3,376.6","3,341.2","3,363.7","3,362.0","3,374.3","3,386.1","3,393.8","3,334.3","3,322.8","3,405.9","3,399.2","3,402.3","3,402.5","3,368.5","3,385.5","3,405.1","3,436.7","3,448.3","3,452.2","3,406.8","3,404.5","3,476.3","3,478.1","3,476.8","3,464.2","3,423.9","3,437.2","3,458.4","3,478.1","3,498.2","3,489.8","3,431.2","3,449.2","3,484.7","3,498.7","3,505.7","3,517.1","3,465.8","3,478.0","3,493.1","3,500.4","3,512.2","3,525.2","3,446.6","3,480.1","3,541.9","3,536.0","3,544.2","3,534.1","3,491.2","3,503.9","3,523.6","3,533.2","3,546.6","3,561.4","3,458.1","3,467.1","3,535.0","3,569.6","3,561.2","3,552.1","3,510.8","3,521.5","3,533.2","3,546.2","3,572.8","3,556.5","3,486.3","3,478.7","3,526.1","3,515.9","3,516.6","3,498.5","3,493.2","3,495.4","3,504.7","3,527.7","3,562.7","3,559.3","3,488.4","3,502.8","3,593.8","3,584.2","3,570.8","3,576.6","3,501.7","3,510.8","3,518.9","3,523.6","3,550.6","3,559.3","3,489.7","3,481.1","3,541.5","3,573.4","3,550.6","3,569.1","3,508.1","3,554.1","3,561.0","3,574.9","3,611.8","3,613.7","3,519.1","3,486.3","3,553.4","3,530.1","3,535.5","3,549.4","3,517.0","3,514.4","3,510.3","3,520.9","3,556.6","3,561.3","3,498.1","3,482.7","3,544.2","3,553.8","3,551.9","3,540.5","3,520.3","3,501.3","3,491.9","3,528.5","3,558.5","3,545.1","3,475.8","3,445.7","3,538.7","3,543.7","3,538.2","3,566.4","3,551.0","3,540.9","3,545.8","3,561.1","3,580.2","3,588.2","3,512.3","3,496.2","3,572.9","3,584.4","3,579.9","3,586.9","3,539.1","3,544.4","3,511.5","3,539.0","3,557.9","3,552.9","3,464.3","3,475.2","3,550.7","3,563.7","3,562.0","3,573.6","3,510.6","3,516.7","3,523.0","3,520.3","3,520.6","3,510.7","3,415.0","3,410.6","3,524.4","3,508.9","3,538.3","3,524.4","3,499.1","3,500.8","3,529.3","3,517.4","3,537.2","3,547.9","3,442.9","3,439.2","3,506.2","3,496.0","3,523.2","3,523.3","3,518.9","3,515.3","3,499.6","3,523.3","3,517.9","3,535.1","3,460.6","3,482.7","3,544.0","3,543.9","3,524.9","3,553.7","3,521.0","3,515.8","3,513.2","3,549.0","3,590.3","3,591.4","3,520.1","3,524.9","3,598.9","3,607.3","3,615.6","3,619.7","3,595.8","3,614.1","3,587.6","3,625.4","3,654.7","3,661.3","3,582.9","3,589.2","3,660.4","3,665.9","3,657.8","3,654.4","3,618.9","3,614.8","3,620.4","3,612.2","3,642.2","3,633.9","3,586.8","3,571.5","3,664.6","3,666.5","3,685.8","3,677.1","3,628.4","3,627.8","3,602.8","3,625.0","3,641.8","3,642.8","3,565.8","3,579.9","3,645.9","3,630.4","3,653.3","3,674.2","3,642.9","3,623.8","3,653.8","3,665.6","3,700.5","3,690.7","3,614.1","3,631.3","3,695.5","3,714.3","3,730.3","3,743.7","3,751.6","3,782.8","3,779.7","3,786.1","3,793.2","3,813.1","3,709.2","3,702.2","3,772.2","3,780.7","3,781.9","3,800.2","3,772.4","3,789.2","3,815.3","3,841.7","3,866.0","3,881.2","3,814.0","3,813.4","3,910.5","3,921.8","3,943.3","3,951.9","3,920.2","3,945.7","3,902.8","3,953.6","3,966.2","3,984.8","3,867.1","3,861.5","3,966.6","3,993.1","4,006.7","4,024.8","3,996.4","3,994.6","3,788.9","3,451.0","3,508.3","3,737.6","3,735.2","3,747.2","3,977.6","3,972.5","3,969.8","3,960.8","3,889.7","3,971.7","3,994.7","3,987.5","3,980.7","4,027.4","3,948.8","3,937.0","4,101.8","4,117.3","4,167.5","4,160.8","4,094.8","4,189.9","4,182.2","4,217.0","4,266.3","4,262.3","4,171.9","4,151.7","4,264.0","4,287.9","4,303.6","4,312.7","4,329.2","4,348.3","4,344.5","4,372.6","4,409.9","4,436.1","4,337.7","4,357.4","4,461.2","4,471.7","4,485.2","4,467.4","4,457.7","4,487.8","4,493.7","4,536.0","4,525.5","4,553.2","4,488.6","4,478.3","4,590.3","4,582.1","4,611.3","4,613.1","4,594.8","4,640.2","4,642.8","4,628.9","4,654.9","4,662.8","4,551.1","4,518.8","4,678.2","4,682.5","4,677.1","4,670.6","4,634.7","4,648.7","4,666.2"
,"45 to 64 years","835.3","843.9","849.9","846.9","858.4","865.8","861.5","873.1","887.8","893.7","883.9","881.4","868.8","850.2","857.6","863.5","864.5","860.7","851.5","861.7","892.9","892.8","872.3","858.9","845.1","851.9","862.7","871.6","893.0","892.5","884.6","886.5","903.3","907.5","912.1","907.5","900.0","917.3","924.8","935.4","936.1","942.8","932.4","925.7","945.9","938.4","948.4","942.8","941.8","937.7","941.4","952.5","961.1","946.1","943.0","943.9","974.0","975.9","966.8","953.1","941.7","965.1","970.6","972.5","990.0","997.1","985.5","988.1","1,016.9","1,009.9","1,007.0","1,002.2","994.6","993.6","998.3","991.2","1,003.6","982.4","961.0","973.0","998.2","990.1","991.3","975.9","969.0","978.0","992.5","1,010.5","1,013.2","1,014.1","992.2","996.6","1,028.1","1,031.3","1,033.3","1,018.2","1,010.9","1,005.4","1,020.0","1,009.8","1,013.1","1,006.7","993.9","1,003.6","1,042.9","1,047.5","1,047.7","1,050.9","1,051.6","1,063.8","1,072.3","1,077.1","1,088.2","1,085.4","1,061.5","1,062.8","1,086.3","1,094.4","1,096.7","1,086.0","1,067.2","1,076.5","1,075.4","1,079.2","1,092.2","1,071.5","1,058.3","1,048.6","1,086.6","1,094.1","1,099.4","1,098.1","1,091.9","1,099.6","1,110.1","1,127.7","1,137.9","1,140.4","1,115.8","1,131.2","1,167.6","1,182.9","1,177.5","1,176.0","1,170.8","1,184.3","1,186.5","1,199.7","1,209.6","1,205.7","1,179.5","1,195.6","1,242.8","1,251.2","1,231.0","1,236.9","1,240.8","1,244.2","1,250.8","1,258.2","1,269.5","1,270.5","1,222.0","1,220.7","1,274.5","1,282.0","1,268.8","1,270.4","1,263.1","1,269.8","1,293.6","1,307.6","1,319.3","1,325.7","1,295.0","1,296.2","1,322.7","1,334.6","1,326.0","1,325.9","1,301.4","1,305.2","1,311.5","1,328.4","1,332.5","1,348.9","1,336.5","1,335.0","1,390.1","1,391.1","1,378.9","1,373.1","1,366.3","1,374.3","1,371.5","1,388.4","1,406.7","1,417.3","1,397.0","1,406.1","1,453.5","1,470.3","1,458.4","1,445.2","1,421.2","1,447.0","1,460.7","1,469.3","1,483.3","1,475.7","1,453.2","1,456.7","1,500.3","1,499.6","1,491.7","1,477.6","1,479.1","1,491.9","1,511.4","1,552.7","1,563.1","1,571.8","1,532.9","1,554.5","1,584.2","1,589.6","1,586.3","1,587.0","1,580.4","1,585.2","1,607.2","1,597.9","1,612.4","1,627.2","1,598.9","1,615.7","1,673.6","1,666.8","1,635.1","1,625.5","1,626.6","1,634.7","1,637.0","1,648.4","1,680.5","1,683.1","1,645.4","1,667.6","1,699.3","1,696.9","1,691.0","1,696.2","1,699.0","1,713.8","1,726.5","1,738.8","1,762.1","1,781.4","1,744.2","1,763.3","1,800.5","1,807.0","1,811.3","1,834.8","1,808.0","1,849.6","1,859.0","1,868.4","1,872.6","1,893.5","1,855.6","1,844.0","1,930.7","1,935.1","1,931.9","1,919.5","1,910.1","1,931.4","1,937.7","1,964.2","1,991.3","1,996.0","1,982.3","1,973.6","2,019.4","2,036.3","2,022.8","2,038.6","2,031.3","2,061.4","2,064.2","2,083.9","2,107.2","2,107.1","2,073.2","2,081.7","2,119.9","2,114.9","2,124.6","2,140.3","2,121.1","2,138.8","2,160.8","2,184.4","2,193.6","2,200.9","2,132.9","2,138.9","2,219.6","2,232.8","2,245.8","2,268.5","2,257.3","2,264.4","2,284.4","2,298.0","2,312.1","2,340.4","2,291.0","2,308.9","2,375.5","2,392.3","2,407.4","2,438.4","2,431.5","2,456.0","2,463.7","2,462.4","2,480.8","2,497.1","2,451.0","2,464.3","2,544.2","2,550.7","2,579.9","2,595.3","2,572.6","2,579.0","2,568.7","2,594.5","2,605.2","2,598.0","2,519.2","2,552.3","2,635.2","2,659.1","2,664.8","2,661.5","2,639.8","2,671.0","2,680.4","2,693.9","2,676.1","2,691.8","2,601.8","2,616.3","2,691.3","2,713.3","2,721.2","2,721.9","2,718.2","2,750.0","2,769.7","2,780.2","2,804.8","2,810.6","2,734.0","2,746.0","2,832.1","2,841.5","2,838.8","2,852.3","2,844.2","2,873.5","2,898.7","2,914.7","2,914.9","2,919.8","2,850.0","2,882.9","2,962.8","2,993.4","2,973.0","2,954.3","2,961.1","2,976.1","2,998.6","3,003.9","3,036.2","3,043.6","2,957.9","2,942.2","3,048.6","3,082.3","3,063.6","3,056.6","3,040.1","3,065.7","3,067.7","3,094.3","3,114.5","3,106.5","3,009.3","3,024.9","3,132.2","3,142.7","3,142.8","3,128.4","3,108.4","3,112.1","3,095.6","3,139.7","3,174.9","3,184.4","3,106.8","3,115.6","3,215.6","3,227.9","3,210.5","3,195.8","3,190.5","3,200.7","3,183.6","3,222.0","3,229.1","3,230.6","3,120.7","3,101.5","3,197.4","3,189.1","3,199.7","3,210.2","3,198.2","3,216.2","3,241.5","3,269.2","3,245.0","3,257.3","3,163.2","3,192.4","3,278.2","3,273.3","3,285.4","3,268.7","3,257.6","3,262.9","3,261.7","3,279.7","3,297.9","3,284.9","3,198.6","3,226.4","3,306.0","3,313.6","3,327.8","3,319.1","3,276.0","3,283.4","3,274.3","3,313.0","3,303.4","3,307.3","3,202.7","3,201.7","3,298.5","3,311.2","3,300.1","3,276.5","3,279.9","3,317.3","3,365.7","3,351.3","3,363.4","3,364.7","3,268.5","3,258.2","3,355.2","3,356.7","3,359.5","3,329.8","3,331.9","3,350.1","3,338.9","3,369.2","3,388.6","3,382.4","3,262.8","3,257.8","3,371.0","3,376.4","3,354.5","3,349.9","3,340.9","3,343.1","3,339.9","3,358.2","3,382.5","3,414.6","3,318.8","3,342.4","3,441.9","3,442.0","3,450.3","3,460.0","3,409.8","3,421.0","3,410.7","3,429.8","3,423.3","3,426.7","3,352.8","3,367.5","3,465.4","3,479.7","3,472.9","3,462.1","3,403.9","3,405.6","3,412.7","3,449.1","3,465.1","3,485.7","3,394.9","3,406.4","3,532.2","3,515.8","3,500.3","3,495.9","3,452.2","3,448.8","3,248.6","2,995.0","3,058.9","3,193.2","3,173.2","3,226.9","3,358.6","3,418.5","3,434.9","3,416.0","3,343.0","3,369.3","3,406.6","3,380.4","3,394.6","3,421.6","3,316.6","3,339.8","3,455.2","3,453.3","3,477.8","3,473.1","3,416.0","3,471.1","3,449.8","3,474.8","3,489.7","3,478.2","3,360.1","3,370.2","3,505.9","3,524.8","3,516.1","3,507.2","3,490.9","3,530.7","3,541.9","3,545.7","3,558.9","3,550.3","3,444.5","3,403.7","3,521.6","3,535.3","3,537.5","3,535.0","3,517.2","3,543.4","3,540.3","3,543.9","3,562.2","3,550.5","3,368.0","3,402.5","3,540.4","3,551.9","3,516.5","3,517.3","3,537.8","3,531.8","3,523.0","3,508.6","3,533.9","3,554.4","3,399.6","3,401.6","3,534.6","3,544.8","3,546.4","3,553.6","3,536.0","3,547.5","3,531.3"
,"45 years and over","879.1","892.0","901.2","894.5","901.6","906.7","899.4","912.5","928.2","934.7","926.2","921.2","909.9","894.5","899.2","903.4","908.4","902.2","895.3","906.0","935.0","934.7","914.8","900.5","889.2","897.5","907.9","917.1","938.6","939.4","927.5","929.5","947.0","950.2","951.7","948.0","942.6","957.7","966.5","976.9","979.0","987.7","977.3","973.3","993.7","984.6","991.4","989.4","986.7","983.0","988.9","999.9","1,008.4","992.7","984.6","985.6","1,017.6","1,019.6","1,017.2","1,003.1","991.3","1,014.9","1,020.2","1,022.8","1,040.2","1,046.9","1,030.7","1,032.8","1,067.0","1,059.7","1,057.0","1,051.3","1,039.6","1,037.2","1,045.5","1,040.3","1,053.6","1,031.2","1,009.6","1,024.6","1,048.9","1,043.6","1,043.7","1,026.4","1,020.0","1,030.5","1,043.1","1,059.9","1,061.5","1,058.7","1,030.5","1,040.6","1,075.4","1,078.3","1,078.9","1,067.0","1,057.5","1,054.3","1,069.0","1,062.1","1,065.8","1,056.8","1,045.6","1,057.8","1,100.1","1,099.6","1,101.0","1,103.5","1,100.8","1,114.5","1,122.4","1,129.5","1,140.0","1,139.0","1,114.3","1,114.1","1,141.9","1,154.5","1,157.3","1,143.8","1,120.0","1,130.9","1,126.3","1,128.8","1,140.5","1,118.9","1,098.8","1,091.2","1,128.9","1,142.0","1,147.4","1,144.2","1,137.9","1,141.9","1,151.9","1,167.7","1,182.4","1,189.3","1,166.1","1,184.7","1,219.1","1,237.9","1,229.0","1,224.8","1,222.8","1,236.4","1,241.6","1,257.8","1,261.1","1,260.3","1,230.6","1,244.6","1,296.9","1,302.3","1,285.8","1,295.5","1,303.4","1,312.0","1,317.4","1,324.0","1,342.2","1,337.9","1,286.3","1,280.3","1,323.9","1,330.7","1,321.6","1,325.9","1,322.8","1,330.5","1,355.0","1,368.2","1,376.5","1,382.2","1,347.5","1,352.2","1,381.2","1,391.1","1,387.5","1,385.4","1,361.2","1,363.4","1,369.9","1,386.4","1,389.9","1,404.9","1,387.0","1,386.5","1,439.3","1,441.4","1,432.1","1,430.4","1,424.3","1,433.6","1,430.9","1,448.1","1,463.0","1,469.4","1,450.8","1,459.3","1,507.6","1,527.7","1,514.7","1,500.2","1,479.2","1,503.0","1,522.3","1,530.7","1,545.2","1,533.3","1,512.8","1,512.7","1,561.1","1,561.2","1,552.9","1,539.8","1,536.5","1,555.0","1,572.3","1,613.1","1,622.2","1,631.0","1,591.1","1,611.4","1,640.5","1,643.4","1,644.8","1,643.4","1,633.2","1,643.0","1,663.6","1,655.3","1,670.9","1,684.5","1,660.7","1,674.3","1,731.1","1,728.7","1,695.5","1,690.7","1,687.7","1,697.9","1,699.0","1,710.7","1,743.2","1,740.9","1,702.0","1,722.7","1,757.6","1,760.7","1,756.1","1,759.0","1,761.1","1,780.0","1,791.1","1,801.4","1,837.3","1,855.7","1,812.9","1,826.5","1,871.1","1,873.3","1,876.6","1,899.6","1,866.0","1,909.3","1,916.0","1,930.5","1,939.7","1,963.3","1,923.0","1,915.3","2,007.2","2,007.5","2,002.9","1,990.5","1,976.6","2,004.7","2,005.6","2,031.4","2,063.8","2,065.7","2,049.1","2,034.0","2,080.5","2,100.5","2,080.9","2,099.5","2,093.0","2,124.0","2,129.1","2,153.4","2,172.4","2,176.8","2,137.3","2,142.3","2,184.2","2,173.9","2,189.2","2,207.2","2,182.2","2,198.3","2,218.0","2,241.7","2,255.0","2,262.4","2,195.2","2,211.2","2,298.8","2,312.3","2,320.7","2,342.5","2,332.9","2,338.7","2,362.9","2,372.3","2,387.5","2,415.8","2,359.0","2,378.2","2,450.4","2,469.9","2,489.4","2,522.7","2,515.9","2,544.4","2,550.3","2,549.0","2,564.9","2,585.3","2,529.9","2,544.6","2,633.1","2,642.8","2,672.9","2,688.2","2,666.5","2,674.1","2,658.0","2,683.1","2,690.8","2,683.9","2,611.9","2,641.2","2,723.8","2,755.1","2,767.4","2,765.0","2,730.4","2,769.6","2,781.9","2,799.3","2,780.0","2,795.1","2,708.6","2,723.0","2,799.4","2,822.2","2,831.1","2,830.9","2,823.1","2,859.6","2,886.6","2,890.7","2,911.2","2,917.3","2,842.9","2,851.3","2,941.1","2,948.5","2,952.2","2,960.2","2,957.1","2,987.8","3,014.7","3,030.9","3,024.5","3,034.1","2,961.3","2,995.1","3,083.0","3,119.5","3,108.8","3,087.4","3,098.8","3,124.2","3,147.7","3,150.0","3,189.1","3,194.5","3,105.3","3,084.0","3,195.6","3,238.9","3,207.5","3,205.6","3,177.6","3,210.5","3,208.8","3,239.3","3,267.6","3,261.8","3,159.7","3,175.8","3,288.3","3,301.5","3,298.2","3,291.5","3,268.3","3,273.7","3,262.2","3,308.7","3,345.1","3,354.7","3,272.5","3,289.6","3,396.1","3,408.7","3,385.1","3,371.3","3,374.3","3,383.5","3,366.6","3,409.8","3,413.7","3,416.5","3,305.6","3,278.8","3,386.2","3,379.7","3,398.2","3,403.9","3,405.3","3,420.8","3,444.6","3,470.0","3,448.3","3,474.4","3,360.4","3,392.4","3,484.8","3,492.0","3,513.8","3,485.5","3,483.4","3,483.9","3,489.8","3,510.6","3,526.3","3,521.6","3,413.0","3,446.3","3,537.3","3,550.9","3,562.8","3,558.1","3,520.4","3,532.5","3,525.1","3,561.7","3,551.6","3,565.8","3,445.3","3,435.1","3,541.9","3,557.6","3,541.2","3,519.7","3,537.4","3,569.3","3,612.6","3,603.8","3,611.4","3,610.0","3,507.6","3,506.7","3,621.0","3,636.3","3,637.1","3,607.4","3,602.9","3,626.5","3,609.4","3,631.9","3,651.8","3,664.2","3,540.0","3,534.4","3,670.4","3,670.1","3,645.2","3,645.3","3,624.6","3,619.8","3,620.2","3,633.7","3,668.9","3,707.1","3,616.4","3,640.1","3,754.1","3,747.0","3,760.8","3,773.2","3,733.4","3,737.0","3,715.9","3,742.5","3,741.0","3,743.0","3,657.1","3,659.0","3,777.0","3,798.6","3,795.7","3,799.4","3,755.1","3,767.5","3,771.9","3,796.9","3,822.1","3,820.6","3,712.3","3,740.4","3,880.6","3,870.0","3,836.7","3,839.2","3,797.3","3,793.3","3,564.6","3,288.5","3,352.3","3,496.0","3,460.2","3,518.2","3,664.6","3,734.8","3,763.0","3,732.3","3,656.7","3,693.8","3,749.0","3,715.4","3,732.1","3,765.7","3,645.5","3,661.2","3,779.9","3,780.2","3,808.8","3,814.9","3,758.4","3,840.4","3,830.3","3,870.2","3,888.0","3,882.7","3,741.0","3,752.5","3,894.9","3,920.2","3,907.8","3,895.5","3,882.0","3,930.3","3,941.6","3,953.8","3,971.6","3,957.7","3,835.2","3,805.9","3,940.1","3,952.9","3,967.5","3,963.7","3,948.7","3,972.0","3,972.4","3,977.3","3,994.8","3,991.8","3,795.0","3,823.4","3,973.8","3,975.6","3,955.7","3,968.8","3,970.6","3,977.5","3,979.3","3,994.7","4,015.1","4,030.0","3,857.4","3,864.0","3,989.7","3,998.3","4,008.5","4,015.7","3,997.0","4,022.6","3,993.8"
,"25 to 54 years","2,043.5","2,063.3","2,092.6","2,093.3","2,114.8","2,122.9","2,084.4","2,077.0","2,144.3","2,178.7","2,186.6","2,181.4","2,129.5","2,174.2","2,193.1","2,194.0","2,222.4","2,222.5","2,160.4","2,156.5","2,229.3","2,245.2","2,239.2","2,251.7","2,215.3","2,254.3","2,293.0","2,306.3","2,338.4","2,337.8","2,310.2","2,315.1","2,398.9","2,429.0","2,426.2","2,428.8","2,390.7","2,424.2","2,438.6","2,448.8","2,469.1","2,468.7","2,450.8","2,470.0","2,519.0","2,557.5","2,576.3","2,568.4","2,556.0","2,575.0","2,603.4","2,628.6","2,633.0","2,636.3","2,601.6","2,615.8","2,702.0","2,736.8","2,726.8","2,715.9","2,700.2","2,753.1","2,777.5","2,787.6","2,828.0","2,838.7","2,779.7","2,790.7","2,876.7","2,897.9","2,891.0","2,860.9","2,840.9","2,856.7","2,875.5","2,857.0","2,884.0","2,878.4","2,825.0","2,819.6","2,884.4","2,890.8","2,880.5","2,870.8","2,839.2","2,874.9","2,916.5","2,952.5","2,995.3","3,011.3","2,971.4","2,972.4","3,065.0","3,068.4","3,068.9","3,055.2","3,009.5","3,050.6","3,070.7","3,080.0","3,124.0","3,133.0","3,084.7","3,091.7","3,187.2","3,193.6","3,206.3","3,201.4","3,199.2","3,219.6","3,246.3","3,268.3","3,304.5","3,303.9","3,253.3","3,264.1","3,374.3","3,385.5","3,383.5","3,399.6","3,394.4","3,428.2","3,453.4","3,470.8","3,488.3","3,476.5","3,416.7","3,433.9","3,542.9","3,568.2","3,559.9","3,548.8","3,519.1","3,550.9","3,581.9","3,605.3","3,649.4","3,670.6","3,597.2","3,602.6","3,713.9","3,747.4","3,754.1","3,763.4","3,722.6","3,785.6","3,810.1","3,837.5","3,860.8","3,898.1","3,806.2","3,818.0","3,907.6","3,963.0","3,947.1","3,961.3","3,940.1","3,966.9","3,993.3","4,007.3","4,038.3","4,042.9","3,970.6","3,999.6","4,111.7","4,145.6","4,144.9","4,150.5","4,114.5","4,152.5","4,165.0","4,199.7","4,217.1","4,236.2","4,155.3","4,147.5","4,246.5","4,259.8","4,242.8","4,217.4","4,174.9","4,186.4","4,202.3","4,245.5","4,266.1","4,279.9","4,187.5","4,195.2","4,286.9","4,299.2","4,277.9","4,263.3","4,217.5","4,264.6","4,242.7","4,271.5","4,297.4","4,305.7","4,215.7","4,203.5","4,297.3","4,305.9","4,296.4","4,292.1","4,242.1","4,273.4","4,271.9","4,280.7","4,345.7","4,378.6","4,268.6","4,290.8","4,412.0","4,410.3","4,395.2","4,371.5","4,319.4","4,353.1","4,345.9","4,369.1","4,416.6","4,444.4","4,368.1","4,372.6","4,500.6","4,525.0","4,524.7","4,531.3","4,479.6","4,505.0","4,523.6","4,529.4","4,562.3","4,568.7","4,477.5","4,477.9","4,610.6","4,605.1","4,576.1","4,590.1","4,550.3","4,576.2","4,575.0","4,600.4","4,633.3","4,635.8","4,556.5","4,559.4","4,674.7","4,670.7","4,669.8","4,682.9","4,653.3","4,671.0","4,696.4","4,736.6","4,774.3","4,790.6","4,717.9","4,728.5","4,834.6","4,833.5","4,828.6","4,835.3","4,780.9","4,811.8","4,842.4","4,874.6","4,906.2","4,906.2","4,817.0","4,824.6","4,922.5","4,937.7","4,937.3","4,944.6","4,893.3","4,915.2","4,931.8","4,952.4","4,995.7","5,019.4","4,929.0","4,954.0","5,044.7","5,055.7","5,043.8","5,034.1","4,979.9","5,021.2","5,050.1","5,069.6","5,110.0","5,131.9","4,999.5","5,001.4","5,106.5","5,121.9","5,117.0","5,124.7","5,074.7","5,101.0","5,118.6","5,157.1","5,197.8","5,186.2","5,065.7","5,060.6","5,166.2","5,163.3","5,171.5","5,154.7","5,139.6","5,155.4","5,183.7","5,214.4","5,261.4","5,279.9","5,165.7","5,173.9","5,314.5","5,297.7","5,292.3","5,307.4","5,219.3","5,247.8","5,257.6","5,268.8","5,303.6","5,325.3","5,229.4","5,227.4","5,333.3","5,370.1","5,355.2","5,376.3","5,308.2","5,360.5","5,370.7","5,391.4","5,431.9","5,443.7","5,285.6","5,273.6","5,383.6","5,376.9","5,378.4","5,397.6","5,359.1","5,370.9","5,370.2","5,384.8","5,396.9","5,423.8","5,290.0","5,281.1","5,399.4","5,416.2","5,423.1","5,408.8","5,393.5","5,384.8","5,388.9","5,436.9","5,476.9","5,473.1","5,342.6","5,333.8","5,471.5","5,491.1","5,473.3","5,512.0","5,487.2","5,487.7","5,507.2","5,521.4","5,552.9","5,572.7","5,451.3","5,456.6","5,577.9","5,601.9","5,576.3","5,568.1","5,518.6","5,534.7","5,500.1","5,538.1","5,588.4","5,589.7","5,452.2","5,462.6","5,600.4","5,624.4","5,605.3","5,610.8","5,524.9","5,538.4","5,534.6","5,548.5","5,559.5","5,534.4","5,382.2","5,397.9","5,571.3","5,564.0","5,601.1","5,580.9","5,541.2","5,537.0","5,548.7","5,574.3","5,611.6","5,613.2","5,456.0","5,469.3","5,584.4","5,571.0","5,572.6","5,567.1","5,556.1","5,558.4","5,547.8","5,585.0","5,585.1","5,602.9","5,467.4","5,479.3","5,602.8","5,600.7","5,587.7","5,605.8","5,565.7","5,555.5","5,561.1","5,612.1","5,635.7","5,653.0","5,536.2","5,542.2","5,669.7","5,676.2","5,693.3","5,678.7","5,634.8","5,638.4","5,609.8","5,653.8","5,683.7","5,701.3","5,571.3","5,588.4","5,698.2","5,708.5","5,709.7","5,686.0","5,616.4","5,619.5","5,621.0","5,621.6","5,649.2","5,631.0","5,527.9","5,522.1","5,664.3","5,685.9","5,694.3","5,665.3","5,618.6","5,632.8","5,632.5","5,655.0","5,676.9","5,679.8","5,560.0","5,551.6","5,674.1","5,641.2","5,667.6","5,658.0","5,629.1","5,616.5","5,631.0","5,660.0","5,698.9","5,685.9","5,542.6","5,539.6","5,654.1","5,668.8","5,683.0","5,695.5","5,697.4","5,723.2","5,723.4","5,738.7","5,765.8","5,794.0","5,637.7","5,633.4","5,762.8","5,756.3","5,744.8","5,755.2","5,709.9","5,736.9","5,769.2","5,806.3","5,816.3","5,832.7","5,725.1","5,734.4","5,867.7","5,879.9","5,893.9","5,911.4","5,866.0","5,898.1","5,850.6","5,910.0","5,940.2","5,950.2","5,786.4","5,783.7","5,957.3","5,947.4","5,950.7","5,978.3","5,926.4","5,912.3","5,599.2","5,138.5","5,242.2","5,539.8","5,517.8","5,554.4","5,857.8","5,881.6","5,885.7","5,868.3","5,752.9","5,840.2","5,871.7","5,854.7","5,870.3","5,928.0","5,797.4","5,796.2","6,024.6","6,050.4","6,113.0","6,111.5","6,017.0","6,138.7","6,107.9","6,166.0","6,224.7","6,221.0","6,060.5","6,058.9","6,229.5","6,258.9","6,275.3","6,282.4","6,292.5","6,305.1","6,320.4","6,341.2","6,386.7","6,410.2","6,246.7","6,274.2","6,440.9","6,459.3","6,470.4","6,456.7","6,441.2","6,490.2","6,487.9","6,539.2","6,520.9","6,547.2","6,391.4","6,409.5","6,590.5","6,586.3","6,607.3","6,602.6","6,604.9","6,652.0","6,641.8","6,611.5","6,652.9","6,678.3","6,504.5","6,465.9","6,714.7","6,714.7","6,718.6","6,699.7","6,643.7","6,668.3","6,673.1"
,"55 years and over","328.1","335.3","339.2","340.7","341.8","336.7","337.7","350.8","353.5","351.0","346.4","348.4","345.3","338.6","339.6","339.9","346.5","338.8","346.6","351.2","356.9","358.8","349.3","342.4","339.6","342.6","340.1","347.6","350.2","356.8","354.8","358.4","362.1","358.8","360.8","359.0","364.3","374.8","381.7","383.7","383.8","391.2","383.1","374.8","388.1","384.1","384.2","384.0","385.1","382.0","384.6","385.9","397.3","387.9","381.5","368.9","380.2","388.6","391.7","386.6","379.9","390.1","392.6","392.8","405.4","400.7","390.5","395.8","412.8","403.8","405.1","402.6","395.4","395.8","398.9","403.2","411.6","397.9","390.2","400.7","403.6","408.5","408.9","397.7","397.8","397.8","401.6","406.2","401.1","396.3","377.6","389.2","400.4","410.1","404.5","406.7","405.3","403.3","415.5","408.4","405.8","401.7","399.1","400.9","414.1","414.5","414.1","416.0","412.2","423.1","421.1","427.5","424.9","427.1","417.0","413.8","419.9","428.5","437.1","428.6","413.6","419.5","420.3","417.8","424.7","419.1","410.3","402.2","410.5","416.3","416.3","417.4","412.3","417.1","420.1","429.3","434.0","426.5","428.8","428.6","442.0","448.4","435.6","439.5","440.1","446.6","443.1","453.9","453.9","444.8","436.7","433.8","463.8","452.4","442.0","446.9","447.4","454.1","451.8","452.5","459.6","462.5","440.6","431.1","440.6","440.6","441.1","444.7","452.6","443.3","449.3","461.8","460.6","460.5","449.7","458.9","469.1","465.1","457.5","457.3","439.0","440.1","446.3","451.4","452.1","454.4","441.0","446.3","459.0","457.5","448.8","446.1","451.7","445.5","438.4","446.2","448.3","447.5","440.5","451.1","463.4","472.1","465.8","456.6","452.2","457.7","464.2","470.9","458.4","451.0","450.7","442.1","451.0","455.8","464.1","448.7","451.2","460.0","471.9","484.0","481.8","489.2","475.3","483.4","484.9","480.4","478.9","476.1","471.2","474.4","472.8","462.7","470.9","473.9","467.7","472.2","486.0","489.7","480.3","477.2","478.6","485.4","486.1","484.6","496.1","498.9","479.8","486.1","488.8","489.3","488.6","478.5","476.3","494.5","499.7","501.5","511.3","517.3","501.8","502.5","512.8","517.9","524.8","528.6","509.1","534.6","532.0","534.0","531.7","546.9","537.2","540.0","569.4","568.4","571.3","563.1","549.1","567.4","566.9","579.4","580.3","571.5","566.7","560.1","577.8","580.8","581.2","599.5","604.3","606.6","602.6","617.0","609.1","606.4","595.9","608.0","612.7","621.6","633.4","634.6","618.4","618.8","632.5","630.8","629.9","632.8","615.9","629.3","658.7","664.9","665.8","686.4","686.4","678.6","683.9","685.5","688.8","695.3","681.8","707.1","729.6","756.3","767.9","791.9","798.3","807.5","811.6","803.8","812.0","819.3","790.2","798.3","841.3","846.1","868.3","881.1","866.4","867.7","848.3","866.6","870.7","853.9","845.4","853.9","893.6","908.3","924.4","916.8","888.2","913.1","922.0","935.4","939.8","932.6","916.7","924.7","944.2","959.7","959.9","962.6","949.9","976.0","989.6","982.3","992.8","989.2","976.1","963.2","1,008.3","1,001.1","1,017.1","1,014.6","1,020.9","1,041.0","1,053.3","1,070.6","1,051.8","1,049.6","1,022.3","1,034.7","1,078.0","1,102.0","1,112.4","1,106.2","1,119.3","1,134.0","1,159.0","1,151.0","1,158.6","1,157.7","1,117.5","1,096.6","1,145.9","1,178.3","1,164.1","1,168.3","1,163.2","1,188.8","1,197.2","1,211.1","1,228.7","1,238.1","1,192.5","1,188.4","1,241.4","1,246.4","1,235.3","1,235.0","1,226.2","1,237.6","1,242.8","1,251.9","1,270.7","1,289.4","1,259.4","1,259.6","1,318.0","1,333.7","1,335.7","1,327.4","1,337.0","1,340.4","1,318.4","1,348.1","1,346.5","1,348.7","1,298.9","1,282.2","1,327.4","1,322.9","1,335.5","1,351.8","1,360.5","1,381.1","1,396.6","1,406.9","1,403.0","1,412.8","1,344.2","1,375.1","1,414.0","1,423.1","1,436.1","1,426.5","1,444.4","1,459.6","1,467.6","1,482.1","1,497.4","1,481.6","1,424.6","1,447.0","1,499.5","1,508.3","1,510.9","1,526.5","1,522.9","1,527.8","1,524.6","1,552.2","1,544.6","1,568.7","1,504.1","1,484.4","1,542.2","1,538.2","1,532.7","1,531.4","1,547.2","1,564.3","1,583.0","1,573.7","1,576.3","1,573.0","1,513.3","1,535.1","1,592.8","1,625.5","1,622.8","1,623.6","1,616.8","1,633.8","1,632.2","1,637.5","1,653.3","1,669.0","1,611.5","1,626.1","1,711.9","1,715.6","1,692.5","1,693.5","1,678.8","1,679.4","1,676.6","1,681.1","1,696.3","1,726.2","1,687.9","1,708.9","1,763.5","1,771.4","1,797.9","1,818.3","1,796.0","1,789.3","1,762.0","1,777.9","1,790.7","1,791.5","1,746.0","1,738.1","1,819.8","1,840.6","1,845.1","1,839.9","1,809.3","1,815.1","1,824.1","1,840.6","1,848.1","1,855.2","1,792.9","1,818.3","1,889.9","1,915.7","1,892.7","1,885.7","1,867.2","1,875.6","1,754.3","1,601.0","1,618.4","1,693.7","1,677.6","1,711.0","1,784.4","1,825.6","1,847.1","1,824.8","1,793.5","1,825.2","1,872.1","1,848.1","1,842.6","1,865.1","1,796.8","1,801.9","1,857.1","1,847.2","1,863.3","1,864.2","1,836.2","1,891.7","1,904.6","1,921.2","1,929.7","1,924.0","1,852.4","1,845.3","1,929.4","1,949.1","1,936.2","1,925.8","1,918.7","1,973.5","1,965.6","1,985.2","1,994.8","1,983.7","1,926.2","1,889.1","1,960.3","1,965.3","1,982.3","1,974.4","1,965.2","1,969.5","1,978.2","1,974.2","1,999.3","1,997.7","1,892.2","1,892.1","1,973.5","1,971.3","1,959.6","1,979.3","1,960.5","1,965.7","1,980.3","2,012.0","2,017.1","2,014.5","1,904.0","1,916.9","1,953.2","1,966.1","1,967.0","1,986.5","1,987.9","2,003.0","1,986.9"
,"15 to 64 years","3,402.1","3,432.8","3,483.1","3,494.6","3,577.7","3,652.8","3,705.8","3,695.7","3,589.4","3,618.5","3,619.2","3,631.3","3,539.9","3,577.8","3,612.3","3,618.9","3,705.8","3,755.3","3,808.5","3,787.1","3,694.7","3,719.9","3,706.2","3,716.8","3,634.8","3,691.8","3,741.0","3,763.5","3,838.3","3,909.5","4,001.1","3,991.5","3,904.6","3,951.7","3,946.7","3,951.1","3,875.2","3,939.6","3,986.0","3,996.4","4,072.0","4,136.7","4,231.7","4,234.5","4,117.4","4,180.1","4,192.6","4,186.5","4,131.1","4,146.7","4,200.8","4,231.8","4,290.1","4,377.0","4,421.8","4,413.0","4,334.7","4,376.3","4,360.6","4,343.6","4,292.7","4,370.9","4,399.7","4,418.4","4,549.3","4,649.7","4,660.2","4,652.7","4,536.4","4,545.7","4,526.2","4,489.6","4,415.8","4,431.5","4,457.6","4,441.4","4,507.0","4,551.6","4,564.5","4,523.5","4,414.2","4,430.9","4,417.1","4,409.5","4,333.0","4,374.8","4,435.0","4,468.5","4,566.4","4,662.3","4,710.3","4,697.2","4,603.3","4,627.2","4,612.8","4,609.6","4,506.8","4,567.3","4,607.6","4,603.9","4,716.6","4,778.6","4,829.7","4,805.2","4,712.6","4,732.1","4,751.9","4,760.7","4,706.3","4,748.0","4,789.0","4,807.6","4,910.0","4,961.3","5,018.4","5,016.6","4,928.7","4,967.7","4,969.0","4,993.0","4,919.9","4,964.4","4,992.9","5,032.1","5,113.4","5,213.0","5,228.0","5,204.6","5,094.2","5,117.8","5,104.3","5,102.9","5,027.6","5,082.1","5,128.4","5,169.1","5,278.8","5,352.5","5,380.3","5,373.7","5,284.4","5,338.2","5,334.4","5,369.4","5,266.2","5,341.3","5,368.7","5,405.7","5,509.0","5,576.2","5,592.1","5,563.9","5,489.3","5,554.2","5,522.5","5,545.3","5,498.5","5,518.3","5,555.5","5,565.9","5,649.0","5,716.2","5,733.9","5,735.1","5,653.8","5,695.8","5,688.3","5,706.7","5,616.7","5,664.4","5,667.3","5,709.5","5,788.6","5,874.9","5,882.3","5,853.0","5,750.5","5,763.8","5,725.7","5,712.5","5,598.6","5,631.0","5,643.5","5,680.2","5,786.7","5,847.6","5,850.6","5,839.7","5,742.9","5,766.5","5,720.7","5,718.0","5,610.6","5,664.5","5,633.4","5,661.1","5,747.1","5,823.5","5,805.2","5,789.4","5,696.7","5,730.2","5,702.4","5,702.9","5,586.3","5,635.6","5,649.3","5,646.9","5,749.0","5,850.5","5,822.7","5,809.4","5,779.7","5,787.1","5,787.8","5,762.5","5,651.7","5,704.1","5,729.8","5,740.2","5,867.8","5,956.5","5,959.6","5,940.7","5,923.5","5,931.6","5,938.2","5,958.3","5,859.9","5,876.3","5,897.2","5,900.1","6,012.0","6,083.3","6,059.6","6,043.0","6,006.7","6,021.9","5,968.3","5,981.0","5,893.4","5,946.6","5,949.9","5,976.3","6,097.4","6,146.5","6,133.5","6,123.5","6,050.6","6,048.6","6,048.7","6,066.0","5,977.8","6,019.0","6,053.6","6,093.8","6,180.3","6,272.9","6,265.8","6,285.9","6,199.7","6,207.7","6,212.4","6,237.4","6,119.4","6,192.1","6,234.3","6,281.2","6,372.7","6,446.1","6,458.3","6,464.4","6,416.1","6,450.7","6,454.1","6,470.9","6,369.0","6,395.3","6,415.3","6,450.4","6,567.7","6,644.5","6,646.3","6,645.6","6,583.1","6,595.2","6,596.7","6,625.3","6,529.2","6,588.7","6,614.0","6,633.7","6,768.2","6,847.4","6,797.6","6,797.7","6,750.6","6,783.4","6,782.2","6,803.0","6,699.5","6,715.9","6,763.7","6,794.8","6,918.1","6,948.4","6,915.8","6,885.7","6,832.2","6,851.7","6,871.5","6,886.9","6,828.8","6,833.0","6,875.3","6,922.8","7,050.5","7,140.8","7,119.8","7,152.9","7,100.0","7,133.9","7,149.9","7,193.4","7,061.7","7,114.5","7,133.9","7,121.0","7,247.6","7,346.5","7,299.1","7,289.7","7,225.5","7,286.1","7,304.7","7,364.5","7,209.5","7,255.2","7,264.9","7,289.0","7,440.0","7,524.0","7,426.1","7,381.2","7,352.5","7,369.9","7,383.9","7,414.0","7,306.9","7,349.0","7,339.7","7,376.0","7,486.1","7,565.2","7,498.5","7,481.4","7,416.6","7,468.8","7,497.2","7,496.8","7,441.9","7,455.8","7,471.8","7,511.5","7,683.0","7,735.6","7,659.7","7,610.8","7,582.5","7,636.9","7,629.8","7,688.2","7,612.2","7,654.9","7,694.2","7,701.0","7,822.2","7,891.8","7,851.6","7,842.9","7,788.4","7,859.2","7,828.4","7,844.1","7,745.7","7,794.5","7,782.9","7,816.1","7,957.5","8,025.1","7,914.9","7,892.7","7,864.2","7,923.7","7,893.1","7,911.1","7,765.7","7,807.0","7,813.3","7,837.5","7,943.9","7,985.8","7,848.8","7,846.1","7,858.9","7,848.6","7,895.1","7,892.7","7,811.6","7,833.1","7,841.0","7,872.8","8,006.5","8,102.4","7,982.5","7,941.3","7,905.6","7,935.9","7,948.9","7,969.4","7,902.9","7,927.7","7,899.1","7,942.7","8,058.7","8,120.5","8,014.3","7,992.4","7,943.0","7,952.5","7,952.0","7,997.2","7,894.3","7,916.5","7,958.3","8,029.9","8,111.8","8,163.4","8,093.7","8,091.9","8,071.2","8,099.8","8,119.8","8,147.6","8,063.0","8,102.2","8,069.9","8,110.5","8,230.5","8,288.3","8,178.4","8,178.4","8,150.3","8,159.0","8,171.5","8,158.7","8,042.1","8,060.4","8,072.4","8,105.2","8,225.1","8,300.3","8,216.7","8,153.8","8,169.2","8,180.9","8,186.4","8,164.7","8,073.0","8,119.9","8,157.6","8,151.8","8,271.7","8,320.9","8,223.9","8,203.6","8,190.7","8,203.0","8,206.3","8,211.1","8,120.4","8,140.4","8,183.8","8,214.1","8,336.8","8,394.7","8,253.4","8,237.1","8,236.1","8,287.8","8,282.1","8,290.4","8,267.8","8,290.6","8,306.5","8,320.8","8,477.0","8,570.9","8,454.7","8,405.1","8,405.1","8,445.1","8,460.6","8,500.8","8,370.4","8,394.9","8,432.7","8,464.6","8,567.7","8,649.3","8,606.8","8,582.3","8,563.8","8,616.1","8,615.9","8,633.0","8,523.1","8,574.1","8,539.8","8,647.6","8,764.9","8,857.5","8,708.9","8,703.8","8,735.9","8,760.8","8,746.9","8,779.2","8,665.9","8,677.4","8,009.7","7,180.6","7,387.2","7,987.5","8,112.6","8,212.0","8,445.1","8,513.4","8,517.2","8,473.0","8,210.5","8,371.7","8,488.9","8,425.7","8,493.8","8,740.1","8,652.5","8,665.7","8,791.1","8,825.9","8,905.0","8,905.6","8,681.2","8,905.0","8,888.8","8,935.7","9,130.2","9,155.6","9,010.9","8,943.1","8,978.1","9,041.7","9,071.6","9,104.9","9,078.2","9,138.3","9,164.7","9,188.2","9,300.3","9,361.2","9,231.4","9,202.0","9,232.4","9,254.5","9,255.6","9,262.2","9,197.6","9,266.2","9,281.6","9,326.8","9,458.1","9,511.1","9,341.7","9,329.1","9,398.8","9,411.2","9,400.0","9,414.0","9,385.2","9,428.1","9,432.9","9,403.6","9,521.7","9,625.0","9,435.8","9,370.7","9,437.6","9,501.6","9,506.7","9,506.3","9,435.4","9,441.1","9,454.5"
,"15 to 19 years","423.0","421.3","443.6","438.4","465.2","502.9","588.6","579.5","440.8","441.4","437.2","444.8","412.6","411.9","420.1","424.5","451.7","482.6","587.9","580.7","447.5","455.6","455.5","453.7","420.6","432.8","437.1","441.6","460.2","499.3","597.9","586.6","450.6","461.4","457.5","461.4","440.0","452.0","460.8","462.8","493.4","528.8","643.6","639.7","495.2","505.4","502.8","507.1","479.4","475.2","485.3","491.9","505.5","563.3","645.9","639.9","501.1","496.2","493.8","497.6","475.4","476.9","487.5","487.3","521.5","581.7","659.1","637.0","483.4","490.9","484.8","478.1","444.7","439.7","445.7","446.5","456.0","502.6","583.6","552.7","416.5","420.1","416.3","420.1","392.0","392.5","397.8","393.4","411.9","462.5","552.4","551.9","404.0","410.3","405.5","407.5","371.7","381.7","377.5","383.1","414.4","446.9","537.9","528.3","393.2","399.2","399.2","409.5","369.8","385.7","390.0","390.4","416.8","445.4","544.5","542.1","390.1","410.3","412.8","424.6","392.2","393.1","384.3","403.9","427.7","502.1","567.8","542.7","387.8","396.8","393.6","405.1","383.1","392.9","403.4","406.4","439.4","477.0","565.7","564.7","413.2","431.8","431.4","446.3","413.5","414.2","425.0","423.5","460.3","490.0","594.3","576.9","441.7","449.5","444.6","457.1","437.7","428.6","433.4","440.6","466.1","491.7","584.6","576.3","432.2","439.3","447.0","464.0","419.0","433.1","416.4","410.2","442.1","482.7","572.6","555.1","419.7","425.1","425.3","435.3","403.7","406.0","398.7","389.7","420.0","449.3","530.3","517.0","396.6","410.5","397.1","403.5","360.0","368.9","374.4","372.1","395.6","425.9","493.7","493.9","355.5","365.1","360.8","379.8","338.2","346.2","357.2","355.9","374.5","415.8","476.1","462.0","357.2","356.4","363.2","375.9","349.3","348.4","357.8","351.7","385.6","399.2","484.1","467.0","379.6","366.6","365.1","371.2","351.3","342.9","351.7","357.0","387.2","414.7","485.6","481.6","367.6","373.0","375.8","378.4","352.3","362.2","356.6","354.9","375.3","390.6","458.3","442.4","340.4","348.1","345.6","356.2","330.9","330.6","326.6","332.2","346.4","377.4","438.6","434.7","334.7","337.7","332.7","347.4","321.3","330.3","327.5","339.7","364.1","393.4","477.9","479.3","373.3","382.7","382.3","400.8","372.5","365.5","366.7","371.0","403.4","425.2","507.9","490.2","395.5","394.8","396.9","406.3","374.4","389.2","395.4","389.1","430.6","467.7","534.5","524.7","433.0","436.2","432.1","444.0","415.5","395.1","409.2","414.6","451.9","459.2","548.7","523.1","418.9","426.7","435.1","438.3","417.7","416.0","432.0","433.8","474.9","487.5","568.6","575.4","447.7","462.8","475.2","471.9","435.2","448.5","444.4","435.5","468.9","498.7","556.2","550.9","436.7","446.5","444.3","467.7","421.6","418.8","423.2","419.6","466.9","500.3","573.5","554.8","443.5","457.4","468.2","472.9","442.7","442.8","438.7","454.1","478.2","492.8","574.4","558.6","453.8","466.9","478.9","490.6","469.4","468.9","459.7","461.4","511.9","541.0","602.9","593.6","464.2","493.8","492.5","503.4","485.9","492.8","488.9","484.3","531.2","560.5","652.0","626.3","501.6","514.8","517.0","529.1","503.0","512.5","510.8","519.2","545.3","579.9","634.9","634.2","515.9","528.9","515.6","525.1","479.2","481.9","475.6","478.4","511.6","535.8","584.6","572.9","458.2","461.6","461.8","480.9","464.2","466.5","458.0","465.0","499.8","523.7","578.0","553.2","436.6","456.2","459.8","480.1","455.5","461.1","460.9","443.0","493.8","505.4","565.5","556.3","442.4","442.4","454.3","460.4","419.0","414.4","419.2","432.8","445.8","465.8","530.6","518.1","436.6","443.4","431.7","448.0","428.5","435.0","426.0","424.8","441.5","472.4","534.3","511.9","411.1","413.4","416.5","422.7","400.7","407.4","403.8","396.7","440.9","473.9","540.2","509.9","423.4","429.0","420.4","430.2","405.2","413.5","407.2","394.4","443.9","469.9","519.2","504.6","424.6","433.2","425.7","424.2","403.0","408.7","424.7","410.6","448.4","473.1","520.7","505.1","397.2","405.2","416.5","409.9","409.1","405.9","412.1","399.3","464.5","474.9","541.9","508.4","415.2","439.0","439.4","443.9","418.1","422.0","423.0","421.4","461.0","482.8","547.6","517.7","412.7","424.7","421.2","435.2","416.6","429.8","422.3","441.6","470.6","495.2","555.3","524.4","424.7","427.1","414.5","430.7","418.7","421.8","312.7","230.5","263.6","380.0","467.2","473.5","395.7","400.2","379.9","380.0","318.6","342.2","361.9","342.5","390.4","458.2","535.6","548.2","451.9","463.7","463.3","471.9","401.6","434.1","440.1","447.7","493.9","504.9","579.2","564.0","450.4","458.9","461.3","476.1","453.1","437.8","453.0","457.3","481.3","490.7","561.9","553.0","420.9","432.7","424.5","444.8","408.9","404.9","406.3","412.6","460.5","486.5","529.2","523.1","413.1","403.6","411.8","420.6","414.4","406.8","411.1","415.5","441.1","468.2","533.6","525.3","400.3","412.0","411.6","412.6","399.5","385.8","385.9"
,"20 to 24 years","651.4","660.9","659.0","669.8","699.1","731.2","733.0","727.8","691.3","688.5","691.3","696.5","693.5","697.3","701.1","700.3","729.0","752.9","757.5","742.9","703.1","702.1","704.8","710.5","703.4","707.7","715.9","713.6","735.1","762.5","781.1","774.4","736.7","745.2","741.8","742.3","722.9","728.9","746.5","742.6","768.6","793.0","799.0","797.7","763.0","779.3","772.3","773.6","755.4","759.7","775.0","772.8","801.7","836.0","834.4","830.0","795.1","798.5","798.7","793.5","786.7","800.6","791.7","800.9","844.5","878.4","876.1","873.9","813.5","802.8","795.3","797.1","779.9","782.8","784.6","783.9","805.4","821.5","814.3","802.1","760.3","765.0","763.8","771.4","755.1","761.9","769.9","765.9","806.4","836.9","847.2","827.8","781.2","785.3","779.5","789.0","766.9","780.6","793.0","784.7","825.0","847.1","859.8","838.4","775.4","776.9","785.6","786.4","774.3","770.2","781.8","773.9","815.6","838.5","856.3","847.9","800.0","803.4","796.3","798.1","772.4","778.0","785.7","789.2","821.1","862.8","873.7","868.4","795.3","784.4","782.4","777.6","759.0","763.5","764.9","768.1","800.5","827.3","838.9","831.3","766.8","765.5","764.7","769.1","742.1","747.1","745.5","748.9","785.5","798.0","806.1","784.3","730.3","740.4","743.6","738.6","735.9","736.5","743.5","731.2","757.7","786.4","802.3","787.8","718.7","719.1","708.0","703.0","690.2","696.2","698.1","698.5","726.0","751.9","757.2","747.5","673.7","670.4","661.7","661.9","640.7","656.8","654.6","651.6","705.9","720.0","742.3","732.7","649.5","649.5","650.1","662.3","639.4","644.8","637.3","631.0","662.2","696.6","709.1","694.0","634.6","644.4","635.6","629.4","611.8","614.3","617.6","600.9","632.2","662.5","686.9","670.5","620.3","626.2","626.6","628.6","589.2","605.7","615.0","595.8","642.9","683.1","690.4","674.7","614.7","613.4","628.1","636.2","610.7","611.8","605.5","608.4","650.1","683.4","690.7","669.8","600.1","616.1","596.4","600.5","573.4","586.0","594.3","598.7","655.3","678.9","695.6","690.7","605.1","604.4","609.7","611.1","579.4","589.1","595.4","586.1","623.5","661.8","676.4","683.5","588.3","584.9","591.5","591.0","566.2","575.0","589.3","595.1","637.9","669.4","693.6","691.9","627.4","634.2","634.2","633.5","620.7","620.4","617.8","614.8","660.7","698.1","709.6","701.7","626.2","628.0","632.8","646.3","632.3","634.2","630.8","627.5","683.7","711.3","731.9","724.1","662.7","662.7","664.3","666.5","652.0","660.5","660.6","649.7","699.8","731.8","747.9","745.0","667.6","676.2","674.0","681.5","660.7","657.3","654.1","663.4","700.8","753.6","771.8","765.9","683.0","694.6","696.5","706.5","693.4","699.2","707.0","699.5","747.3","791.3","802.2","793.4","703.1","715.5","729.9","732.4","707.1","703.2","712.0","699.9","756.1","812.0","814.2","787.8","720.4","723.3","715.4","730.2","707.4","720.8","710.3","707.0","775.2","819.3","824.2","823.7","727.2","734.8","745.3","743.9","734.1","735.7","750.6","741.4","807.8","839.0","847.0","825.5","747.5","758.0","760.3","766.1","731.1","747.6","760.8","740.9","795.9","823.3","837.3","837.6","751.0","766.6","758.5","773.8","742.5","761.5","762.0","754.0","818.1","848.8","857.8","841.2","748.9","748.9","751.9","755.8","735.8","742.7","747.0","744.5","797.2","832.8","839.9","837.7","744.1","735.4","752.3","759.0","739.9","753.6","758.1","750.7","794.6","846.4","854.8","833.3","747.1","755.9","755.4","770.2","737.9","750.5","754.9","754.4","817.9","849.4","867.5","851.9","759.2","777.1","773.0","772.9","756.1","770.1","784.4","778.9","830.7","849.0","879.9","856.5","757.6","775.8","787.1","811.2","781.1","790.1","794.6","780.6","836.4","869.7","862.5","850.9","772.8","766.1","769.4","762.5","746.6","754.9","773.9","783.4","838.6","885.2","887.0","870.6","782.7","774.2","780.1","780.9","759.5","761.3","781.8","781.2","822.6","843.4","870.5","860.8","765.0","782.7","767.8","782.9","742.6","757.8","766.3","768.8","799.3","848.5","855.8","842.8","772.4","791.9","780.7","786.9","766.3","758.7","774.7","777.2","836.8","868.3","884.8","852.1","775.9","783.4","789.0","796.7","770.1","762.7","783.6","771.8","817.5","858.7","892.5","883.7","775.1","789.9","778.4","783.9","782.4","793.0","802.0","803.3","863.0","891.9","891.6","911.5","812.4","824.7","825.3","827.8","798.6","812.2","659.4","504.1","556.4","676.6","737.1","764.3","713.2","722.2","732.6","716.2","659.2","688.5","725.7","715.3","728.1","832.8","851.5","840.7","782.3","791.5","796.4","799.8","768.8","810.0","816.7","796.2","880.2","910.1","899.6","857.1","757.8","770.1","790.6","809.0","804.9","821.5","825.3","812.7","850.3","884.1","887.4","887.9","828.7","814.9","808.4","814.9","813.7","830.2","841.4","834.2","910.0","920.9","955.9","925.3","855.0","873.7","860.5","863.0","838.1","849.2","856.0","850.5","891.8","939.5","951.5","925.0","824.6","862.4","871.6","869.5","865.1","859.0","871.1"
,"25 to 29 years","509.4","507.7","522.8","531.2","534.3","530.6","525.3","520.7","533.7","536.3","535.3","535.3","514.9","533.7","531.7","527.8","547.5","547.5","535.9","539.9","553.1","550.0","550.1","557.3","547.0","550.4","564.5","578.0","582.9","580.0","577.5","568.8","584.2","595.9","595.3","601.2","589.2","603.0","608.3","603.1","615.0","612.0","614.0","622.2","618.3","628.3","641.0","638.3","634.0","638.7","641.5","647.3","646.5","659.3","654.7","656.2","663.1","679.1","678.0","668.8","670.5","682.5","686.6","693.0","699.3","694.7","682.1","679.3","690.8","685.3","687.1","693.1","683.4","689.7","688.6","696.3","700.2","702.7","692.3","699.3","703.2","711.3","705.6","699.7","700.1","704.0","706.5","713.4","731.7","744.0","739.0","743.9","736.2","741.0","734.1","737.2","711.2","724.9","727.3","725.4","743.9","749.4","751.4","740.5","759.5","762.3","767.7","762.9","762.1","761.0","760.8","763.1","765.5","772.0","774.7","775.8","790.8","801.1","790.6","794.6","790.6","797.4","811.9","806.5","816.4","814.2","803.2","819.5","835.5","832.9","828.7","823.9","807.7","820.9","822.8","824.5","837.3","841.1","832.0","831.8","849.8","838.2","842.3","848.5","831.4","840.5","854.5","861.1","870.7","882.8","857.5","856.9","847.0","861.1","852.3","861.8","852.9","865.9","874.2","871.4","879.7","876.1","870.7","868.8","882.3","885.8","887.0","896.0","883.0","883.4","870.6","885.5","894.1","893.1","890.0","893.8","891.9","880.4","875.6","868.3","848.5","849.5","861.0","864.0","857.8","851.0","831.8","832.3","829.1","832.9","823.4","827.5","809.8","809.7","799.5","809.1","803.7","814.7","811.5","813.2","805.0","793.4","800.3","799.1","774.5","782.5","776.3","772.6","775.2","786.1","761.6","756.2","747.9","744.8","751.4","742.1","731.3","737.0","738.7","733.0","744.0","756.2","751.1","740.6","753.7","760.9","768.6","763.2","742.9","739.9","736.6","729.2","728.8","733.6","719.8","712.3","727.1","718.3","718.1","719.5","712.1","721.9","724.5","724.5","723.2","734.7","729.4","729.1","732.8","733.1","727.1","732.6","715.0","721.4","720.8","727.3","739.1","751.7","746.7","736.1","745.3","752.6","746.8","758.1","743.7","750.0","752.9","748.2","747.9","754.6","736.0","744.8","739.0","748.5","747.3","747.0","735.8","730.4","732.5","743.5","757.0","764.9","747.7","757.8","765.5","757.8","753.0","755.1","741.9","746.0","754.5","750.9","750.2","754.2","738.6","742.0","747.6","750.7","750.0","752.4","735.2","749.5","749.4","751.6","763.6","764.9","758.7","736.9","750.3","756.9","755.0","757.3","752.9","752.0","753.6","730.3","753.7","755.2","752.8","749.8","768.2","773.3","775.3","772.9","756.6","756.7","761.1","759.0","767.8","782.6","759.7","751.4","766.4","783.5","775.1","791.3","769.3","791.7","791.5","778.3","790.5","800.9","783.3","768.9","781.6","773.0","790.6","789.4","778.5","770.4","776.6","785.2","795.3","803.7","796.5","776.4","791.1","799.9","810.5","804.1","808.4","810.9","811.6","811.0","830.0","826.3","814.5","805.6","819.2","823.9","829.3","831.9","813.7","822.5","825.1","831.5","842.5","853.1","837.5","827.3","837.7","854.1","852.4","852.9","847.2","844.1","838.6","847.2","847.1","857.1","839.9","848.3","859.3","870.2","866.1","869.0","857.2","861.5","850.1","858.8","858.5","866.5","856.7","845.6","875.0","867.3","880.1","879.5","877.0","870.5","884.6","873.9","884.8","907.1","878.8","870.4","888.8","882.6","884.1","882.4","877.8","877.8","874.5","872.5","880.4","876.9","856.8","862.0","859.1","856.6","856.7","871.1","860.9","853.1","852.4","863.9","891.9","898.7","888.2","884.4","910.5","908.4","913.3","894.3","879.2","876.1","866.8","871.7","879.8","888.7","888.5","888.3","892.9","883.8","893.1","883.9","874.6","870.7","869.7","877.4","896.8","902.4","881.3","872.6","893.2","892.6","902.0","893.5","881.2","880.6","863.6","877.2","894.5","904.4","887.3","894.6","897.6","869.6","876.9","883.1","878.9","887.3","909.9","908.8","922.9","931.2","909.4","907.4","923.2","919.9","919.3","927.8","921.2","928.6","928.6","923.6","936.2","947.7","928.3","935.0","940.9","937.4","941.0","930.4","937.5","956.0","960.4","972.2","971.6","989.0","997.1","992.2","986.5","992.5","1,003.5","999.3","989.6","994.1","982.0","999.8","1,010.5","1,011.6","1,000.6","996.5","1,008.2","1,014.1","1,009.9","1,038.4","1,007.5","1,001.8","932.8","823.3","837.1","920.5","936.7","945.7","1,007.3","999.1","974.6","974.0","949.1","959.0","968.9","969.4","971.7","1,013.8","985.7","985.2","1,023.7","1,007.1","1,029.9","1,027.8","1,020.4","1,033.4","1,034.4","1,045.8","1,056.1","1,053.8","1,034.9","1,023.0","1,037.3","1,049.9","1,055.4","1,065.2","1,062.6","1,070.6","1,052.1","1,058.0","1,057.5","1,082.6","1,055.0","1,085.8","1,090.2","1,090.8","1,103.9","1,083.4","1,086.8","1,103.8","1,106.0","1,118.7","1,126.7","1,140.9","1,138.9","1,125.4","1,142.0","1,148.4","1,149.4","1,152.4","1,127.1","1,138.3","1,145.3","1,142.5","1,154.3","1,138.2","1,121.8","1,106.5","1,131.0","1,126.2","1,141.9","1,135.3","1,125.5","1,121.2","1,125.9"
,"30 to 34 years","360.3","362.3","372.4","378.3","385.1","386.3","382.6","379.8","388.9","392.6","399.9","403.7","398.0","410.2","419.5","427.8","439.8","433.7","414.6","406.8","427.8","437.6","433.3","438.4","433.9","451.5","454.4","455.3","462.7","476.0","461.9","466.4","488.1","501.9","496.5","486.0","485.6","491.7","501.4","500.1","500.6","510.0","501.1","500.4","515.8","532.0","536.9","523.5","530.1","535.1","540.4","551.8","548.7","552.4","540.6","538.2","577.3","584.8","590.6","589.4","586.3","595.9","596.1","599.7","600.3","605.6","585.1","591.7","619.4","623.9","616.9","600.4","596.4","594.7","601.4","593.9","604.7","606.6","584.2","580.0","595.9","598.1","593.9","584.8","574.9","585.7","600.2","608.5","614.7","616.5","606.5","606.3","630.6","632.4","626.8","627.3","623.0","633.6","637.1","643.3","647.4","653.3","637.8","638.2","656.9","660.5","668.8","660.6","648.3","659.5","664.2","676.6","688.2","689.2","676.4","677.4","706.8","707.9","713.8","719.3","721.0","732.2","730.5","728.3","726.2","739.4","722.5","729.6","765.8","770.1","773.3","761.5","749.2","746.8","761.9","770.5","764.4","767.4","760.3","755.9","774.8","786.3","781.9","789.2","778.5","793.6","797.6","795.8","791.3","793.4","790.9","788.9","816.1","824.1","819.9","819.1","807.6","810.7","818.0","817.3","816.2","823.8","809.4","822.7","840.1","850.7","858.2","856.1","860.2","862.4","868.0","866.2","855.1","855.9","826.2","831.3","862.0","865.7","867.8","859.5","851.8","852.0","854.2","861.9","864.2","879.7","864.5","875.6","879.6","880.3","872.3","862.6","862.3","870.7","868.8","880.0","883.7","883.9","858.7","840.1","847.9","841.6","843.8","856.3","848.4","851.2","846.1","844.3","847.3","853.6","832.8","848.1","878.9","879.3","878.0","886.3","866.8","860.0","860.3","856.3","857.8","866.1","864.9","856.3","890.4","882.4","878.9","882.0","865.4","881.6","883.2","883.4","899.8","898.2","876.9","875.4","882.8","893.0","877.6","885.5","873.6","877.4","883.2","896.4","889.3","888.6","864.8","856.6","870.4","876.1","881.7","871.8","860.6","852.8","859.4","867.1","868.2","869.2","862.0","860.0","872.2","874.0","865.1","850.4","837.1","837.4","848.5","854.9","861.1","854.5","834.3","823.1","830.1","828.3","832.1","841.0","823.3","813.0","823.6","818.6","826.7","828.1","810.1","818.7","829.9","833.0","834.4","832.1","817.7","820.7","816.9","824.5","833.1","825.8","802.1","793.5","818.9","819.9","827.7","816.5","805.8","820.1","825.9","824.4","824.7","821.4","799.8","803.1","809.5","797.0","793.6","788.6","795.1","797.7","799.4","805.8","804.4","807.9","807.0","801.6","822.9","812.9","815.3","830.4","804.0","805.6","804.0","805.1","812.5","805.2","805.0","800.9","814.3","818.5","805.2","811.7","797.9","803.1","812.8","822.0","834.5","839.6","823.0","818.3","822.8","810.5","816.9","814.3","806.3","818.6","820.3","812.9","821.9","833.3","806.0","803.7","809.3","808.6","804.6","807.5","804.7","798.3","790.2","808.3","816.2","809.9","796.8","784.9","811.1","800.6","806.3","818.0","830.8","825.5","829.9","829.6","836.7","841.9","813.8","817.6","839.9","849.1","839.8","840.5","820.5","827.2","816.6","817.7","829.5","837.2","826.1","822.5","837.6","843.6","851.7","862.0","841.0","844.4","850.9","842.4","842.6","847.4","818.4","822.3","843.1","857.6","860.9","854.4","841.0","835.4","847.3","838.9","851.9","855.8","844.2","841.4","854.8","865.7","871.7","863.4","852.2","863.8","864.5","871.4","876.8","874.8","872.4","882.2","897.1","894.8","891.5","894.4","884.7","882.3","877.1","893.3","898.4","893.0","880.0","881.6","888.7","897.9","912.1","917.4","903.2","912.1","901.3","914.4","920.0","923.0","905.5","916.1","931.7","927.6","926.3","924.1","925.1","913.8","917.4","918.1","929.4","918.0","912.3","914.4","934.2","937.1","946.3","942.2","929.9","922.7","921.2","920.1","920.7","905.4","893.8","884.7","913.6","927.6","933.9","924.4","922.4","920.5","923.4","927.6","944.6","928.9","917.8","927.9","931.9","944.9","944.5","953.8","959.3","963.8","961.7","958.5","955.0","970.1","941.7","928.1","959.5","961.6","961.5","971.6","952.3","941.6","944.1","945.8","963.9","961.1","944.9","939.8","982.2","979.5","978.7","983.4","971.7","973.5","959.2","979.5","985.0","991.0","958.5","956.9","981.0","985.4","987.4","989.1","991.0","1,001.0","951.8","877.1","898.6","939.3","954.8","948.3","996.3","1,002.2","1,023.2","1,027.9","1,007.1","1,033.1","1,033.3","1,038.8","1,029.1","1,027.5","1,015.6","1,000.4","1,046.3","1,062.3","1,073.1","1,069.5","1,050.5","1,071.5","1,067.3","1,070.5","1,097.2","1,091.2","1,074.3","1,082.8","1,123.8","1,119.5","1,120.4","1,111.3","1,116.5","1,110.0","1,122.9","1,126.0","1,142.5","1,156.5","1,142.6","1,154.0","1,163.9","1,170.7","1,173.3","1,166.6","1,159.0","1,176.2","1,178.3","1,192.7","1,189.8","1,183.4","1,160.8","1,166.3","1,189.8","1,193.5","1,203.3","1,192.7","1,194.2","1,214.7","1,218.3","1,210.5","1,217.5","1,222.8","1,193.7","1,188.8","1,234.8","1,225.0","1,219.3","1,215.6","1,218.7","1,218.1","1,229.8"
,"35 to 39 years","325.3","336.4","340.2","338.2","333.9","326.2","319.8","317.1","336.6","351.3","351.0","349.7","334.9","351.2","351.5","347.1","352.5","357.4","347.1","336.2","342.6","352.5","356.0","362.2","350.7","360.2","369.6","369.4","368.9","363.4","364.2","376.5","399.2","396.7","402.8","411.4","403.7","411.1","401.2","400.3","402.2","400.9","397.5","399.9","420.9","435.8","438.5","436.3","428.9","435.7","438.3","440.6","442.2","437.2","427.1","429.5","452.7","462.9","457.9","461.1","456.1","465.1","466.2","463.0","477.4","486.8","469.4","480.8","493.0","512.4","514.4","502.6","503.3","506.4","517.9","505.9","514.0","507.6","506.1","496.7","511.6","516.8","513.3","523.5","523.3","531.5","534.8","537.6","548.2","540.9","523.5","517.5","548.1","552.4","557.9","559.6","560.9","565.8","570.0","580.0","578.9","583.8","562.9","570.5","594.0","597.2","601.1","608.1","624.8","622.2","628.6","630.1","626.1","621.2","613.2","609.7","634.1","634.5","636.1","640.8","638.5","650.0","665.9","684.5","689.7","670.5","666.1","649.9","663.6","668.4","674.5","677.2","676.0","695.4","695.4","693.6","700.8","690.8","668.8","672.4","703.8","708.9","722.3","718.2","716.9","722.1","727.2","743.8","738.9","754.7","721.8","714.8","741.5","740.9","753.8","764.9","763.7","757.3","758.1","775.8","768.2","774.1","758.2","772.4","790.8","790.3","798.4","802.0","778.5","782.4","778.8","797.6","801.6","805.8","792.2","787.4","810.7","801.7","803.8","793.0","796.7","805.7","803.8","816.5","819.3","820.7","787.4","778.9","817.2","813.1","806.1","807.5","801.3","810.5","797.0","802.2","816.4","800.8","753.7","762.1","799.1","822.4","814.1","831.9","835.0","834.7","827.0","830.1","843.0","836.5","820.7","826.5","867.2","865.8","857.8","847.8","835.3","854.9","833.3","836.1","846.9","852.1","816.3","818.7","854.5","854.8","866.5","864.6","872.8","874.4","873.0","876.7","872.3","866.5","856.2","874.7","907.7","902.3","913.7","898.8","896.0","892.0","894.7","880.7","892.6","899.1","860.6","862.1","898.8","899.3","907.3","920.2","910.6","908.9","926.7","928.9","940.7","906.5","901.2","905.9","934.2","919.0","924.1","922.6","901.2","910.2","915.8","922.8","948.2","939.8","940.6","954.8","978.6","983.6","986.7","976.7","966.5","968.5","972.4","971.8","953.5","953.2","929.5","934.9","945.1","944.3","959.2","962.8","953.9","948.1","946.4","953.7","956.2","965.5","948.6","958.8","973.9","973.7","967.3","981.0","956.4","942.0","952.7","961.3","981.4","962.7","949.5","933.6","931.8","916.3","915.6","924.4","915.8","922.1","932.8","956.1","952.6","952.3","903.0","912.6","920.2","921.1","915.0","915.2","917.8","929.4","944.7","936.2","938.8","928.8","903.7","895.3","903.5","928.5","925.9","910.2","887.8","885.6","898.1","909.6","926.8","927.5","895.5","892.4","895.6","892.3","877.9","872.6","873.6","879.6","865.4","880.2","881.1","860.2","849.0","867.4","873.3","877.3","902.4","892.6","872.9","859.1","857.3","879.9","893.8","876.6","850.8","858.1","884.4","883.3","883.2","891.4","880.1","873.7","868.2","874.0","872.2","861.1","855.5","838.6","868.2","867.0","873.0","872.0","851.1","854.6","855.7","866.3","862.3","863.6","846.3","863.8","890.6","892.3","893.7","874.2","833.6","818.4","821.3","829.3","826.3","818.3","794.6","810.0","834.5","829.2","853.5","859.1","859.2","861.6","870.6","859.7","833.0","822.3","805.0","818.9","825.9","818.5","859.0","867.3","844.0","821.7","839.9","833.6","800.5","825.4","814.1","828.0","856.1","851.1","849.3","853.6","849.3","836.8","842.3","851.1","841.2","856.5","840.6","855.1","883.4","876.2","875.7","887.9","878.4","895.6","878.3","893.8","897.1","879.1","853.1","842.0","885.5","875.7","847.6","862.7","875.5","887.6","875.6","892.9","896.0","882.8","863.2","843.1","862.0","872.6","881.0","888.2","887.0","900.2","883.5","895.4","915.6","933.9","901.0","898.2","936.3","927.1","914.3","913.2","915.9","902.3","893.2","909.3","897.0","907.9","890.4","901.5","950.0","943.7","960.3","949.8","955.1","945.1","941.8","945.9","943.1","951.9","926.0","919.0","917.3","923.2","929.1","924.6","915.2","943.5","958.4","969.2","961.0","963.1","942.5","944.3","963.8","956.4","956.4","969.6","968.5","982.5","971.6","966.6","976.1","974.6","953.9","952.6","986.1","989.9","1,006.3","1,012.1","1,007.2","1,006.5","976.7","882.4","890.0","936.6","915.9","905.7","955.7","966.7","956.9","954.6","954.6","971.5","984.0","988.6","1,002.2","998.3","942.2","973.8","983.6","999.4","994.0","988.0","984.5","1,017.1","1,037.4","1,061.0","1,069.9","1,068.3","1,036.6","1,031.1","1,062.6","1,066.9","1,030.6","1,049.5","1,052.7","1,062.1","1,069.3","1,069.8","1,095.7","1,078.5","1,055.9","1,041.4","1,072.3","1,073.4","1,083.7","1,104.5","1,090.7","1,076.6","1,096.2","1,097.6","1,081.7","1,092.8","1,085.9","1,090.6","1,102.6","1,106.6","1,129.0","1,134.2","1,135.9","1,156.3","1,166.6","1,151.6","1,157.8","1,166.0","1,137.4","1,125.7","1,166.9","1,173.3","1,174.5","1,175.6","1,174.7","1,176.4","1,174.0"
,"40 to 44 years","297.4","300.2","295.2","291.9","301.7","309.8","295.0","297.7","310.3","314.7","320.7","319.8","317.1","323.3","330.8","327.8","320.8","320.5","314.1","318.8","327.7","329.3","334.3","335.7","334.1","337.2","336.6","334.1","335.5","335.9","334.0","332.3","342.6","343.2","340.6","341.2","333.9","335.5","342.9","352.1","356.0","349.3","344.1","349.1","358.4","361.1","352.7","364.8","361.4","364.5","379.0","374.9","384.5","382.6","376.2","375.3","371.5","379.0","374.8","380.2","376.0","384.8","401.1","402.0","416.3","405.4","402.9","401.9","419.4","420.5","420.8","416.0","413.6","424.5","421.1","423.8","423.1","428.3","423.0","419.7","428.4","429.6","432.9","434.1","418.6","421.1","433.4","439.1","440.3","447.5","449.4","453.3","475.0","474.4","475.7","470.8","462.2","475.3","482.8","477.6","493.7","491.3","486.1","485.6","490.8","488.5","481.8","482.4","475.4","485.4","491.3","496.4","509.7","509.7","491.8","500.9","520.5","516.0","522.8","529.6","537.9","537.3","539.2","540.6","540.1","552.6","536.4","545.9","559.6","571.1","552.4","559.5","560.7","563.0","569.9","578.4","598.4","608.5","598.7","586.4","608.4","624.6","614.3","622.2","612.9","639.6","632.4","632.9","652.8","651.7","642.1","646.6","669.9","687.0","677.2","666.9","659.9","675.0","677.5","671.4","691.5","693.5","686.7","686.5","715.2","728.6","720.9","715.3","722.7","737.2","741.8","744.0","750.3","759.7","749.2","741.7","769.8","786.0","765.6","768.6","755.7","755.9","759.6","768.3","787.0","778.0","757.8","768.3","780.8","789.0","792.9","781.4","771.6","785.7","785.0","778.3","778.8","784.4","781.5","780.0","801.1","792.8","789.4","761.2","757.2","759.7","764.4","773.8","793.5","820.1","791.4","789.4","807.8","815.0","819.3","804.2","800.7","806.2","813.2","814.6","827.5","828.1","820.0","828.8","846.5","863.9","844.7","854.1","836.5","840.5","840.0","847.5","861.3","859.9","831.6","813.4","847.9","852.6","851.5","872.8","859.5","872.4","859.6","872.8","881.2","871.3","879.5","875.0","903.9","890.7","886.2","877.9","882.3","902.4","898.2","913.4","900.4","924.8","896.9","902.5","924.6","932.5","940.8","933.2","941.9","939.5","941.2","952.2","941.0","940.8","920.3","926.5","937.0","938.3","939.6","952.4","940.1","966.2","964.6","966.6","975.1","979.0","959.2","968.7","1,001.4","1,001.0","997.6","984.2","977.7","989.1","1,005.8","1,004.1","1,007.2","1,016.0","968.8","972.9","994.6","1,025.4","1,016.1","1,002.3","1,013.4","1,010.1","1,005.2","1,008.9","1,003.0","1,007.6","978.3","1,005.1","1,034.6","1,045.7","1,052.4","1,028.2","1,029.3","1,023.6","1,018.9","1,035.5","1,052.0","1,043.9","1,025.6","1,038.8","1,082.6","1,076.8","1,065.2","1,058.0","1,023.3","1,019.1","1,009.1","1,023.2","1,031.5","1,042.7","1,021.3","1,033.5","1,057.3","1,042.8","1,044.4","1,055.9","1,053.1","1,073.8","1,058.6","1,065.0","1,060.0","1,045.7","1,017.4","1,006.7","1,053.3","1,054.2","1,050.1","1,073.1","1,058.7","1,045.9","1,048.0","1,042.6","1,058.3","1,064.0","1,046.6","1,035.2","1,070.5","1,068.1","1,034.4","1,036.2","1,034.3","1,033.0","1,032.8","1,029.3","1,018.5","1,032.2","1,013.7","997.1","1,024.0","1,035.9","1,019.4","1,025.2","1,026.4","1,019.2","1,022.6","1,026.0","1,028.9","1,032.1","1,005.6","1,012.7","1,027.2","1,014.3","1,014.7","1,021.6","1,020.2","1,018.5","1,000.6","1,007.9","1,019.0","995.1","952.0","940.5","963.3","957.6","950.5","968.3","978.8","992.4","1,000.7","989.9","993.3","978.4","945.3","932.7","971.7","954.9","943.7","931.4","921.9","933.3","926.7","944.9","967.5","962.7","914.8","908.5","936.8","929.2","908.3","910.2","944.9","952.0","920.8","945.8","960.2","957.9","917.3","910.4","931.7","941.4","927.5","934.6","926.2","943.4","941.4","940.8","958.9","943.2","911.3","903.9","916.2","924.8","914.4","920.1","935.0","930.4","941.1","945.6","957.8","970.5","935.8","942.8","950.2","978.8","990.8","983.8","943.8","942.8","957.7","923.8","920.0","930.7","929.9","941.4","975.3","964.2","956.5","953.1","930.3","924.3","934.5","932.3","911.0","899.1","883.7","902.4","898.4","906.1","928.3","953.5","925.7","913.8","927.4","919.9","936.0","922.7","896.6","894.5","890.5","905.9","906.2","912.3","916.0","945.3","947.7","958.2","958.9","943.3","913.2","920.2","954.5","958.5","950.3","973.5","967.4","948.0","952.5","954.4","969.5","967.9","929.4","937.2","977.9","993.4","1,004.7","999.5","990.4","995.5","990.1","1,007.7","994.6","1,007.6","954.1","955.4","991.3","1,003.6","1,003.1","985.3","990.7","985.3","927.5","868.2","882.6","941.2","927.8","947.4","1,018.3","1,004.5","1,015.0","1,004.4","978.9","1,008.1","1,008.4","990.7","977.7","987.8","1,005.2","977.6","1,048.2","1,048.7","1,070.5","1,075.4","1,039.4","1,068.0","1,043.1","1,039.7","1,043.1","1,049.1","1,026.0","1,014.8","1,040.3","1,051.6","1,097.2","1,086.8","1,097.5","1,105.7","1,100.1","1,118.8","1,114.2","1,118.5","1,084.2","1,076.1","1,134.8","1,136.8","1,124.3","1,112.9","1,121.2","1,131.2","1,113.2","1,127.0","1,127.2","1,136.2","1,103.0","1,096.0","1,156.0","1,133.6","1,129.7","1,133.8","1,137.6","1,130.9","1,112.6","1,124.3","1,125.2","1,135.9","1,098.1","1,097.8","1,145.5","1,158.0","1,141.4","1,144.1","1,115.8","1,133.0","1,136.4"
,"45 to 49 years","299.6","296.2","297.5","286.2","289.2","296.7","286.6","288.3","304.6","315.1","309.6","311.1","313.2","308.9","305.0","307.3","308.8","306.7","295.0","299.6","311.8","315.0","310.7","309.1","300.0","304.0","311.2","310.6","324.0","317.3","312.2","308.1","319.6","321.4","316.4","309.0","303.1","319.0","318.5","326.9","321.2","321.1","317.2","316.0","322.4","316.9","326.7","332.4","326.8","328.6","332.6","335.1","329.5","320.5","332.1","335.1","349.0","343.6","341.0","333.9","325.7","333.3","334.1","334.3","334.0","341.9","337.9","333.4","342.5","350.2","348.7","347.4","347.4","350.4","349.5","348.5","347.6","341.6","335.0","340.4","343.2","335.1","337.3","338.9","336.5","334.8","344.9","349.9","351.9","352.1","345.3","343.6","360.9","358.9","365.2","356.6","357.9","353.8","355.3","358.1","363.4","358.3","353.8","363.5","375.3","369.1","371.9","368.6","371.7","371.5","376.7","391.3","397.6","397.5","397.0","394.2","407.4","405.5","407.3","395.5","386.6","392.8","387.9","389.9","391.9","388.9","378.9","375.5","396.8","404.5","409.6","413.3","421.0","425.2","430.9","430.8","435.9","447.0","421.3","428.6","439.4","447.7","449.4","440.5","448.8","450.0","453.4","451.4","452.3","467.6","455.4","458.4","468.9","482.0","481.1","470.2","476.8","476.8","492.7","496.9","509.4","513.7","494.5","496.6","520.1","518.0","513.2","510.4","511.0","522.6","532.5","545.8","553.8","559.0","539.4","536.5","556.0","553.8","557.8","555.5","545.6","550.7","547.9","554.2","561.8","564.5","556.4","546.3","576.1","580.0","571.4","567.6","568.8","580.6","582.0","593.2","601.9","611.4","595.8","593.4","617.7","622.7","615.7","601.1","598.9","613.8","641.5","628.0","636.2","639.7","627.7","624.9","638.8","640.8","637.4","630.5","627.3","655.6","649.4","666.6","677.2","692.2","688.4","686.2","707.3","712.4","710.1","708.9","691.8","694.1","714.5","715.0","716.9","719.9","716.7","733.3","754.6","745.8","738.9","733.2","736.2","727.8","724.0","736.7","748.5","749.1","727.6","737.6","747.3","750.3","763.5","753.9","753.7","747.4","752.9","759.8","774.9","784.5","771.6","786.5","796.8","785.2","774.1","767.0","765.4","775.0","793.9","813.4","820.3","827.3","803.6","787.2","823.0","829.0","815.9","803.9","808.5","821.6","828.4","825.7","836.3","841.3","834.0","815.1","837.6","841.8","840.5","853.1","833.6","844.8","833.7","859.0","863.2","876.2","873.1","861.2","882.1","868.5","869.9","867.7","858.6","871.2","864.0","882.7","895.5","898.0","868.0","881.9","904.7","892.2","903.1","901.2","895.7","917.8","926.5","932.0","938.0","952.1","922.7","923.0","952.7","949.6","942.3","963.7","961.3","966.6","969.0","966.9","987.7","966.3","963.0","967.3","988.9","1,004.6","1,003.8","1,021.6","1,005.8","1,002.1","994.5","1,010.9","1,023.8","1,014.7","971.6","985.4","1,011.0","1,016.2","1,001.2","1,007.0","1,015.0","1,019.4","1,021.0","1,032.5","1,010.6","1,023.4","990.1","989.9","1,001.6","1,008.3","1,010.0","989.0","995.5","1,019.7","1,027.5","1,041.4","1,050.1","1,074.7","1,031.6","1,029.8","1,050.6","1,045.2","1,029.4","1,033.5","1,022.9","1,024.8","1,020.9","1,018.6","1,030.5","1,040.7","1,029.2","1,046.0","1,064.4","1,072.8","1,058.4","1,052.3","1,047.6","1,067.1","1,075.1","1,087.9","1,107.2","1,098.8","1,065.5","1,051.7","1,083.4","1,084.9","1,070.2","1,061.7","1,059.1","1,064.6","1,070.7","1,060.2","1,084.6","1,061.2","1,038.1","1,052.3","1,067.3","1,091.3","1,077.3","1,078.9","1,072.4","1,064.8","1,061.0","1,077.8","1,089.5","1,081.2","1,043.8","1,044.0","1,072.6","1,067.9","1,048.1","1,065.4","1,075.7","1,048.8","1,053.6","1,055.2","1,058.5","1,049.1","1,014.9","1,022.5","1,055.2","1,053.1","1,049.8","1,038.6","1,029.7","1,028.7","1,025.3","1,012.0","994.0","998.5","968.7","979.2","999.0","1,005.9","1,028.1","1,007.2","999.2","991.0","980.8","977.3","967.9","978.6","951.8","971.2","985.5","970.4","988.5","964.9","954.4","949.2","954.5","956.7","942.3","940.5","919.5","919.9","924.6","937.7","948.0","935.0","944.1","955.3","950.3","954.6","960.3","955.4","933.5","908.6","952.8","946.2","971.2","950.8","962.0","967.1","951.6","946.1","939.5","941.6","908.3","901.3","930.7","926.8","919.0","911.2","908.4","918.4","931.3","924.0","927.9","929.0","910.6","909.4","926.9","948.8","956.1","951.8","931.5","934.9","931.7","919.6","919.1","924.4","905.4","900.5","935.7","931.1","936.2","947.9","947.0","943.4","960.1","965.2","966.3","976.7","956.1","940.6","967.8","959.4","963.7","974.5","969.3","956.1","907.5","825.1","838.7","833.6","824.8","834.4","880.4","919.2","908.1","927.1","917.2","909.8","932.3","901.2","920.4","934.1","896.9","891.8","916.4","920.3","940.1","948.3","928.0","954.6","947.1","974.3","976.6","988.3","950.7","948.9","990.6","975.8","974.9","970.7","973.2","959.5","961.2","949.4","952.6","949.1","951.3","974.7","1,006.1","1,008.3","1,016.6","1,018.5","996.1","1,002.2","997.4","1,001.1","982.9","987.6","947.9","969.8","1,009.7","1,007.8","1,002.1","999.7","1,015.6","1,015.5","1,009.5","997.4","1,016.1","1,051.0","1,008.9","1,015.1","1,060.9","1,069.8","1,086.1","1,051.1","1,039.4","1,046.0","1,032.6"
,"50 to 54 years","251.4","260.5","264.6","267.5","270.5","273.3","275.0","273.4","270.1","268.6","270.2","261.8","251.4","246.9","254.5","256.2","253.1","256.7","253.7","255.1","266.4","260.9","254.7","249.1","249.6","250.9","256.7","259.0","264.4","265.3","260.4","263.0","265.4","269.9","274.6","279.9","275.3","263.8","266.3","266.4","274.0","275.4","277.0","282.5","283.3","283.6","280.6","273.1","274.7","272.4","271.7","279.0","281.6","284.3","270.9","281.5","288.5","287.5","284.5","282.6","285.6","291.5","293.5","295.6","300.8","304.3","302.4","303.7","311.6","305.7","303.2","301.3","296.7","291.1","297.0","288.6","294.5","291.7","284.4","283.5","302.1","300.0","297.4","289.8","285.8","297.9","296.6","303.9","308.5","310.3","307.6","307.8","314.1","309.3","309.2","303.8","294.3","297.3","298.2","295.6","296.6","296.9","292.7","293.4","310.8","315.9","315.1","318.9","316.9","319.9","324.6","310.7","317.5","314.3","300.3","306.1","314.6","320.5","312.9","319.8","319.8","318.6","318.1","321.1","323.9","311.0","309.6","313.6","321.6","321.3","321.4","313.4","304.5","299.6","300.9","307.7","312.6","315.8","316.1","327.5","337.7","341.8","343.9","344.8","333.9","339.9","345.1","352.4","354.8","347.9","338.5","352.4","364.2","367.8","362.7","378.3","379.2","381.1","372.9","374.6","373.3","361.7","351.2","352.6","363.2","372.1","367.2","370.7","359.2","364.6","373.3","360.6","362.1","362.6","358.4","356.8","356.1","372.1","372.2","372.6","376.5","372.5","375.7","380.8","376.0","386.1","389.6","393.8","404.2","403.9","411.8","416.7","403.7","407.5","410.5","408.7","412.9","410.5","414.5","414.7","426.5","432.9","433.1","442.5","428.2","431.6","416.6","431.9","450.5","442.6","434.4","445.8","471.3","464.6","451.4","460.6","458.0","439.5","450.9","462.5","463.2","449.7","427.4","441.8","448.3","450.7","455.9","458.4","470.2","474.5","476.4","477.6","483.1","490.7","476.3","468.8","490.6","493.3","476.3","480.3","472.9","484.7","488.9","489.4","498.6","492.9","494.6","499.0","521.4","521.2","503.9","526.6","531.1","538.2","538.5","540.0","551.0","553.9","539.5","537.5","561.5","570.2","577.7","604.0","591.5","599.6","590.0","583.1","587.7","589.2","582.2","588.2","614.7","610.1","615.7","623.6","618.9","615.6","610.3","626.2","647.2","652.9","648.4","658.9","665.2","677.9","659.1","647.0","655.1","672.6","692.8","677.4","700.1","694.3","668.3","673.0","689.5","683.8","685.9","704.9","705.2","708.3","721.5","728.2","729.6","731.6","711.4","700.0","735.4","755.2","751.8","755.0","750.8","742.2","752.5","754.8","760.7","768.5","754.6","748.1","768.0","763.9","779.3","767.1","756.3","770.4","769.7","778.3","765.2","799.7","776.7","779.0","802.9","792.1","800.8","785.5","794.3","804.3","815.2","805.6","796.3","815.4","794.9","801.9","819.2","830.6","841.7","841.2","827.1","837.1","838.9","831.4","829.6","839.0","801.8","808.5","853.6","854.1","861.2","879.3","877.7","863.9","869.5","867.1","868.3","853.4","835.2","858.3","882.2","902.2","905.8","912.1","913.2","922.0","940.5","941.7","942.2","943.8","909.8","914.4","940.6","944.7","938.0","928.9","931.9","923.1","913.5","911.1","923.3","938.0","922.4","935.7","966.3","975.7","973.2","975.6","955.3","957.1","940.9","968.1","954.3","962.5","929.1","935.0","979.6","963.9","985.5","977.6","969.8","971.3","958.4","979.1","984.8","984.1","969.3","986.1","1,005.6","1,007.1","1,001.3","978.5","961.5","994.3","994.6","1,006.6","1,008.8","1,018.7","991.9","974.1","1,003.6","1,003.6","1,013.0","1,013.5","1,015.0","1,011.0","1,022.6","1,051.1","1,051.4","1,063.1","1,047.4","1,038.1","1,071.8","1,063.1","1,049.6","1,051.8","1,039.8","1,033.2","1,041.4","1,051.2","1,061.0","1,061.3","1,036.6","1,028.1","1,052.3","1,072.3","1,063.4","1,066.7","1,043.0","1,055.5","1,046.1","1,052.8","1,064.6","1,056.6","1,021.7","1,030.8","1,075.1","1,081.7","1,060.5","1,053.2","1,046.1","1,049.7","1,079.4","1,075.5","1,074.8","1,081.6","1,060.7","1,063.1","1,075.3","1,064.6","1,043.1","1,033.0","1,024.2","1,025.5","1,025.5","1,048.3","1,059.0","1,053.7","1,020.2","1,007.0","1,027.8","1,027.7","1,033.8","1,040.6","1,037.3","1,021.9","1,012.4","1,028.5","1,044.7","1,051.9","1,017.9","1,021.8","1,063.7","1,026.8","1,006.7","1,003.1","1,006.0","1,012.8","1,022.1","1,045.0","1,031.2","1,027.1","1,005.7","1,020.4","1,021.6","1,027.0","1,014.5","1,011.5","998.8","1,009.0","987.8","991.2","1,007.6","988.7","963.2","981.5","1,022.9","994.9","980.3","979.0","960.8","961.6","902.9","862.3","895.2","968.7","957.8","972.7","999.8","989.9","1,007.8","980.4","946.1","958.8","944.6","966.1","969.2","966.5","951.8","967.4","1,006.4","1,012.8","1,005.3","1,002.4","994.2","994.1","978.6","974.7","981.7","970.4","937.9","958.3","975.0","995.2","996.7","999.0","990.0","997.3","1,014.8","1,019.2","1,024.2","1,025.0","957.8","942.2","973.7","979.3","968.6","970.8","987.3","1,000.3","996.8","1,002.0","1,012.6","1,006.5","954.9","961.5","990.6","996.4","994.0","989.8","994.5","996.4","989.6","985.3","981.9","964.5","944.5","932.0","975.6","962.4","955.4","978.0","969.6","973.5","974.3"
,"55 to 59 years","177.2","185.8","185.4","189.8","194.4","192.8","195.8","200.4","199.8","195.1","188.5","191.3","186.8","183.7","191.7","189.9","194.2","191.6","198.3","199.7","205.0","208.2","200.2","196.9","192.7","196.2","191.6","197.9","197.8","201.7","206.1","205.3","210.4","204.1","207.5","203.3","203.9","211.8","216.6","220.3","219.5","224.4","219.1","217.9","220.4","217.2","221.7","219.7","219.5","218.6","219.8","215.7","226.6","220.1","223.6","215.9","220.5","226.1","225.7","221.8","217.8","224.4","221.5","221.9","231.7","229.4","222.5","226.2","233.4","224.3","224.8","226.0","227.9","227.5","232.4","233.1","237.4","229.4","223.9","229.6","227.0","228.0","228.3","219.1","220.5","221.2","224.0","228.9","225.8","225.1","214.8","215.9","217.8","218.8","218.2","218.5","219.8","217.9","226.4","220.8","218.6","222.5","219.5","217.9","221.7","222.8","222.3","227.3","224.3","234.9","235.3","238.9","238.1","240.1","235.6","235.2","240.9","242.1","249.1","240.0","235.6","233.6","236.5","235.2","235.0","236.1","235.1","236.4","246.0","244.1","243.6","239.8","239.5","244.6","245.9","249.8","245.5","247.5","246.9","242.9","251.1","251.1","249.6","248.1","247.7","249.9","249.9","258.7","264.9","251.9","251.5","253.7","268.4","264.3","253.0","260.0","259.1","263.1","261.9","263.9","266.6","266.5","255.2","250.1","261.6","257.7","254.1","252.8","253.5","251.3","253.2","266.0","267.0","267.4","262.1","261.0","269.7","266.2","258.6","252.1","244.8","243.7","250.8","259.8","265.9","265.6","262.3","268.3","275.7","270.0","259.5","257.5","264.3","258.8","256.7","261.6","263.2","269.9","264.0","264.8","273.1","278.0","273.3","267.6","261.2","269.6","266.6","268.1","259.2","263.2","263.4","258.1","259.4","258.8","263.2","250.8","256.2","261.6","270.3","280.4","285.2","285.9","275.2","284.8","286.9","289.2","287.1","284.5","280.2","281.0","282.6","277.9","280.5","283.9","277.4","286.6","291.4","288.6","290.5","283.6","289.7","289.9","291.1","293.5","296.9","302.6","292.3","301.8","305.5","301.3","298.9","289.2","288.4","294.1","292.6","300.1","291.5","301.2","296.5","301.9","312.3","320.2","325.5","327.5","324.1","335.5","332.8","329.7","321.1","331.5","323.3","325.8","343.1","347.6","350.1","337.9","336.7","339.6","346.9","354.3","355.0","352.3","349.6","352.1","365.7","368.7","374.2","374.6","383.7","385.9","382.2","388.4","381.5","381.4","376.5","387.2","393.3","394.4","396.7","395.6","386.3","393.0","405.6","409.2","410.8","414.0","394.7","393.0","410.2","414.5","416.3","427.7","427.5","424.8","424.3","432.1","435.9","438.2","432.6","438.9","449.7","465.9","476.1","490.8","496.4","501.5","515.1","511.5","529.0","529.3","514.0","513.9","536.3","529.2","533.4","546.2","531.0","536.1","525.8","545.4","552.5","544.3","534.5","541.4","564.1","556.7","555.7","550.7","545.4","560.5","562.2","565.7","580.4","581.1","573.8","574.7","579.0","591.7","590.7","597.6","592.1","598.8","608.7","606.9","608.7","604.2","592.4","591.8","615.3","615.3","620.8","620.7","615.5","631.3","631.3","647.5","626.8","617.2","607.0","604.7","626.0","647.5","645.7","645.8","648.1","647.6","661.6","655.7","660.5","661.7","637.3","632.8","660.8","676.5","673.6","680.8","680.0","685.3","683.1","687.3","688.4","698.5","663.0","670.0","706.9","690.0","680.9","680.5","683.5","686.3","688.8","707.9","716.4","724.4","706.7","701.6","730.0","732.7","735.4","736.2","736.3","738.6","730.1","746.3","749.8","760.0","728.8","724.8","740.5","725.9","728.1","738.8","738.7","750.4","752.9","775.8","768.2","772.2","742.2","768.0","791.1","781.9","784.5","782.1","790.2","793.7","798.5","803.6","808.3","797.1","782.1","788.3","806.4","809.6","812.0","819.9","806.8","803.6","797.4","821.0","809.4","821.5","802.9","796.7","842.6","836.3","838.3","828.0","828.5","837.3","842.4","829.7","827.1","831.2","802.2","801.4","816.2","831.7","831.9","842.4","837.8","852.7","859.8","879.9","887.7","889.1","863.3","861.1","890.3","891.9","886.0","881.9","883.5","887.3","881.9","883.5","885.8","895.6","875.8","878.9","901.0","915.5","926.7","930.8","914.0","915.6","898.2","898.9","908.8","907.8","887.1","888.5","923.0","927.5","928.2","905.7","888.1","887.8","891.7","910.3","915.8","932.2","905.2","901.3","931.4","946.4","935.4","928.3","918.3","928.5","876.6","805.7","820.1","857.3","857.0","875.5","905.4","918.1","935.6","930.1","907.6","910.5","927.4","903.6","883.8","880.7","863.8","867.1","893.0","887.4","911.0","904.1","897.1","906.6","893.2","901.6","895.8","879.9","856.4","842.7","887.0","897.7","896.3","894.2","876.6","891.4","894.2","902.1","896.6","893.6","867.4","864.2","896.7","894.2","897.2","896.7","889.9","882.9","876.5","873.3","891.3","891.0","842.2","839.9","876.3","867.6","853.8","859.8","857.5","856.5","848.3","853.4","865.2","874.5","817.5","829.4","850.4","863.5","857.0","851.1","855.3","854.7","851.7"
,"60 to 64 years","107.0","101.4","102.5","103.3","104.2","102.9","104.0","111.0","113.2","114.9","115.5","117.2","117.4","110.7","106.3","110.1","108.4","105.8","104.5","107.3","109.8","108.8","106.6","103.9","102.9","100.8","103.2","104.1","106.8","108.1","105.8","110.1","108.0","112.0","113.7","115.2","117.7","122.6","123.4","121.8","121.4","121.8","119.2","109.3","119.9","120.7","119.5","117.6","120.8","118.1","117.4","122.8","123.4","121.2","116.3","111.4","116.1","118.7","115.6","114.8","112.5","115.8","121.5","120.6","123.6","121.6","122.8","124.9","129.4","129.8","130.3","127.5","122.6","124.7","119.4","120.9","124.1","119.7","117.7","119.5","126.0","127.1","128.2","128.1","126.3","124.2","127.0","127.8","127.1","126.5","124.5","129.3","135.4","144.3","140.7","139.4","139.0","136.5","140.0","135.3","134.5","129.1","127.9","128.8","135.1","139.6","138.4","136.1","138.8","137.6","135.7","136.2","135.1","133.4","128.7","127.3","123.3","126.4","127.3","130.8","125.2","131.5","132.9","133.0","141.3","135.5","134.7","123.2","122.1","124.3","124.7","131.6","126.9","130.2","132.4","139.5","144.0","130.1","131.6","132.2","139.4","142.3","134.5","142.5","140.4","144.6","138.2","137.1","137.5","138.1","134.1","131.1","141.3","137.0","134.3","128.4","125.7","123.2","123.3","122.9","120.3","128.6","121.2","121.3","129.7","134.1","134.3","136.5","139.4","131.3","134.6","135.2","136.4","136.7","135.2","141.9","140.9","142.4","137.4","145.7","134.5","138.2","137.2","133.7","128.7","132.7","128.1","126.5","134.2","137.2","136.2","131.3","129.5","127.4","122.3","124.8","128.7","125.4","122.8","133.2","136.1","136.7","136.3","134.0","133.0","132.1","136.0","141.3","137.3","130.3","127.8","127.9","130.7","135.4","139.6","135.8","137.6","135.3","140.8","143.1","137.5","144.0","141.8","141.6","141.7","137.4","133.3","135.0","138.1","135.7","133.8","127.4","131.8","132.6","128.5","127.1","137.1","139.2","129.4","128.4","127.8","132.4","133.0","128.8","136.5","138.5","130.9","129.2","125.0","124.1","124.6","126.5","125.9","134.2","142.5","138.8","144.6","141.8","136.6","137.3","129.9","131.4","134.1","136.2","127.0","139.5","142.3","142.3","143.5","145.5","146.5","142.8","149.8","148.4","150.2","154.2","145.9","154.6","152.1","158.1","152.8","149.5","150.2","147.6","150.9","147.9","149.0","164.0","158.9","158.2","155.5","159.1","162.4","155.2","155.3","160.3","155.0","168.2","172.0","172.1","170.9","166.4","169.7","164.2","157.7","157.3","158.8","164.0","169.3","171.0","174.5","184.7","183.4","179.5","181.1","179.1","177.5","181.7","181.1","198.9","205.1","212.9","209.7","216.8","217.4","217.5","209.9","205.7","198.9","201.9","197.3","204.0","216.1","224.8","241.9","241.9","241.5","236.6","233.2","232.6","232.6","223.6","218.2","223.6","240.8","255.6","266.1","262.5","252.2","254.0","258.3","264.4","255.4","248.3","236.1","243.3","257.1","259.2","259.3","255.9","252.8","267.7","263.9","264.9","277.8","278.3","274.9","266.1","284.0","278.7","282.9","286.0","292.5","295.4","306.0","306.9","315.4","318.1","304.0","317.8","331.7","328.3","330.9","327.2","333.5","338.2","348.4","349.2","345.2","345.1","332.7","322.0","338.1","345.1","346.7","338.5","345.7","358.6","373.0","378.8","387.2","384.3","379.0","367.6","378.4","397.5","399.1","391.4","382.8","389.7","387.4","374.9","384.2","394.7","387.1","383.9","407.5","420.2","425.7","415.7","417.0","419.0","405.3","413.9","412.1","402.8","385.1","380.1","398.0","406.4","408.9","419.3","414.8","426.2","440.6","430.4","431.5","423.5","404.8","407.1","416.3","422.5","423.1","427.5","428.5","444.9","441.1","447.7","460.7","447.9","428.1","438.8","461.8","461.4","463.9","467.7","471.7","475.0","476.4","482.6","487.0","488.7","458.6","454.4","456.2","455.5","453.3","460.2","461.2","475.0","493.7","491.6","501.1","496.5","472.0","485.2","510.8","514.1","513.3","503.5","508.0","504.8","502.0","494.9","502.5","498.0","471.0","488.4","522.1","529.9","515.8","516.2","511.6","515.5","514.4","522.2","524.1","538.2","514.5","532.3","550.3","550.9","560.7","574.2","558.3","557.8","558.7","566.3","564.2","567.4","554.5","558.0","585.2","594.1","594.1","596.9","570.0","565.4","573.1","582.5","575.4","588.1","570.4","582.9","610.1","615.1","620.9","614.1","603.8","602.6","561.7","501.8","504.9","533.6","533.6","544.2","573.0","591.2","583.4","578.3","572.2","590.3","602.2","609.6","621.2","640.3","604.1","613.5","639.3","632.8","621.4","618.3","596.7","615.7","630.9","624.1","635.6","639.7","615.1","620.3","653.3","656.0","648.2","643.3","651.0","682.6","671.8","675.0","685.5","682.7","668.0","622.7","645.2","653.5","655.0","649.0","643.9","658.2","669.6","667.4","675.4","665.5","623.0","631.3","663.9","680.1","666.7","668.0","670.3","663.5","675.7","672.6","670.6","664.4","628.7","625.1","647.7","649.0","647.9","673.4","671.7","673.2","672.7"
,"65 years and over","43.8","48.1","51.3","47.6","43.2","40.9","37.8","39.4","40.4","41.0","42.3","39.8","41.1","44.2","41.6","39.9","43.9","41.5","43.8","44.3","42.1","41.8","42.5","41.6","44.0","45.6","45.2","45.6","45.6","46.9","42.9","43.0","43.7","42.7","39.6","40.5","42.7","40.4","41.7","41.5","42.9","44.9","44.8","47.7","47.8","46.1","43.0","46.6","44.8","45.3","47.5","47.5","47.3","46.6","41.6","41.6","43.7","43.7","50.4","50.0","49.6","49.9","49.6","50.3","50.2","49.7","45.2","44.7","50.0","49.8","50.1","49.1","45.0","43.6","47.2","49.2","50.0","48.8","48.6","51.5","50.7","53.5","52.4","50.5","51.0","52.5","50.6","49.5","48.3","44.7","38.3","44.0","47.2","47.0","45.6","48.8","46.6","48.9","49.0","52.3","52.6","50.1","51.7","54.2","57.3","52.1","53.3","52.6","49.1","50.7","50.1","52.4","51.8","53.6","52.8","51.3","55.6","60.1","60.7","57.8","52.8","54.4","50.9","49.6","48.4","47.4","40.5","42.5","42.4","48.0","48.0","46.1","45.9","42.3","41.8","40.0","44.5","48.9","50.3","53.4","51.5","55.0","51.5","48.9","52.0","52.1","55.1","58.1","51.5","54.7","51.1","49.0","54.1","51.0","54.8","58.6","62.6","67.8","66.6","65.8","72.7","67.4","64.3","59.7","49.3","48.7","52.7","55.5","59.6","60.7","61.4","60.6","57.2","56.5","52.5","56.0","58.5","56.5","61.5","59.4","59.7","58.2","58.3","58.0","57.4","56.0","50.5","51.5","49.1","50.3","53.1","57.3","58.0","59.3","59.4","59.7","56.3","52.1","53.7","53.1","54.1","57.4","56.3","55.0","58.0","55.9","61.6","61.4","61.9","57.5","59.6","56.0","60.8","61.6","61.3","62.1","57.4","63.1","60.9","60.5","59.1","59.3","58.3","57.0","56.3","53.9","58.5","56.5","52.8","57.7","56.4","57.4","58.5","57.3","61.8","58.6","57.5","61.9","60.4","65.2","61.2","63.2","62.0","62.4","62.7","57.8","56.6","55.1","58.4","63.8","65.0","62.8","62.1","66.2","64.6","62.6","75.2","74.3","68.7","63.3","70.6","66.3","65.2","64.9","58.0","59.6","56.9","62.1","67.2","69.8","67.5","71.3","76.5","72.3","71.0","71.0","66.5","73.3","67.9","67.1","72.5","69.7","66.8","60.5","61.2","64.2","58.1","60.9","61.7","62.5","64.9","69.5","65.2","69.8","64.2","60.6","64.3","59.0","64.7","66.9","61.1","59.5","57.2","57.4","61.4","61.5","62.3","72.3","79.2","79.5","75.0","74.0","75.6","74.3","78.4","74.3","75.4","75.4","68.1","69.3","74.8","77.6","82.0","84.3","84.4","88.4","86.6","86.6","84.1","88.1","78.9","80.4","88.9","92.1","93.0","93.0","94.0","95.1","89.2","88.6","85.7","85.9","92.7","88.9","88.6","96.0","102.6","103.5","90.6","98.7","101.5","105.4","104.0","103.3","106.8","106.7","108.1","108.9","109.9","109.1","105.0","109.6","117.0","110.5","106.3","106.7","108.8","105.3","109.0","107.1","113.4","107.9","112.9","114.3","116.0","116.2","109.6","114.3","111.3","112.2","120.2","126.2","135.9","133.2","137.7","148.1","149.0","146.1","152.9","150.9","147.4","141.8","147.0","156.7","143.9","149.0","137.5","144.8","141.0","145.0","153.1","155.3","150.4","150.8","156.1","158.9","155.4","163.1","159.9","161.6","166.6","169.0","170.2","170.3","165.7","174.1","180.5","180.9","174.6","175.5","183.7","182.8","182.9","187.8","184.6","185.9","184.9","177.3","188.8","190.6","198.5","193.7","207.1","204.6","203.1","200.7","203.3","217.1","197.2","200.0","206.7","218.7","228.5","216.9","225.8","221.0","228.1","230.8","228.4","236.7","214.4","219.9","231.3","237.3","235.0","239.0","244.4","249.1","250.9","248.7","248.2","258.5","242.6","233.3","243.4","246.4","241.1","243.2","257.5","252.0","247.0","252.5","248.0","245.3","239.2","248.4","265.8","279.6","277.6","277.7","271.0","276.4","270.5","262.7","263.2","281.8","277.2","276.5","299.5","293.7","290.7","295.4","283.7","276.6","280.3","275.5","286.4","292.4","297.6","297.7","312.2","305.0","310.5","313.3","323.7","315.9","305.1","312.7","317.7","316.3","304.3","291.6","311.6","318.9","322.8","337.3","351.2","361.9","359.2","347.8","357.0","334.9","317.4","334.1","348.4","354.2","336.4","343.4","345.1","344.6","316.0","293.5","293.4","302.8","287.1","291.2","306.0","316.3","328.1","316.4","313.7","324.5","342.5","334.9","337.6","344.0","328.9","321.4","324.7","327.0","331.0","341.8","342.4","369.4","380.5","395.4","398.4","404.4","380.8","382.2","389.0","395.4","391.7","388.3","391.1","399.6","399.7","408.0","412.7","407.4","390.8","402.2","418.5","417.6","430.0","428.7","431.4","428.5","432.2","433.4","432.6","441.2","427.0","420.9","433.4","423.7","439.2","451.5","432.8","445.7","456.3","486.0","481.2","475.6","457.8","462.4","455.1","453.5","462.0","462.1","460.9","475.1","462.5"
,"65 to 69 years","27.7","29.2","31.4","33.9","28.4","28.0","26.8","26.5","28.7","28.9","28.6","27.6","28.2","32.2","28.8","27.5","31.3","28.9","30.4","31.4","30.5","31.1","31.1","29.1","31.1","31.1","30.7","30.4","28.9","30.9","27.3","25.7","25.5","25.7","23.7","23.9","25.2","27.9","28.7","27.8","30.3","32.1","33.9","35.7","35.8","34.8","32.2","35.0","33.2","33.5","35.8","36.2","35.2","33.0","29.7","28.2","30.1","30.1","31.6","32.0","32.5","32.1","31.6","30.6","31.5","29.9","28.4","29.2","31.5","32.5","33.2","34.0","31.2","32.2","34.5","35.5","34.8","32.9","32.7","33.7","33.1","35.6","36.3","33.3","33.7","34.6","33.2","30.0","28.8","26.4","21.5","23.8","26.3","27.6","26.3","30.0","28.8","30.0","30.9","32.0","33.5","31.5","32.5","34.1","35.6","31.7","31.3","31.0","28.4","29.9","29.8","32.8","33.3","36.7","34.2","35.0","39.3","42.5","43.4","40.1","35.5","37.0","33.9","34.7","34.5","34.0","30.4","27.9","28.7","31.5","31.8","31.5","30.9","30.9","29.5","25.6","29.1","33.2","35.9","38.4","34.2","37.3","32.6","30.5","31.6","31.8","35.9","37.2","35.0","35.0","34.3","32.4","34.3","34.0","39.3","40.3","38.2","41.7","42.5","41.5","45.9","42.4","41.0","41.4","35.1","31.9","34.1","37.5","38.1","37.0","39.2","39.7","35.2","36.0","33.9","38.3","40.2","37.3","42.1","40.1","40.0","38.0","38.8","40.4","38.8","37.6","31.7","34.0","32.7","31.7","34.5","38.2","40.0","44.0","42.9","43.8","42.0","37.5","38.7","36.7","37.4","40.8","38.3","37.2","38.5","35.4","40.7","39.1","40.4","38.9","41.1","37.1","43.2","41.7","42.0","41.4","34.3","39.8","39.0","42.6","41.9","41.2","38.8","37.1","37.3","36.3","40.6","39.8","36.7","38.6","36.5","35.9","36.5","36.7","39.3","37.8","39.9","44.0","42.3","46.1","41.0","40.7","38.1","40.6","39.9","37.1","35.9","35.3","38.6","42.2","43.2","39.5","38.7","42.4","40.4","40.4","48.5","47.5","44.0","40.0","47.9","45.8","44.1","44.5","37.7","39.1","36.0","39.8","41.5","43.3","42.1","43.1","46.0","43.6","43.6","41.8","39.5","44.8","43.9","44.2","46.8","44.6","42.0","36.6","38.0","38.5","32.5","34.2","34.5","35.1","39.0","41.2","39.1","43.8","40.1","40.5","44.3","40.0","42.1","40.1","38.1","37.0","36.8","36.7","37.1","38.9","38.9","45.0","51.9","51.3","49.9","49.4","47.3","48.3","50.0","49.9","50.9","49.9","43.1","43.6","48.6","49.6","52.3","55.5","56.7","58.4","54.8","57.4","57.5","61.6","52.5","50.5","61.2","62.9","62.5","63.1","61.2","65.6","61.8","61.1","60.1","60.6","63.6","58.9","60.8","66.5","67.9","68.3","59.6","67.0","69.6","73.6","70.4","70.0","73.7","70.6","71.6","72.4","72.8","73.7","73.5","74.7","80.8","77.4","72.0","71.8","73.7","72.4","75.2","73.8","79.4","76.7","74.8","74.2","78.1","79.0","73.8","79.3","77.2","80.2","83.4","86.0","92.0","91.5","92.9","106.2","106.9","103.8","108.6","103.8","98.1","91.0","96.5","106.8","95.0","100.4","92.1","98.0","96.2","100.4","109.9","111.2","106.6","108.9","110.1","111.3","109.3","116.9","110.8","110.4","117.8","118.2","121.1","122.6","117.1","123.8","127.5","128.9","118.8","121.5","130.2","126.5","129.1","131.1","126.9","128.1","122.0","121.0","134.0","130.8","135.3","132.0","143.4","139.9","136.1","135.7","140.1","148.8","136.0","137.8","142.4","151.7","155.2","148.5","155.3","151.4","158.3","158.5","154.9","167.0","146.3","150.3","165.0","174.2","169.9","176.1","176.6","184.6","178.4","173.4","173.4","177.5","162.6","152.7","163.0","167.7","164.8","168.7","178.4","169.1","167.7","170.5","171.0","168.3","159.5","171.5","187.0","195.7","196.9","192.5","186.5","192.8","183.3","182.3","180.4","192.3","179.6","178.4","197.5","194.2","191.7","195.0","190.3","180.0","188.6","186.8","190.9","194.9","196.3","202.3","205.3","196.6","202.4","204.0","207.9","197.1","196.0","203.4","207.5","210.9","204.3","193.8","202.0","209.9","208.4","219.5","230.7","241.5","242.0","237.4","246.2","228.7","214.9","225.6","241.5","240.3","227.6","234.3","235.4","234.9","203.9","183.5","186.9","191.6","181.9","182.9","201.7","209.2","221.8","210.5","203.3","214.7","228.9","233.6","230.3","237.3","225.3","223.0","232.0","229.8","229.2","237.8","233.7","253.6","260.0","273.5","273.8","275.6","254.8","250.6","258.1","260.6","256.0","248.2","249.9","262.0","258.4","266.7","272.1","274.6","256.3","252.4","272.4","271.0","277.7","266.6","270.8","275.8","277.2","286.3","288.3","288.7","269.9","271.4","283.3","283.3","290.5","294.7","279.6","289.1","296.6","309.7","309.8","308.6","292.0","299.3","293.3","298.7","307.8","311.7","306.2","316.4","312.7"
,"70 years and over","16.1","18.8","20.0","13.7","14.8","12.9","11.1","12.8","11.8","12.1","13.8","12.2","12.9","12.0","12.7","12.4","12.6","12.6","13.4","12.9","11.5","10.7","11.4","12.6","13.0","14.5","14.5","15.2","16.8","16.0","15.6","17.2","18.2","17.0","15.9","16.6","17.4","12.4","12.9","13.7","12.5","12.8","10.9","12.0","12.0","11.3","10.8","11.6","11.6","11.7","11.7","11.2","12.1","13.6","11.9","13.4","13.6","13.6","18.8","17.9","17.1","17.8","18.0","19.8","18.6","19.9","16.7","15.5","18.6","17.2","16.9","15.1","13.8","11.4","12.6","13.7","15.2","15.9","15.9","17.8","17.6","17.9","16.1","17.2","17.3","17.8","17.4","19.5","19.5","18.3","16.8","20.2","20.9","19.4","19.4","18.8","17.7","18.9","18.1","20.2","19.1","18.6","19.2","20.0","21.7","20.4","22.0","21.6","20.7","20.8","20.3","19.6","18.5","16.9","18.5","16.3","16.3","17.5","17.2","17.7","17.3","17.4","16.9","15.0","13.8","13.4","10.0","14.7","13.7","16.5","16.1","14.6","15.1","11.4","12.3","14.4","15.4","15.6","14.5","15.0","17.3","17.7","18.8","18.4","20.3","20.3","19.1","20.9","16.4","19.7","16.8","16.6","19.8","17.0","15.5","18.2","24.4","26.1","24.1","24.3","26.9","25.1","23.3","18.2","14.2","16.8","18.6","18.0","21.5","23.7","22.2","20.9","22.0","20.4","18.6","17.7","18.3","19.1","19.4","19.3","19.7","20.2","19.5","17.6","18.6","18.4","18.8","17.5","16.4","18.6","18.7","19.1","18.0","15.3","16.5","15.9","14.3","14.6","15.0","16.4","16.8","16.6","17.9","17.8","19.5","20.5","20.9","22.3","21.5","18.7","18.5","19.0","17.6","20.0","19.2","20.7","23.0","23.3","21.8","17.9","17.2","18.1","19.4","19.9","19.0","17.6","17.9","16.7","16.1","19.1","19.8","21.5","22.0","20.6","22.5","20.8","17.6","17.9","18.1","19.1","20.1","22.5","24.0","21.8","22.7","20.7","20.7","19.7","19.7","21.6","21.8","23.4","23.3","23.8","24.2","22.3","26.7","26.8","24.7","23.3","22.7","20.5","21.1","20.4","20.3","20.5","20.9","22.3","25.7","26.5","25.4","28.2","30.5","28.8","27.4","29.2","27.0","28.5","24.0","22.9","25.7","25.1","24.9","23.8","23.1","25.8","25.5","26.8","27.2","27.4","25.9","28.3","26.1","26.0","24.1","20.0","20.0","19.0","22.6","26.9","22.9","22.5","20.4","20.7","24.3","22.6","23.4","27.3","27.3","28.2","25.1","24.5","28.3","26.0","28.5","24.5","24.5","25.6","25.0","25.7","26.2","28.0","29.7","28.8","27.7","30.1","31.8","29.2","26.6","26.5","26.4","29.9","27.7","29.2","30.5","29.9","32.8","29.4","27.5","27.5","25.6","25.4","29.1","30.0","27.7","29.4","34.7","35.2","31.0","31.7","32.0","31.8","33.5","33.3","33.1","36.0","36.5","36.5","37.1","35.4","31.4","34.9","36.1","33.1","34.4","34.9","35.1","33.0","33.7","33.3","34.0","31.2","38.1","40.1","37.9","37.1","35.9","35.0","34.1","32.0","36.9","40.2","43.8","41.7","44.8","41.9","42.1","42.3","44.2","47.1","49.4","50.8","50.5","49.9","48.9","48.5","45.4","46.8","44.9","44.6","43.2","44.1","43.8","41.9","46.1","47.6","46.1","46.2","49.0","51.2","48.8","50.9","49.1","47.7","48.6","50.2","53.0","52.0","55.9","54.0","53.5","56.3","53.8","56.7","57.7","57.8","62.9","56.3","54.8","59.7","63.2","61.7","63.7","64.7","67.0","65.0","63.2","68.3","61.2","62.2","64.3","67.0","73.3","68.4","70.4","69.6","69.8","72.3","73.5","69.7","68.1","69.6","66.3","63.1","65.1","62.9","67.8","64.5","72.5","75.3","74.8","81.0","80.0","80.7","80.4","78.8","76.2","74.5","79.1","83.0","79.2","82.0","77.0","77.0","79.7","77.0","78.9","83.9","80.7","85.2","84.5","83.6","87.2","80.5","82.8","89.5","97.6","98.2","102.0","99.5","99.0","100.5","93.5","96.6","91.7","88.7","95.5","97.6","101.3","95.4","106.9","108.4","108.0","109.2","115.7","118.9","109.1","109.3","110.2","105.4","100.1","97.8","109.6","109.0","114.3","117.8","120.5","120.4","117.2","110.4","110.8","106.1","102.5","108.5","106.9","113.9","108.7","109.1","109.7","109.6","112.1","109.9","106.5","111.2","105.2","108.3","104.3","107.1","106.3","105.9","110.4","109.8","113.5","101.4","107.3","106.7","103.6","98.3","92.8","97.2","101.8","104.0","108.6","115.7","120.5","121.8","124.5","128.8","126.0","131.6","130.9","134.8","135.7","140.1","141.2","137.5","141.3","141.3","140.7","132.8","134.5","149.9","146.1","146.6","152.3","162.1","160.6","152.7","155.0","147.1","144.4","152.5","157.1","149.5","150.1","140.4","148.7","156.8","153.1","156.6","159.7","176.3","171.4","166.9","165.8","163.1","161.8","154.8","154.2","150.4","154.7","158.7","149.8"




Footnotes:
1,"To ensure respondent confidentiality, estimates below a certain threshold are suppressed. For Canada, Quebec, Ontario, Alberta and British Columbia suppression is applied to all data below 1,500. The threshold level for Newfoundland and Labrador, Nova Scotia, New Brunswick, Manitoba and Saskatchewan is 500, while in Prince Edward Island, estimates under 200 are suppressed. For census metropolitan areas (CMAs) and economic regions (ERs), use their respective provincial suppression levels mentioned above. Estimates are based on smaller sample sizes the more detailed the table becomes, which could result in lower data quality."
2,"Starting in 2006, enhancements to the Labour Force Survey data processing system may have introduced a level shift in some estimates, particularly for less common labour force characteristics. Use caution when comparing estimates before and after 2006. For more information, contact statcan.labour-travail.statcan@statcan.gc.ca"
3,"Excluding the territories."
4,"Number of persons who, during the reference week, worked for pay or profit, or performed unpaid family work or had a job but were not at work due to own illness or disability, personal or family responsibilities, labour dispute, vacation, or other reason. Those persons on layoff and persons without work but who had a job to start at a definite date in the future are not considered employed. Estimates in thousands, rounded to the nearest hundred."
5,"Gender refers to an individual's personal and social identity as a man, woman or non-binary person (a person who is not exclusively a man or a woman). Some people may not identify with a specific gender and a person's gender may change over time. Gender includes the following concepts: gender identity, which refers to the gender that a person feels internally and individually; gender expression, which refers to the way a person presents their gender, regardless of their gender identity, through body language, aesthetic choices or accessories (for example, clothes, hairstyle and makeup), which may have traditionally been associated with a specific gender. A person's gender may differ from their sex at birth, and from what is indicated on their current identification or legal documents such as their birth certificate, passport or driver's license. LFS started collecting gender of person in 2022. Prior to 2022, LFS only collected information on sex of person (male or female), as declared by the respondent or recorded by the interviewer. The sex variable prior to 2022 and the two-category gender variable since 2022 are combined in this table. Although sex and gender refer to two different concepts, the introduction of gender is not expected to have a significant impact on data analysis and historical comparability, given the small size of the transgender and non-binary populations."
6,"Given that the non-binary population is small, data aggregation to a two-category gender variable is necessary to protect the confidentiality of responses provided. Individuals in the category "non-binary persons" are distributed into the other two gender categories and are denoted by the "+" symbol. The category "Men+" includes men, as well as some non-binary persons, while the category "Women+" includes women, as well as some non-binary persons."



"How to cite: Statistics Canada. Table 14-10-0017-01  Labour force characteristics by gender and detailed age group, monthly, unadjusted for seasonality (x 1,000)"
https://www150.statcan.gc.ca/t1/tbl1/en/tv.action?pid=1410001701